account_id,attention_priority,value_tier,gmv_total_6m,action_segment,primary_nba,nba_reason_code,execution_status,action_state,owner_role,named_owner_required,notify_am_before_send,playbook_id,recommended_channel,first_action,follow_up_days,success_condition,stop_condition,escalation_condition,guardrail_codes,draft_status,message_template_id,draft_customer_message,internal_task_brief,secondary_test,secondary_test_arm,secondary_test_draft,nurture_subcontext,recent_activity_status,lifecycle_context,rising_tail_watchlist,phase1_rollout_status,buyer_cadence,migration_progress_status,next_rerun_behaviour,change_type,change_flags,generated_action
ACC-001,P2,Key,170132,1. Migration Candidate,Guided Self-Serve Migration,MIGRATION_KEY_SIGNOFF,Human Sign-Off Required,Awaiting Sign-Off,Portfolio Lead + Account Manager,False,False,PB03_GUIDED_MIGRATION,AM call + in-app walkthrough; automated milestone tracking,Portfolio Lead + AM sign-off decision on a gradual self-serve shift.,15,"Day 90: Self-Serve Capability Demonstrated (>=25 PDP views, >=6 app days, self-serve share above baseline) with GMV guardrail held.",GMV guardrail breached (At Risk) -> restore high-touch support; no behaviour change at day 90 -> reassess suitability.,At Risk at day 45; any Key account change; customer pushback on the change.,KEY_SIGNOFF; BORDERLINE_MOMENTUM; FEB_SENSITIVE,Withheld until sign-off is recorded,,,"WHY NOW: Key broker-reliant account with healthy spend; downside risk too large for automated initiation.
WHAT WE KNOW:
- Key, Broker-Reliant, Account Managed; £170,132 6m GMV; Retailer, United Kingdom; tenure 26 months.
- Momentum: Stable (Sep-Nov £93,545 -> Dec-Feb £76,587); Recently Active (last GMV month: February); 46 orders over 6 month(s).
- Dependency: High (broker reliance 69%; 32 AM-placed / 14 self-serve orders).
- Engagement: 2 product views, 3 app days, 0 offer(s), 139 Fleek chats, 3 video requests; basket Mixed.
- Warnings: KEY_SIGNOFF; BORDERLINE_MOMENTUM; FEB_SENSITIVE.
WHAT TO DO: Portfolio Lead and AM decide whether a gradual self-serve shift is appropriate. Record approve / decline and conditions.
WHAT NOT TO DO: No migration communication before sign-off.
SUCCESS: Day 90: Self-Serve Capability Demonstrated (>=25 PDP views, >=6 app days, self-serve share above baseline) with GMV guardrail held.",,,,,Recently Active,Existing Customer,False,Not Eligible,Regular,Baseline,"Enter 90-day monitoring inputs; migration_progress_status updates (Baseline/Progressing/Capability/At Risk). Day-90 outcomes: Capability Demonstrated, Progressing - Extend, At Risk - Restore support, No Change - Reassess.",BASELINE,BASELINE,0fcb61d89d13
ACC-002,P1,Key,70650,3. Win-Back / Verify,Verify Demand / Win-Back,LAPSED_THIN_HISTORY,Ready — Human,Draft Ready,Account Manager,False,False,PB02_VERIFY_WINBACK,"Personal email from AM, then call","Send cadence check-in (verify, don't assume churn).",14,"Cadence recorded and account reclassified, or a new order within 90 days (60 days for recent-inactivity checks).",Customer confirms infrequent/seasonal buying (set a reminder for their window) or confirms churn (log reason).,Key account with no response after 2 attempts -> Portfolio Lead.,MATERIAL_BROKER_INCONSISTENCY; LOW_CONFIDENCE,Draft ready (not sent),VERIFY_CADENCE,"Hi {first_name},

Thanks for your previous orders with Fleek. I wanted to check how you usually plan your stock buying (seasonal, project by project, or ongoing) so we can get in touch at the right moments rather than too often. Happy to talk on a quick call, or just reply here with what works for you.

Best,
{sender_name}","WHY NOW: Apparent lapse rests on 1-2 orders or one buying month; cadence is unknown.
WHAT WE KNOW:
- Key, Broker-Reliant, Account Managed; £70,650 6m GMV; Reseller, United States; tenure 10 months.
- Momentum: Lapsed; No Meaningful History (last GMV month: October); 2 orders over 2 month(s).
- Dependency: High (broker reliance 70%; 1 AM-placed / 1 self-serve orders).
- Engagement: 6 product views, 2 app days, 2 offer(s), 12 Fleek chats, 0 video requests; basket Handpick-only.
- Warnings: MATERIAL_BROKER_INCONSISTENCY; LOW_CONFIDENCE.
WHAT TO DO: Do not assume churn. Verify expected purchase frequency first, then set the next contact window.
WHAT NOT TO DO: Do not treat as churn or run a discount-led win-back.
SUCCESS: Cadence recorded and account reclassified, or a new order within 90 days (60 days for recent-inactivity checks).",,,,,No Meaningful History,Existing Customer,False,Not Eligible,Lumpy,N/A,"If an order appears, the account re-segments automatically; if confirmed seasonal, suppress re-contact until the stated window.",BASELINE,BASELINE,ad531f2937d6
ACC-003,P2,Key,41039,1. Migration Candidate,Guided Self-Serve Migration,MIGRATION_KEY_SIGNOFF,Human Sign-Off Required,Awaiting Sign-Off,Portfolio Lead + Account Manager,False,False,PB03_GUIDED_MIGRATION,AM call + in-app walkthrough; automated milestone tracking,Portfolio Lead + AM sign-off decision on a gradual self-serve shift.,15,"Day 90: Self-Serve Capability Demonstrated (>=25 PDP views, >=6 app days, self-serve share above baseline) with GMV guardrail held.",GMV guardrail breached (At Risk) -> restore high-touch support; no behaviour change at day 90 -> reassess suitability.,At Risk at day 45; any Key account change; customer pushback on the change.,KEY_SIGNOFF; BORDERLINE_MOMENTUM; FEB_SENSITIVE,Withheld until sign-off is recorded,,,"WHY NOW: Key broker-reliant account with healthy spend; downside risk too large for automated initiation.
WHAT WE KNOW:
- Key, Broker-Reliant, Account Managed; £41,039 6m GMV; Reseller, Germany; tenure 16 months.
- Momentum: Stable (Sep-Nov £22,792 -> Dec-Feb £18,249); Recently Active (last GMV month: February); 36 orders over 6 month(s).
- Dependency: High (broker reliance 74%; 27 AM-placed / 9 self-serve orders).
- Engagement: 5 product views, 1 app days, 2 offer(s), 129 Fleek chats, 18 video requests; basket Mixed.
- Warnings: KEY_SIGNOFF; BORDERLINE_MOMENTUM; FEB_SENSITIVE.
WHAT TO DO: Portfolio Lead and AM decide whether a gradual self-serve shift is appropriate. Record approve / decline and conditions.
WHAT NOT TO DO: No migration communication before sign-off.
SUCCESS: Day 90: Self-Serve Capability Demonstrated (>=25 PDP views, >=6 app days, self-serve share above baseline) with GMV guardrail held.",,,,,Recently Active,Existing Customer,False,Not Eligible,Regular,Baseline,"Enter 90-day monitoring inputs; migration_progress_status updates (Baseline/Progressing/Capability/At Risk). Day-90 outcomes: Capability Demonstrated, Progressing - Extend, At Risk - Restore support, No Change - Reassess.",BASELINE,BASELINE,540a58c7127b
ACC-004,P2,Key,27099,1. Migration Candidate,Guided Self-Serve Migration,MIGRATION_KEY_SIGNOFF,Human Sign-Off Required,Awaiting Sign-Off,Portfolio Lead + Account Manager,False,False,PB03_GUIDED_MIGRATION,AM call + in-app walkthrough; automated milestone tracking,Portfolio Lead + AM sign-off decision on a gradual self-serve shift.,15,"Day 90: Self-Serve Capability Demonstrated (>=25 PDP views, >=6 app days, self-serve share above baseline) with GMV guardrail held.",GMV guardrail breached (At Risk) -> restore high-touch support; no behaviour change at day 90 -> reassess suitability.,At Risk at day 45; any Key account change; customer pushback on the change.,KEY_SIGNOFF; BORDERLINE_MOMENTUM,Withheld until sign-off is recorded,,,"WHY NOW: Key broker-reliant account with healthy spend; downside risk too large for automated initiation.
WHAT WE KNOW:
- Key, Broker-Reliant, Account Managed; £27,099 6m GMV; Reseller, Australia; tenure 22 months.
- Momentum: Stable (Sep-Nov £14,705 -> Dec-Feb £12,395); Recently Active (last GMV month: February); 19 orders over 6 month(s).
- Dependency: High (broker reliance 62%; 12 AM-placed / 7 self-serve orders).
- Engagement: 3 product views, 8 app days, 2 offer(s), 20 Fleek chats, 1 video requests; basket Handpick-only.
- Warnings: KEY_SIGNOFF; BORDERLINE_MOMENTUM.
WHAT TO DO: Portfolio Lead and AM decide whether a gradual self-serve shift is appropriate. Record approve / decline and conditions.
WHAT NOT TO DO: No migration communication before sign-off.
SUCCESS: Day 90: Self-Serve Capability Demonstrated (>=25 PDP views, >=6 app days, self-serve share above baseline) with GMV guardrail held.",,,,,Recently Active,Existing Customer,False,Not Eligible,Regular,Baseline,"Enter 90-day monitoring inputs; migration_progress_status updates (Baseline/Progressing/Capability/At Risk). Day-90 outcomes: Capability Demonstrated, Progressing - Extend, At Risk - Restore support, No Change - Reassess.",BASELINE,BASELINE,08d49164fd60
ACC-005,P0,Key,24555,2. Protect / Retain First,Retention Conversation,DECLINING_KEY_CORE,HOLD — Critical Data Issue,On Hold,Portfolio Lead,False,False,PB01_RETENTION,"Personal email from AM, then call",Portfolio Lead resolves the Duplicate status; no contact until cleared.,7,"Root cause logged and next-90-day GMV back to at least the Sep-Nov (H1) level, or the decline arrested.","Customer confirms a planned pause/seasonal gap (log cadence), or no response after 2 attempts (escalate).","No response after 2 attempts, or Key account with further decline -> Portfolio Lead.",CRITICAL_DATA_BLOCKER,Withheld: account on HOLD (critical data issue),,,"WHY NOW: Commercially important, broker-led spend is falling.
WHAT WE KNOW:
- Key, Broker-Reliant, Account Managed; £24,555 6m GMV; Retailer, United Kingdom; tenure 41 months.
- Momentum: Declining (Sep-Nov £17,529 -> Dec-Feb £7,025); Recently Active (last GMV month: February); 14 orders over 5 month(s).
- Dependency: Medium (broker reliance 50%; 7 AM-placed / 7 self-serve orders).
- Engagement: 10 product views, 8 app days, 1 offer(s), 100 Fleek chats, 0 video requests; basket Mixed.
- Warnings: CRITICAL_DATA_BLOCKER.
WHAT TO DO: Resolve the Duplicate status (find/merge the matching record, confirm GMV is not double-counted) before any contact. Underlying action once cleared: Retention Conversation.
WHAT NOT TO DO: No outbound communication while on HOLD.
SUCCESS: Root cause logged and next-90-day GMV back to at least the Sep-Nov (H1) level, or the decline arrested.",,,,,Recently Active,Existing Customer,False,Not Eligible,Regular,N/A,"Stay in playbook while momentum is Declining; exit when momentum is Stable/Growing for a full run; if the account lapses, NBA moves to Verify/Win-Back.",BASELINE,BASELINE,5b28ca9bd14c
ACC-006,P2,Key,23205,1. Migration Candidate,Guided Self-Serve Migration,MIGRATION_KEY_SIGNOFF,Human Sign-Off Required,Awaiting Sign-Off,Portfolio Lead + Account Manager,False,False,PB03_GUIDED_MIGRATION,AM call + in-app walkthrough; automated milestone tracking,Portfolio Lead + AM sign-off decision on a gradual self-serve shift.,15,"Day 90: Self-Serve Capability Demonstrated (>=25 PDP views, >=6 app days, self-serve share above baseline) with GMV guardrail held.",GMV guardrail breached (At Risk) -> restore high-touch support; no behaviour change at day 90 -> reassess suitability.,At Risk at day 45; any Key account change; customer pushback on the change.,KEY_SIGNOFF,Withheld until sign-off is recorded,,,"WHY NOW: Key broker-reliant account with healthy spend; downside risk too large for automated initiation.
WHAT WE KNOW:
- Key, Broker-Reliant, Account Managed; £23,205 6m GMV; Reseller, Germany; tenure 7 months.
- Momentum: Growing (Sep-Nov £8,249 -> Dec-Feb £14,956); Recently Active (last GMV month: February); 14 orders over 5 month(s).
- Dependency: High (broker reliance 84%; 12 AM-placed / 2 self-serve orders).
- Engagement: 8 product views, 3 app days, 1 offer(s), 115 Fleek chats, 24 video requests; basket Handpick-only.
- Warnings: KEY_SIGNOFF.
WHAT TO DO: Portfolio Lead and AM decide whether a gradual self-serve shift is appropriate. Record approve / decline and conditions.
WHAT NOT TO DO: No migration communication before sign-off.
SUCCESS: Day 90: Self-Serve Capability Demonstrated (>=25 PDP views, >=6 app days, self-serve share above baseline) with GMV guardrail held.",,,,,Recently Active,Existing Customer,False,Not Eligible,Regular,Baseline,"Enter 90-day monitoring inputs; migration_progress_status updates (Baseline/Progressing/Capability/At Risk). Day-90 outcomes: Capability Demonstrated, Progressing - Extend, At Risk - Restore support, No Change - Reassess.",BASELINE,BASELINE,e3d57b7950e8
ACC-007,P2,Key,22089,1. Migration Candidate,Guided Self-Serve Migration,MIGRATION_KEY_SIGNOFF,Human Sign-Off Required,Awaiting Sign-Off,Portfolio Lead + Account Manager,False,False,PB03_GUIDED_MIGRATION,AM call + in-app walkthrough; automated milestone tracking,Portfolio Lead + AM sign-off decision on a gradual self-serve shift.,15,"Day 90: Self-Serve Capability Demonstrated (>=25 PDP views, >=6 app days, self-serve share above baseline) with GMV guardrail held.",GMV guardrail breached (At Risk) -> restore high-touch support; no behaviour change at day 90 -> reassess suitability.,At Risk at day 45; any Key account change; customer pushback on the change.,KEY_SIGNOFF,Withheld until sign-off is recorded,,,"WHY NOW: Key broker-reliant account with healthy spend; downside risk too large for automated initiation.
WHAT WE KNOW:
- Key, Broker-Reliant, Account Managed; £22,089 6m GMV; Reseller, Austria; tenure 10 months.
- Momentum: Growing (Sep-Nov £5,524 -> Dec-Feb £16,565); Recently Active (last GMV month: February); 23 orders over 5 month(s).
- Dependency: High (broker reliance 72%; 17 AM-placed / 6 self-serve orders).
- Engagement: 1 product views, 1 app days, 0 offer(s), 69 Fleek chats, 2 video requests; basket Mixed.
- Warnings: KEY_SIGNOFF.
WHAT TO DO: Portfolio Lead and AM decide whether a gradual self-serve shift is appropriate. Record approve / decline and conditions.
WHAT NOT TO DO: No migration communication before sign-off.
SUCCESS: Day 90: Self-Serve Capability Demonstrated (>=25 PDP views, >=6 app days, self-serve share above baseline) with GMV guardrail held.",,,,,Recently Active,Existing Customer,False,Not Eligible,Regular,Baseline,"Enter 90-day monitoring inputs; migration_progress_status updates (Baseline/Progressing/Capability/At Risk). Day-90 outcomes: Capability Demonstrated, Progressing - Extend, At Risk - Restore support, No Change - Reassess.",BASELINE,BASELINE,5d2eb2a4b67f
ACC-008,P1,Key,19265,2. Protect / Retain First,Retention Conversation,DECLINING_KEY_CORE,Ready — Human,Draft Ready,Account Manager,False,False,PB01_RETENTION,"Personal email from AM, then call",Read brief; send outreach to book a review call.,7,"Root cause logged and next-90-day GMV back to at least the Sep-Nov (H1) level, or the decline arrested.","Customer confirms a planned pause/seasonal gap (log cadence), or no response after 2 attempts (escalate).","No response after 2 attempts, or Key account with further decline -> Portfolio Lead.",H2_SINGLE_MONTH_SPIKE,Draft ready (not sent),RET_AM,"Hi {first_name},

I'd like to set up a short call to review how sourcing through Fleek is working for you at the moment and what you're planning to buy over the next few months. It will help me make sure the stock I source for you (bundles and handpicked stock) is the right fit. Would sometime later this week or early next week suit you?

Best,
{sender_name}","WHY NOW: Commercially important, broker-led spend is falling.
WHAT WE KNOW:
- Key, Broker-Reliant, Account Managed; £19,265 6m GMV; Retailer, Sweden; tenure 15 months.
- Momentum: Declining (Sep-Nov £12,458 -> Dec-Feb £6,808); Recently Active (last GMV month: February); 16 orders over 5 month(s).
- Dependency: High (broker reliance 84%; 13 AM-placed / 3 self-serve orders).
- Engagement: 13 product views, 4 app days, 0 offer(s), 29 Fleek chats, 1 video requests; basket Mixed.
- Warnings: H2_SINGLE_MONTH_SPIKE.
WHAT TO DO: Book a conversation. Explore stock availability, price, assortment fit, buying cadence, competitor/offline wholesaler use and operational friction. Agree a recovery plan.
WHAT NOT TO DO: Do not reduce AM support or push migration; do not suggest the customer is at fault; do not propose chat/video/feature usage as the fix.
SUCCESS: Root cause logged and next-90-day GMV back to at least the Sep-Nov (H1) level, or the decline arrested.",,,,,Recently Active,Existing Customer,False,Not Eligible,Regular,N/A,"Stay in playbook while momentum is Declining; exit when momentum is Stable/Growing for a full run; if the account lapses, NBA moves to Verify/Win-Back.",BASELINE,BASELINE,bbf41110e504
ACC-009,P1,Key,18652,2. Protect / Retain First,Retention Conversation,DECLINING_KEY_CORE,Ready — Human,Draft Ready,Account Manager,False,False,PB01_RETENTION,"Personal email from AM, then call",Read brief; send outreach to book a review call.,7,"Root cause logged and next-90-day GMV back to at least the Sep-Nov (H1) level, or the decline arrested.","Customer confirms a planned pause/seasonal gap (log cadence), or no response after 2 attempts (escalate).","No response after 2 attempts, or Key account with further decline -> Portfolio Lead.",,Draft ready (not sent),RET_AM,"Hi {first_name},

I'd like to set up a short call to review how sourcing through Fleek is working for you at the moment and what you're planning to buy over the next few months. It will help me make sure the stock I source for you (bundles and handpicked stock) is the right fit. Would sometime later this week or early next week suit you?

Best,
{sender_name}","WHY NOW: Commercially important, broker-led spend is falling.
WHAT WE KNOW:
- Key, Broker-Reliant, Account Managed; £18,652 6m GMV; Reseller, United Kingdom; tenure 8 months.
- Momentum: Declining (Sep-Nov £12,807 -> Dec-Feb £5,845); Recently Active (last GMV month: February); 35 orders over 6 month(s).
- Dependency: High (broker reliance 68%; 24 AM-placed / 11 self-serve orders).
- Engagement: 2 product views, 1 app days, 1 offer(s), 30 Fleek chats, 0 video requests; basket Mixed.
WHAT TO DO: Book a conversation. Explore stock availability, price, assortment fit, buying cadence, competitor/offline wholesaler use and operational friction. Agree a recovery plan.
WHAT NOT TO DO: Do not reduce AM support or push migration; do not suggest the customer is at fault; do not propose chat/video/feature usage as the fix.
SUCCESS: Root cause logged and next-90-day GMV back to at least the Sep-Nov (H1) level, or the decline arrested.",,,,,Recently Active,Existing Customer,False,Not Eligible,Regular,N/A,"Stay in playbook while momentum is Declining; exit when momentum is Stable/Growing for a full run; if the account lapses, NBA moves to Verify/Win-Back.",BASELINE,BASELINE,14b26d9cbee4
ACC-010,P1,Key,17026,2. Protect / Retain First,Retention Conversation,DECLINING_KEY_CORE,Ready — Human,Draft Ready,Account Manager,False,False,PB01_RETENTION,"Personal email from AM, then call",Read brief; send outreach to book a review call.,7,"Root cause logged and next-90-day GMV back to at least the Sep-Nov (H1) level, or the decline arrested.","Customer confirms a planned pause/seasonal gap (log cadence), or no response after 2 attempts (escalate).","No response after 2 attempts, or Key account with further decline -> Portfolio Lead.",,Draft ready (not sent),RET_AM,"Hi {first_name},

I'd like to set up a short call to review how sourcing through Fleek is working for you at the moment and what you're planning to buy over the next few months. It will help me make sure the stock I source for you (handpicked stock) is the right fit. Would sometime later this week or early next week suit you?

Best,
{sender_name}","WHY NOW: Commercially important, broker-led spend is falling.
WHAT WE KNOW:
- Key, Broker-Reliant, Account Managed; £17,026 6m GMV; Reseller, Portugal; tenure 10 months.
- Momentum: Declining (Sep-Nov £11,150 -> Dec-Feb £5,876); Recently Active (last GMV month: February); 13 orders over 6 month(s).
- Dependency: High (broker reliance 69%; 9 AM-placed / 4 self-serve orders).
- Engagement: 1 product views, 1 app days, 0 offer(s), 40 Fleek chats, 0 video requests; basket Handpick-only.
WHAT TO DO: Book a conversation. Explore stock availability, price, assortment fit, buying cadence, competitor/offline wholesaler use and operational friction. Agree a recovery plan.
WHAT NOT TO DO: Do not reduce AM support or push migration; do not suggest the customer is at fault; do not propose chat/video/feature usage as the fix.
SUCCESS: Root cause logged and next-90-day GMV back to at least the Sep-Nov (H1) level, or the decline arrested.",,,,,Recently Active,Existing Customer,False,Not Eligible,Regular,N/A,"Stay in playbook while momentum is Declining; exit when momentum is Stable/Growing for a full run; if the account lapses, NBA moves to Verify/Win-Back.",BASELINE,BASELINE,4966e1678608
ACC-011,P2,Key,15600,4. Establish / Re-establish / Observe,Establish / Re-establish,RETURNED_CUSTOMER,Ready — Human,Draft Ready,Account Manager,False,False,PB04_ESTABLISH,"Personal email from AM, then call",Send welcome-back outreach; book a call.,10,New: 2+ orders across 2+ months within 90 days. Returned: orders in at least 2 of the next 3 months.,Second order placed (new) or cadence agreed (returned).,Returned Key account with no response after 2 attempts -> Portfolio Lead.,MATERIAL_BROKER_INCONSISTENCY; LOW_CONFIDENCE,Draft ready (not sent),EST_RETURNED,"Hi {first_name},

Great to see you ordering with Fleek again. I'd love to catch up on what you're sourcing at the moment and how often you're planning to buy, so we can make sure the right handpicked stock is in front of you. Would a quick call in the next week or two work?

Best,
{sender_name}","WHY NOW: Long-tenured customer returned in Dec-Feb after no Sep-Nov spend.
WHAT WE KNOW:
- Key, Broker-Reliant, Account Managed; £15,600 6m GMV; Reseller, France; tenure 34 months.
- Momentum: H2 Active / No H1 GMV; No Meaningful History (last GMV month: December); 1 orders over 1 month(s).
- Dependency: Medium (broker reliance 50%; 1 AM-placed / 0 self-serve orders).
- Engagement: 14 product views, 6 app days, 1 offer(s), 50 Fleek chats, 0 video requests; basket Handpick-only.
- Warnings: MATERIAL_BROKER_INCONSISTENCY; LOW_CONFIDENCE.
WHAT TO DO: Welcome-back conversation: what brought them back, what they are sourcing now, how often they plan to buy.
WHAT NOT TO DO: Do not treat them as a brand-new customer.
SUCCESS: New: 2+ orders across 2+ months within 90 days. Returned: orders in at least 2 of the next 3 months.",,,,,No Meaningful History,Returned Customer,False,Not Eligible,Lumpy,N/A,Once H1/H2 history exists the account leaves this playbook automatically via re-segmentation.,BASELINE,BASELINE,7524c507b827
ACC-012,P2,Key,14611,1. Migration Candidate,Guided Self-Serve Migration,MIGRATION_KEY_SIGNOFF,Human Sign-Off Required,Awaiting Sign-Off,Portfolio Lead + Account Manager,False,False,PB03_GUIDED_MIGRATION,AM call + in-app walkthrough; automated milestone tracking,Portfolio Lead + AM sign-off decision on a gradual self-serve shift.,15,"Day 90: Self-Serve Capability Demonstrated (>=25 PDP views, >=6 app days, self-serve share above baseline) with GMV guardrail held.",GMV guardrail breached (At Risk) -> restore high-touch support; no behaviour change at day 90 -> reassess suitability.,At Risk at day 45; any Key account change; customer pushback on the change.,KEY_SIGNOFF; MATERIAL_BROKER_INCONSISTENCY,Withheld until sign-off is recorded,,,"WHY NOW: Key broker-reliant account with healthy spend; downside risk too large for automated initiation.
WHAT WE KNOW:
- Key, Broker-Reliant, Account Managed; £14,611 6m GMV; Reseller, United Kingdom; tenure 17 months.
- Momentum: Growing (Sep-Nov £6,126 -> Dec-Feb £8,485); Recently Active (last GMV month: February); 28 orders over 6 month(s).
- Dependency: High (broker reliance 59%; 17 AM-placed / 11 self-serve orders).
- Engagement: 3 product views, 2 app days, 0 offer(s), 182 Fleek chats, 1 video requests; basket Mixed.
- Warnings: KEY_SIGNOFF; MATERIAL_BROKER_INCONSISTENCY.
WHAT TO DO: Portfolio Lead and AM decide whether a gradual self-serve shift is appropriate. Record approve / decline and conditions.
WHAT NOT TO DO: No migration communication before sign-off.
SUCCESS: Day 90: Self-Serve Capability Demonstrated (>=25 PDP views, >=6 app days, self-serve share above baseline) with GMV guardrail held.",,,,,Recently Active,Existing Customer,False,Not Eligible,Regular,Baseline,"Enter 90-day monitoring inputs; migration_progress_status updates (Baseline/Progressing/Capability/At Risk). Day-90 outcomes: Capability Demonstrated, Progressing - Extend, At Risk - Restore support, No Change - Reassess.",BASELINE,BASELINE,b5cb9babc36d
ACC-013,P1,Key,14315,2. Protect / Retain First,Retention Conversation,DECLINING_KEY_CORE,Ready — Human,Draft Ready,Account Manager,False,False,PB01_RETENTION,"Personal email from AM, then call",Read brief; send outreach to book a review call.,7,"Root cause logged and next-90-day GMV back to at least the Sep-Nov (H1) level, or the decline arrested.","Customer confirms a planned pause/seasonal gap (log cadence), or no response after 2 attempts (escalate).","No response after 2 attempts, or Key account with further decline -> Portfolio Lead.",,Draft ready (not sent),RET_AM,"Hi {first_name},

I'd like to set up a short call to review how sourcing through Fleek is working for you at the moment and what you're planning to buy over the next few months. It will help me make sure the stock I source for you (bundles and handpicked stock) is the right fit. Would sometime later this week or early next week suit you?

Best,
{sender_name}","WHY NOW: Commercially important, broker-led spend is falling.
WHAT WE KNOW:
- Key, Broker-Reliant, Account Managed; £14,315 6m GMV; Reseller, United Kingdom; tenure 17 months.
- Momentum: Declining (Sep-Nov £9,966 -> Dec-Feb £4,350); Recently Active (last GMV month: February); 21 orders over 5 month(s).
- Dependency: Medium (broker reliance 59%; 12 AM-placed / 9 self-serve orders).
- Engagement: 5 product views, 8 app days, 1 offer(s), 36 Fleek chats, 0 video requests; basket Mixed.
WHAT TO DO: Book a conversation. Explore stock availability, price, assortment fit, buying cadence, competitor/offline wholesaler use and operational friction. Agree a recovery plan.
WHAT NOT TO DO: Do not reduce AM support or push migration; do not suggest the customer is at fault; do not propose chat/video/feature usage as the fix.
SUCCESS: Root cause logged and next-90-day GMV back to at least the Sep-Nov (H1) level, or the decline arrested.",,,,,Recently Active,Existing Customer,False,Not Eligible,Regular,N/A,"Stay in playbook while momentum is Declining; exit when momentum is Stable/Growing for a full run; if the account lapses, NBA moves to Verify/Win-Back.",BASELINE,BASELINE,d5ca9688e26f
ACC-014,P1,Key,11721,2. Protect / Retain First,Retention Conversation,DECLINING_KEY_CORE,Ready — Human,Draft Ready,Account Manager,False,False,PB01_RETENTION,"Personal email from AM, then call",Read brief; send outreach to book a review call.,7,"Root cause logged and next-90-day GMV back to at least the Sep-Nov (H1) level, or the decline arrested.","Customer confirms a planned pause/seasonal gap (log cadence), or no response after 2 attempts (escalate).","No response after 2 attempts, or Key account with further decline -> Portfolio Lead.",,Draft ready (not sent),RET_AM,"Hi {first_name},

I'd like to set up a short call to review how sourcing through Fleek is working for you at the moment and what you're planning to buy over the next few months. It will help me make sure the stock I source for you (bundles and handpicked stock) is the right fit. Would sometime later this week or early next week suit you?

Best,
{sender_name}","WHY NOW: Commercially important, broker-led spend is falling.
WHAT WE KNOW:
- Key, Broker-Reliant, Account Managed; £11,721 6m GMV; Reseller, United States; tenure 8 months.
- Momentum: Declining (Sep-Nov £7,060 -> Dec-Feb £4,661); Recently Active (last GMV month: February); 27 orders over 6 month(s).
- Dependency: High (broker reliance 81%; 22 AM-placed / 5 self-serve orders).
- Engagement: 1 product views, 5 app days, 0 offer(s), 64 Fleek chats, 36 video requests; basket Mixed.
WHAT TO DO: Book a conversation. Explore stock availability, price, assortment fit, buying cadence, competitor/offline wholesaler use and operational friction. Agree a recovery plan.
WHAT NOT TO DO: Do not reduce AM support or push migration; do not suggest the customer is at fault; do not propose chat/video/feature usage as the fix.
SUCCESS: Root cause logged and next-90-day GMV back to at least the Sep-Nov (H1) level, or the decline arrested.",,,,,Recently Active,Existing Customer,False,Not Eligible,Regular,N/A,"Stay in playbook while momentum is Declining; exit when momentum is Stable/Growing for a full run; if the account lapses, NBA moves to Verify/Win-Back.",BASELINE,BASELINE,3541cedf4075
ACC-015,P1,Key,11481,3. Win-Back / Verify,Verify Demand / Win-Back,LAPSED_ESTABLISHED,Ready — Human,Draft Ready,Account Manager,False,False,PB02_VERIFY_WINBACK,"Personal email from AM, then call",Send win-back check-in.,14,"Cadence recorded and account reclassified, or a new order within 90 days (60 days for recent-inactivity checks).",Customer confirms infrequent/seasonal buying (set a reminder for their window) or confirms churn (log reason).,Key account with no response after 2 attempts -> Portfolio Lead.,,Draft ready (not sent),WINBACK,"Hi {first_name},

It's been a little while since we last caught up, so I wanted to check in on your buying plans for the coming months. If you're sourcing bundles and handpicked stock again soon, I'd be glad to talk through what you're looking for and how we can help. Would a quick call be useful?

Best,
{sender_name}","WHY NOW: Established buyer with a repeat pattern has had no GMV since November or earlier.
WHAT WE KNOW:
- Key, Broker-Reliant, Account Managed; £11,481 6m GMV; Reseller, United Kingdom; tenure 13 months.
- Momentum: Lapsed; Recent Inactivity (last GMV month: November); 8 orders over 3 month(s).
- Dependency: High (broker reliance 64%; 5 AM-placed / 3 self-serve orders).
- Engagement: 5 product views, 6 app days, 1 offer(s), 96 Fleek chats, 0 video requests; basket Mixed.
WHAT TO DO: Win-back conversation about upcoming buying needs and what would bring them back.
WHAT NOT TO DO: Do not say 'you churned' or 'you've stopped buying'.
SUCCESS: Cadence recorded and account reclassified, or a new order within 90 days (60 days for recent-inactivity checks).",,,,,Recent Inactivity,Existing Customer,False,Not Eligible,Regular,N/A,"If an order appears, the account re-segments automatically; if confirmed seasonal, suppress re-contact until the stated window.",BASELINE,BASELINE,2285c67f93e3
ACC-016,P2,Key,11252,1. Migration Candidate,Guided Self-Serve Migration,MIGRATION_KEY_SIGNOFF,Human Sign-Off Required,Awaiting Sign-Off,Portfolio Lead + Account Manager,False,False,PB03_GUIDED_MIGRATION,AM call + in-app walkthrough; automated milestone tracking,Portfolio Lead + AM sign-off decision on a gradual self-serve shift.,15,"Day 90: Self-Serve Capability Demonstrated (>=25 PDP views, >=6 app days, self-serve share above baseline) with GMV guardrail held.",GMV guardrail breached (At Risk) -> restore high-touch support; no behaviour change at day 90 -> reassess suitability.,At Risk at day 45; any Key account change; customer pushback on the change.,KEY_SIGNOFF; NO_FEB_GMV (Feb unconfirmed),Withheld until sign-off is recorded,,,"WHY NOW: Key broker-reliant account with healthy spend; downside risk too large for automated initiation.
WHAT WE KNOW:
- Key, Broker-Reliant, Account Managed; £11,252 6m GMV; Reseller, Australia; tenure 10 months.
- Momentum: Growing (Sep-Nov £4,217 -> Dec-Feb £7,035); Recently Active (last GMV month: January); 26 orders over 5 month(s).
- Dependency: High (broker reliance 68%; 18 AM-placed / 8 self-serve orders).
- Engagement: 4 product views, 1 app days, 1 offer(s), 16 Fleek chats, 3 video requests; basket Bundle-only.
- Warnings: KEY_SIGNOFF; NO_FEB_GMV (Feb unconfirmed).
WHAT TO DO: Portfolio Lead and AM decide whether a gradual self-serve shift is appropriate. Record approve / decline and conditions.
WHAT NOT TO DO: No migration communication before sign-off.
SUCCESS: Day 90: Self-Serve Capability Demonstrated (>=25 PDP views, >=6 app days, self-serve share above baseline) with GMV guardrail held.",,,,,Recently Active,Existing Customer,False,Not Eligible,Regular,Baseline,"Enter 90-day monitoring inputs; migration_progress_status updates (Baseline/Progressing/Capability/At Risk). Day-90 outcomes: Capability Demonstrated, Progressing - Extend, At Risk - Restore support, No Change - Reassess.",BASELINE,BASELINE,37d831150a2a
ACC-017,P1,Key,10950,2. Protect / Retain First,Retention Conversation,DECLINING_KEY_CORE,Ready — Human,Draft Ready,Account Manager,False,False,PB01_RETENTION,"Personal email from AM, then call",Read brief; send outreach to book a review call.,7,"Root cause logged and next-90-day GMV back to at least the Sep-Nov (H1) level, or the decline arrested.","Customer confirms a planned pause/seasonal gap (log cadence), or no response after 2 attempts (escalate).","No response after 2 attempts, or Key account with further decline -> Portfolio Lead.",H2_SINGLE_MONTH_SPIKE,Draft ready (not sent),RET_AM,"Hi {first_name},

I'd like to set up a short call to review how sourcing through Fleek is working for you at the moment and what you're planning to buy over the next few months. It will help me make sure the stock I source for you (bundles and handpicked stock) is the right fit. Would sometime later this week or early next week suit you?

Best,
{sender_name}","WHY NOW: Commercially important, broker-led spend is falling.
WHAT WE KNOW:
- Key, Broker-Reliant, Account Managed; £10,950 6m GMV; Reseller, United Kingdom; tenure 18 months.
- Momentum: Declining (Sep-Nov £7,711 -> Dec-Feb £3,238); Recently Active (last GMV month: February); 37 orders over 5 month(s).
- Dependency: High (broker reliance 78%; 29 AM-placed / 8 self-serve orders).
- Engagement: 2 product views, 4 app days, 1 offer(s), 55 Fleek chats, 1 video requests; basket Mixed.
- Warnings: H2_SINGLE_MONTH_SPIKE.
WHAT TO DO: Book a conversation. Explore stock availability, price, assortment fit, buying cadence, competitor/offline wholesaler use and operational friction. Agree a recovery plan.
WHAT NOT TO DO: Do not reduce AM support or push migration; do not suggest the customer is at fault; do not propose chat/video/feature usage as the fix.
SUCCESS: Root cause logged and next-90-day GMV back to at least the Sep-Nov (H1) level, or the decline arrested.",,,,,Recently Active,Existing Customer,False,Not Eligible,Regular,N/A,"Stay in playbook while momentum is Declining; exit when momentum is Stable/Growing for a full run; if the account lapses, NBA moves to Verify/Win-Back.",BASELINE,BASELINE,5cb38fc6a985
ACC-018,P1,Core,8613,2. Protect / Retain First,Retention Conversation,DECLINING_KEY_CORE,Ready — Human,Draft Ready,Account Manager,False,False,PB01_RETENTION,"Personal email from AM, then call",Read brief; send outreach to book a review call.,7,"Root cause logged and next-90-day GMV back to at least the Sep-Nov (H1) level, or the decline arrested.","Customer confirms a planned pause/seasonal gap (log cadence), or no response after 2 attempts (escalate).","No response after 2 attempts, or Key account with further decline -> Portfolio Lead.",FEB_SENSITIVE; NO_FEB_GMV (Feb unconfirmed),Draft ready (not sent),RET_AM,"Hi {first_name},

I'd like to set up a short call to review how sourcing through Fleek is working for you at the moment and what you're planning to buy over the next few months. It will help me make sure the stock I source for you (bundles) is the right fit. Would sometime later this week or early next week suit you?

Best,
{sender_name}","WHY NOW: Commercially important, broker-led spend is falling.
WHAT WE KNOW:
- Core, Broker-Reliant, Account Managed; £8,613 6m GMV; Reseller, United Kingdom; tenure 10 months.
- Momentum: Declining (Sep-Nov £5,605 -> Dec-Feb £3,010); Recently Active (last GMV month: January); 11 orders over 5 month(s).
- Dependency: High (broker reliance 74%; 8 AM-placed / 3 self-serve orders).
- Engagement: 10 product views, 3 app days, 0 offer(s), 1 Fleek chats, 0 video requests; basket Bundle-only.
- Warnings: FEB_SENSITIVE; NO_FEB_GMV (Feb unconfirmed).
WHAT TO DO: Book a conversation. Explore stock availability, price, assortment fit, buying cadence, competitor/offline wholesaler use and operational friction. Agree a recovery plan.
WHAT NOT TO DO: Do not reduce AM support or push migration; do not suggest the customer is at fault; do not propose chat/video/feature usage as the fix.
SUCCESS: Root cause logged and next-90-day GMV back to at least the Sep-Nov (H1) level, or the decline arrested.",,,,,Recently Active,Existing Customer,False,Not Eligible,Regular,N/A,"Stay in playbook while momentum is Declining; exit when momentum is Stable/Growing for a full run; if the account lapses, NBA moves to Verify/Win-Back.",BASELINE,BASELINE,b301fe425ce1
ACC-019,P2,Core,7716,1. Migration Candidate,Guided Self-Serve Migration,MIGRATION_PHASE1_READY,Ready — Hybrid,Draft Ready,Account Manager,False,False,PB03_GUIDED_MIGRATION,AM call + in-app walkthrough; automated milestone tracking,Day 0: AM walkthrough call on independent stock discovery.,15,"Day 90: Self-Serve Capability Demonstrated (>=25 PDP views, >=6 app days, self-serve share above baseline) with GMV guardrail held.",GMV guardrail breached (At Risk) -> restore high-touch support; no behaviour change at day 90 -> reassess suitability.,At Risk at day 45; any Key account change; customer pushback on the change.,,Draft ready (not sent),MIG_DAY0,"Hi {first_name},

Alongside the stock I source for you, I'd like to show you how to browse Fleek's full range directly in the app, so you can look through handpicked stock whenever it suits you, make an offer where it fits and place orders yourself. I'm still here for anything you need. Could we do a short walkthrough together this week?

Best,
{sender_name}","WHY NOW: Broker-reliant Core account with healthy, regular spend and repeat self-serve checkout, but little independent browsing.
WHAT WE KNOW:
- Core, Broker-Reliant, Account Managed; £7,716 6m GMV; Reseller, United States; tenure 10 months.
- Momentum: Growing (Sep-Nov £1,446 -> Dec-Feb £6,269); Recently Active (last GMV month: February); 7 orders over 5 month(s).
- Dependency: High (broker reliance 59%; 4 AM-placed / 3 self-serve orders).
- Engagement: 15 product views, 2 app days, 1 offer(s), 16 Fleek chats, 12 video requests; basket Handpick-only.
WHAT TO DO: Run the Phase 1 plan: Day 0 app walkthrough focused on finding stock independently; check-in Day 15-30; formal review Day 45; outcome Day 90.
WHAT NOT TO DO: Do not remove AM support; do not mention cost reduction or 'migration'.
SUCCESS: Day 90: Self-Serve Capability Demonstrated (>=25 PDP views, >=6 app days, self-serve share above baseline) with GMV guardrail held.",,,,,Recently Active,Existing Customer,False,Ready,Regular,Baseline,"Enter 90-day monitoring inputs; migration_progress_status updates (Baseline/Progressing/Capability/At Risk). Day-90 outcomes: Capability Demonstrated, Progressing - Extend, At Risk - Restore support, No Change - Reassess.",BASELINE,BASELINE,007fe44db0d2
ACC-020,P2,Core,6452,1. Migration Candidate,Guided Self-Serve Migration,MIGRATION_PHASE1_REVIEW,Human Review Required,Awaiting Human Review,Account Manager,False,False,PB03_GUIDED_MIGRATION,AM call + in-app walkthrough; automated milestone tracking,AM resolves the Phase 1 guardrail(s) before any customer contact.,15,"Day 90: Self-Serve Capability Demonstrated (>=25 PDP views, >=6 app days, self-serve share above baseline) with GMV guardrail held.",GMV guardrail breached (At Risk) -> restore high-touch support; no behaviour change at day 90 -> reassess suitability.,At Risk at day 45; any Key account change; customer pushback on the change.,PHASE1_MANUAL_REVIEW; LUMPY_CADENCE; MATERIAL_BROKER_INCONSISTENCY; H2_SINGLE_MONTH_SPIKE,Withheld until human review is complete,,,"WHY NOW: Meets Phase 1 entry criteria but a guardrail (borderline/February-sensitive momentum, lumpy cadence or broker % inconsistency) must be resolved.
WHAT WE KNOW:
- Core, Broker-Reliant, Account Managed; £6,452 6m GMV; Reseller, France; tenure 31 months.
- Momentum: Stable (Sep-Nov £3,474 -> Dec-Feb £2,978); Recently Active (last GMV month: February); 3 orders over 3 month(s).
- Dependency: Medium (broker reliance 48%; 1 AM-placed / 2 self-serve orders).
- Engagement: 3 product views, 7 app days, 0 offer(s), 14 Fleek chats, 2 video requests; basket Mixed.
- Warnings: PHASE1_MANUAL_REVIEW; LUMPY_CADENCE; MATERIAL_BROKER_INCONSISTENCY; H2_SINGLE_MONTH_SPIKE.
WHAT TO DO: Resolve the listed guardrail(s) (verify order history / momentum), then decide Ready or not suitable. Record the decision.
WHAT NOT TO DO: Do not contact the customer about self-serve changes until review is complete.
SUCCESS: Day 90: Self-Serve Capability Demonstrated (>=25 PDP views, >=6 app days, self-serve share above baseline) with GMV guardrail held.",,,,,Recently Active,Existing Customer,False,Manual Review,Lumpy,Baseline,"Enter 90-day monitoring inputs; migration_progress_status updates (Baseline/Progressing/Capability/At Risk). Day-90 outcomes: Capability Demonstrated, Progressing - Extend, At Risk - Restore support, No Change - Reassess.",BASELINE,BASELINE,52e8620a3f1a
ACC-021,P1,Core,6199,2. Protect / Retain First,Retention Conversation,DECLINING_KEY_CORE,Ready — Human,Draft Ready,Account Manager,False,False,PB01_RETENTION,"Personal email from AM, then call",Read brief; send outreach to book a review call.,7,"Root cause logged and next-90-day GMV back to at least the Sep-Nov (H1) level, or the decline arrested.","Customer confirms a planned pause/seasonal gap (log cadence), or no response after 2 attempts (escalate).","No response after 2 attempts, or Key account with further decline -> Portfolio Lead.",,Draft ready (not sent),RET_AM,"Hi {first_name},

I'd like to set up a short call to review how sourcing through Fleek is working for you at the moment and what you're planning to buy over the next few months. It will help me make sure the stock I source for you (bundles and handpicked stock) is the right fit. Would sometime later this week or early next week suit you?

Best,
{sender_name}","WHY NOW: Commercially important, broker-led spend is falling.
WHAT WE KNOW:
- Core, Broker-Reliant, Account Managed; £6,199 6m GMV; Reseller, France; tenure 7 months.
- Momentum: Declining (Sep-Nov £3,866 -> Dec-Feb £2,332); Recently Active (last GMV month: February); 19 orders over 6 month(s).
- Dependency: High (broker reliance 64%; 12 AM-placed / 7 self-serve orders).
- Engagement: 2 product views, 6 app days, 1 offer(s), 19 Fleek chats, 13 video requests; basket Mixed.
WHAT TO DO: Book a conversation. Explore stock availability, price, assortment fit, buying cadence, competitor/offline wholesaler use and operational friction. Agree a recovery plan.
WHAT NOT TO DO: Do not reduce AM support or push migration; do not suggest the customer is at fault; do not propose chat/video/feature usage as the fix.
SUCCESS: Root cause logged and next-90-day GMV back to at least the Sep-Nov (H1) level, or the decline arrested.",,,,,Recently Active,Existing Customer,False,Not Eligible,Regular,N/A,"Stay in playbook while momentum is Declining; exit when momentum is Stable/Growing for a full run; if the account lapses, NBA moves to Verify/Win-Back.",BASELINE,BASELINE,71752711fe5b
ACC-022,P1,Core,6140,2. Protect / Retain First,Retention Conversation,DECLINING_KEY_CORE,Ready — Human,Draft Ready,Account Manager,False,False,PB01_RETENTION,"Personal email from AM, then call",Read brief; send outreach to book a review call.,7,"Root cause logged and next-90-day GMV back to at least the Sep-Nov (H1) level, or the decline arrested.","Customer confirms a planned pause/seasonal gap (log cadence), or no response after 2 attempts (escalate).","No response after 2 attempts, or Key account with further decline -> Portfolio Lead.",H2_SINGLE_MONTH_SPIKE,Draft ready (not sent),RET_AM,"Hi {first_name},

I'd like to set up a short call to review how sourcing through Fleek is working for you at the moment and what you're planning to buy over the next few months. It will help me make sure the stock I source for you (bundles) is the right fit. Would sometime later this week or early next week suit you?

Best,
{sender_name}","WHY NOW: Commercially important, broker-led spend is falling.
WHAT WE KNOW:
- Core, Broker-Reliant, Account Managed; £6,140 6m GMV; Reseller, United States; tenure 21 months.
- Momentum: Declining (Sep-Nov £4,539 -> Dec-Feb £1,601); Recent Inactivity (last GMV month: December); 7 orders over 3 month(s).
- Dependency: Medium (broker reliance 49%; 3 AM-placed / 4 self-serve orders).
- Engagement: 12 product views, 4 app days, 2 offer(s), 33 Fleek chats, 2 video requests; basket Bundle-only.
- Warnings: H2_SINGLE_MONTH_SPIKE.
WHAT TO DO: Book a conversation. Explore stock availability, price, assortment fit, buying cadence, competitor/offline wholesaler use and operational friction. Agree a recovery plan.
WHAT NOT TO DO: Do not reduce AM support or push migration; do not suggest the customer is at fault; do not propose chat/video/feature usage as the fix.
SUCCESS: Root cause logged and next-90-day GMV back to at least the Sep-Nov (H1) level, or the decline arrested.",,,,,Recent Inactivity,Existing Customer,False,Not Eligible,Regular,N/A,"Stay in playbook while momentum is Declining; exit when momentum is Stable/Growing for a full run; if the account lapses, NBA moves to Verify/Win-Back.",BASELINE,BASELINE,8f37f6a06496
ACC-023,P1,Core,5727,2. Protect / Retain First,Retention Conversation,DECLINING_KEY_CORE,Ready — Human,Draft Ready,Account Manager,False,False,PB01_RETENTION,"Personal email from AM, then call",Read brief; send outreach to book a review call.,7,"Root cause logged and next-90-day GMV back to at least the Sep-Nov (H1) level, or the decline arrested.","Customer confirms a planned pause/seasonal gap (log cadence), or no response after 2 attempts (escalate).","No response after 2 attempts, or Key account with further decline -> Portfolio Lead.",FEB_SENSITIVE; H2_SINGLE_MONTH_SPIKE,Draft ready (not sent),RET_AM,"Hi {first_name},

I'd like to set up a short call to review how sourcing through Fleek is working for you at the moment and what you're planning to buy over the next few months. It will help me make sure the stock I source for you (handpicked stock) is the right fit. Would sometime later this week or early next week suit you?

Best,
{sender_name}","WHY NOW: Commercially important, broker-led spend is falling.
WHAT WE KNOW:
- Core, Broker-Reliant, Account Managed; £5,727 6m GMV; Reseller, France; tenure 43 months.
- Momentum: Declining (Sep-Nov £4,800 -> Dec-Feb £927); Recently Active (last GMV month: February); 4 orders over 4 month(s).
- Dependency: High (broker reliance 64%; 3 AM-placed / 1 self-serve orders).
- Engagement: 10 product views, 0 app days, 1 offer(s), 9 Fleek chats, 0 video requests; basket Handpick-only.
- Warnings: FEB_SENSITIVE; H2_SINGLE_MONTH_SPIKE.
WHAT TO DO: Book a conversation. Explore stock availability, price, assortment fit, buying cadence, competitor/offline wholesaler use and operational friction. Agree a recovery plan.
WHAT NOT TO DO: Do not reduce AM support or push migration; do not suggest the customer is at fault; do not propose chat/video/feature usage as the fix.
SUCCESS: Root cause logged and next-90-day GMV back to at least the Sep-Nov (H1) level, or the decline arrested.",,,,,Recently Active,Existing Customer,False,Not Eligible,Lumpy,N/A,"Stay in playbook while momentum is Declining; exit when momentum is Stable/Growing for a full run; if the account lapses, NBA moves to Verify/Win-Back.",BASELINE,BASELINE,2808d52199a5
ACC-024,P2,Core,5214,1. Migration Candidate,Guided Self-Serve Migration,MIGRATION_PHASE1_REVIEW,Human Review Required,Awaiting Human Review,Account Manager,False,False,PB03_GUIDED_MIGRATION,AM call + in-app walkthrough; automated milestone tracking,AM resolves the Phase 1 guardrail(s) before any customer contact.,15,"Day 90: Self-Serve Capability Demonstrated (>=25 PDP views, >=6 app days, self-serve share above baseline) with GMV guardrail held.",GMV guardrail breached (At Risk) -> restore high-touch support; no behaviour change at day 90 -> reassess suitability.,At Risk at day 45; any Key account change; customer pushback on the change.,PHASE1_MANUAL_REVIEW; BORDERLINE_MOMENTUM,Withheld until human review is complete,,,"WHY NOW: Meets Phase 1 entry criteria but a guardrail (borderline/February-sensitive momentum, lumpy cadence or broker % inconsistency) must be resolved.
WHAT WE KNOW:
- Core, Broker-Reliant, Account Managed; £5,214 6m GMV; Reseller, United Kingdom; tenure 11 months.
- Momentum: Stable (Sep-Nov £2,883 -> Dec-Feb £2,330); Recently Active (last GMV month: February); 14 orders over 5 month(s).
- Dependency: High (broker reliance 64%; 9 AM-placed / 5 self-serve orders).
- Engagement: 12 product views, 6 app days, 2 offer(s), 27 Fleek chats, 0 video requests; basket Bundle-only.
- Warnings: PHASE1_MANUAL_REVIEW; BORDERLINE_MOMENTUM.
WHAT TO DO: Resolve the listed guardrail(s) (verify order history / momentum), then decide Ready or not suitable. Record the decision.
WHAT NOT TO DO: Do not contact the customer about self-serve changes until review is complete.
SUCCESS: Day 90: Self-Serve Capability Demonstrated (>=25 PDP views, >=6 app days, self-serve share above baseline) with GMV guardrail held.",,,,,Recently Active,Existing Customer,False,Manual Review,Regular,Baseline,"Enter 90-day monitoring inputs; migration_progress_status updates (Baseline/Progressing/Capability/At Risk). Day-90 outcomes: Capability Demonstrated, Progressing - Extend, At Risk - Restore support, No Change - Reassess.",BASELINE,BASELINE,49dad3347eeb
ACC-025,P2,Core,5014,6. Growth Opportunity,Reinforce Successful Behaviour,HEALTHY_STRONG_SELF_SERVE,Ready — Automated,Draft Ready,Automation,False,True,PB06_REINFORCE,Email / in-app message,Queue automated message (Reinforce Successful Behaviour).,30,"GMV run-rate maintained or higher, with GMV in each month of the next quarter.",Account shows Recent Inactivity (playbook must not run) or momentum turns Declining.,Recent Inactivity -> Verify check (human).,H2_SINGLE_MONTH_SPIKE,Draft ready (not sent),REINFORCE,"Hi {first_name},

Thanks for being an active Fleek buyer. Just a quick note to keep an eye on the app for bundles and handpicked stock that fits your range, and to let you know we're here if there's anything specific you're trying to source. Reply any time and we'll help.

Best,
{sender_name}",,,,,,Recently Active,Existing Customer,False,Not Eligible,Regular,N/A,Suppressed if Recent Inactivity; otherwise no repeat inside 30 days.,BASELINE,BASELINE,ca096fe30dd8
ACC-026,P1,Core,4772,3. Win-Back / Verify,Verify Demand / Win-Back,LAPSED_THIN_HISTORY,Ready — Human,Draft Ready,Account Manager,False,False,PB02_VERIFY_WINBACK,"Personal email from AM, then call","Send cadence check-in (verify, don't assume churn).",14,"Cadence recorded and account reclassified, or a new order within 90 days (60 days for recent-inactivity checks).",Customer confirms infrequent/seasonal buying (set a reminder for their window) or confirms churn (log reason).,Key account with no response after 2 attempts -> Portfolio Lead.,LOW_CONFIDENCE,Draft ready (not sent),VERIFY_CADENCE,"Hi {first_name},

Thanks for your previous orders with Fleek. I wanted to check how you usually plan your stock buying (seasonal, project by project, or ongoing) so we can get in touch at the right moments rather than too often. Happy to talk on a quick call, or just reply here with what works for you.

Best,
{sender_name}","WHY NOW: Apparent lapse rests on 1-2 orders or one buying month; cadence is unknown.
WHAT WE KNOW:
- Core, Broker-Reliant, Account Managed; £4,772 6m GMV; Reseller, Germany; tenure 9 months.
- Momentum: Lapsed; No Meaningful History (last GMV month: November); 2 orders over 2 month(s).
- Dependency: High (broker reliance 82%; 2 AM-placed / 0 self-serve orders).
- Engagement: 0 product views, 1 app days, 2 offer(s), 6 Fleek chats, 0 video requests; basket Bundle-only.
- Warnings: LOW_CONFIDENCE.
WHAT TO DO: Do not assume churn. Verify expected purchase frequency first, then set the next contact window.
WHAT NOT TO DO: Do not treat as churn or run a discount-led win-back.
SUCCESS: Cadence recorded and account reclassified, or a new order within 90 days (60 days for recent-inactivity checks).",,,,,No Meaningful History,Existing Customer,False,Not Eligible,Lumpy,N/A,"If an order appears, the account re-segments automatically; if confirmed seasonal, suppress re-contact until the stated window.",BASELINE,BASELINE,beae7abebe16
ACC-027,P2,Core,4678,1. Migration Candidate,Guided Self-Serve Migration,MIGRATION_PHASE1_READY,Ready — Hybrid,Draft Ready,Account Manager,False,False,PB03_GUIDED_MIGRATION,AM call + in-app walkthrough; automated milestone tracking,Day 0: AM walkthrough call on independent stock discovery.,15,"Day 90: Self-Serve Capability Demonstrated (>=25 PDP views, >=6 app days, self-serve share above baseline) with GMV guardrail held.",GMV guardrail breached (At Risk) -> restore high-touch support; no behaviour change at day 90 -> reassess suitability.,At Risk at day 45; any Key account change; customer pushback on the change.,NO_FEB_GMV (Feb unconfirmed),Draft ready (not sent),MIG_DAY0,"Hi {first_name},

Alongside the stock I source for you, I'd like to show you how to browse Fleek's full range directly in the app, so you can look through bundles whenever it suits you, make an offer where it fits and place orders yourself. I'm still here for anything you need. Could we do a short walkthrough together this week?

Best,
{sender_name}","WHY NOW: Broker-reliant Core account with healthy, regular spend and repeat self-serve checkout, but little independent browsing.
WHAT WE KNOW:
- Core, Broker-Reliant, Account Managed; £4,678 6m GMV; Retailer, Australia; tenure 30 months.
- Momentum: Stable (Sep-Nov £2,280 -> Dec-Feb £2,398); Recently Active (last GMV month: January); 25 orders over 5 month(s).
- Dependency: High (broker reliance 73%; 18 AM-placed / 7 self-serve orders).
- Engagement: 14 product views, 3 app days, 1 offer(s), 4 Fleek chats, 0 video requests; basket Bundle-only.
- Warnings: NO_FEB_GMV (Feb unconfirmed).
WHAT TO DO: Run the Phase 1 plan: Day 0 app walkthrough focused on finding stock independently; check-in Day 15-30; formal review Day 45; outcome Day 90.
WHAT NOT TO DO: Do not remove AM support; do not mention cost reduction or 'migration'.
SUCCESS: Day 90: Self-Serve Capability Demonstrated (>=25 PDP views, >=6 app days, self-serve share above baseline) with GMV guardrail held.",,,,,Recently Active,Existing Customer,False,Ready,Regular,Baseline,"Enter 90-day monitoring inputs; migration_progress_status updates (Baseline/Progressing/Capability/At Risk). Day-90 outcomes: Capability Demonstrated, Progressing - Extend, At Risk - Restore support, No Change - Reassess.",BASELINE,BASELINE,c2f68f7ca5fd
ACC-028,P1,Core,4639,2. Protect / Retain First,Retention Conversation,DECLINING_KEY_CORE,Ready — Human,Draft Ready,Account Manager,False,False,PB01_RETENTION,"Personal email from AM, then call",Read brief; send outreach to book a review call.,7,"Root cause logged and next-90-day GMV back to at least the Sep-Nov (H1) level, or the decline arrested.","Customer confirms a planned pause/seasonal gap (log cadence), or no response after 2 attempts (escalate).","No response after 2 attempts, or Key account with further decline -> Portfolio Lead.",H2_SINGLE_MONTH_SPIKE; NO_FEB_GMV (Feb unconfirmed),Draft ready (not sent),RET_AM,"Hi {first_name},

I'd like to set up a short call to review how sourcing through Fleek is working for you at the moment and what you're planning to buy over the next few months. It will help me make sure the stock I source for you (handpicked stock) is the right fit. Would sometime later this week or early next week suit you?

Best,
{sender_name}","WHY NOW: Commercially important, broker-led spend is falling.
WHAT WE KNOW:
- Core, Broker-Reliant, Account Managed; £4,639 6m GMV; Reseller, Netherlands; tenure 11 months.
- Momentum: Declining (Sep-Nov £3,271 -> Dec-Feb £1,368); Recently Active (last GMV month: January); 7 orders over 4 month(s).
- Dependency: High (broker reliance 48%; 3 AM-placed / 4 self-serve orders).
- Engagement: 8 product views, 4 app days, 1 offer(s), 35 Fleek chats, 0 video requests; basket Handpick-only.
- Warnings: H2_SINGLE_MONTH_SPIKE; NO_FEB_GMV (Feb unconfirmed).
WHAT TO DO: Book a conversation. Explore stock availability, price, assortment fit, buying cadence, competitor/offline wholesaler use and operational friction. Agree a recovery plan.
WHAT NOT TO DO: Do not reduce AM support or push migration; do not suggest the customer is at fault; do not propose chat/video/feature usage as the fix.
SUCCESS: Root cause logged and next-90-day GMV back to at least the Sep-Nov (H1) level, or the decline arrested.",,,,,Recently Active,Existing Customer,False,Not Eligible,Regular,N/A,"Stay in playbook while momentum is Declining; exit when momentum is Stable/Growing for a full run; if the account lapses, NBA moves to Verify/Win-Back.",BASELINE,BASELINE,f91bbd0fb68a
ACC-029,P3,Core,4513,1. Migration Candidate,Guided Self-Serve Migration,MIGRATION_PRE_ENTRY,Ready — Human,Draft Ready,Account Manager,False,False,PB03_GUIDED_MIGRATION,AM call + in-app walkthrough; automated milestone tracking,AM encourages a second self-serve checkout.,15,"Day 90: Self-Serve Capability Demonstrated (>=25 PDP views, >=6 app days, self-serve share above baseline) with GMV guardrail held.",GMV guardrail breached (At Risk) -> restore high-touch support; no behaviour change at day 90 -> reassess suitability.,At Risk at day 45; any Key account change; customer pushback on the change.,MATERIAL_BROKER_INCONSISTENCY,Draft ready (not sent),MIG_PREENTRY,"Hi {first_name},

A quick tip: whenever you spot something you like while browsing the Fleek app, you can place the order directly there, at a time that suits you. I'll keep sourcing for you as usual, so nothing changes on my side. Let me know if a short walkthrough of the app would be helpful.

Best,
{sender_name}","WHY NOW: Broker-reliant Core account with healthy spend but only one self-serve order.
WHAT WE KNOW:
- Core, Broker-Reliant, Account Managed; £4,513 6m GMV; Reseller, United Kingdom; tenure 6 months.
- Momentum: Growing (Sep-Nov £496 -> Dec-Feb £4,018); Recently Active (last GMV month: February); 5 orders over 4 month(s).
- Dependency: High (broker reliance 78%; 4 AM-placed / 1 self-serve orders).
- Engagement: 10 product views, 6 app days, 0 offer(s), 3 Fleek chats, 0 video requests; basket Mixed.
- Warnings: MATERIAL_BROKER_INCONSISTENCY.
WHAT TO DO: Encourage a second self-serve checkout on stock the customer already wants; keep sourcing as usual; re-assess for Phase 1 next run.
WHAT NOT TO DO: Do not reduce sourcing support.
SUCCESS: Day 90: Self-Serve Capability Demonstrated (>=25 PDP views, >=6 app days, self-serve share above baseline) with GMV guardrail held.",,,,,Recently Active,Existing Customer,False,Not Eligible,Regular,Baseline,"Enter 90-day monitoring inputs; migration_progress_status updates (Baseline/Progressing/Capability/At Risk). Day-90 outcomes: Capability Demonstrated, Progressing - Extend, At Risk - Restore support, No Change - Reassess.",BASELINE,BASELINE,65f4916d6b6c
ACC-030,P2,Core,4415,1. Migration Candidate,Guided Self-Serve Migration,MIGRATION_PHASE1_READY,Ready — Hybrid,Draft Ready,Account Manager,False,False,PB03_GUIDED_MIGRATION,AM call + in-app walkthrough; automated milestone tracking,Day 0: AM walkthrough call on independent stock discovery.,15,"Day 90: Self-Serve Capability Demonstrated (>=25 PDP views, >=6 app days, self-serve share above baseline) with GMV guardrail held.",GMV guardrail breached (At Risk) -> restore high-touch support; no behaviour change at day 90 -> reassess suitability.,At Risk at day 45; any Key account change; customer pushback on the change.,H2_SINGLE_MONTH_SPIKE; NO_FEB_GMV (Feb unconfirmed),Draft ready (not sent),MIG_DAY0,"Hi {first_name},

Alongside the stock I source for you, I'd like to show you how to browse Fleek's full range directly in the app, so you can look through bundles and handpicked stock whenever it suits you, make an offer where it fits and place orders yourself. I'm still here for anything you need. Could we do a short walkthrough together this week?

Best,
{sender_name}","WHY NOW: Broker-reliant Core account with healthy, regular spend and repeat self-serve checkout, but little independent browsing.
WHAT WE KNOW:
- Core, Broker-Reliant, Account Managed; £4,415 6m GMV; Reseller, United Kingdom; tenure 48 months.
- Momentum: Growing (Sep-Nov £902 -> Dec-Feb £3,513); Recently Active (last GMV month: January); 5 orders over 4 month(s).
- Dependency: High (broker reliance 68%; 3 AM-placed / 2 self-serve orders).
- Engagement: 2 product views, 2 app days, 0 offer(s), 15 Fleek chats, 1 video requests; basket Mixed.
- Warnings: H2_SINGLE_MONTH_SPIKE; NO_FEB_GMV (Feb unconfirmed).
WHAT TO DO: Run the Phase 1 plan: Day 0 app walkthrough focused on finding stock independently; check-in Day 15-30; formal review Day 45; outcome Day 90.
WHAT NOT TO DO: Do not remove AM support; do not mention cost reduction or 'migration'.
SUCCESS: Day 90: Self-Serve Capability Demonstrated (>=25 PDP views, >=6 app days, self-serve share above baseline) with GMV guardrail held.",,,,,Recently Active,Existing Customer,False,Ready,Regular,Baseline,"Enter 90-day monitoring inputs; migration_progress_status updates (Baseline/Progressing/Capability/At Risk). Day-90 outcomes: Capability Demonstrated, Progressing - Extend, At Risk - Restore support, No Change - Reassess.",BASELINE,BASELINE,159c0643b8b5
ACC-031,P2,Core,4372,1. Migration Candidate,Guided Self-Serve Migration,MIGRATION_PHASE1_READY,Ready — Hybrid,Draft Ready,Account Manager,False,False,PB03_GUIDED_MIGRATION,AM call + in-app walkthrough; automated milestone tracking,Day 0: AM walkthrough call on independent stock discovery.,15,"Day 90: Self-Serve Capability Demonstrated (>=25 PDP views, >=6 app days, self-serve share above baseline) with GMV guardrail held.",GMV guardrail breached (At Risk) -> restore high-touch support; no behaviour change at day 90 -> reassess suitability.,At Risk at day 45; any Key account change; customer pushback on the change.,,Draft ready (not sent),MIG_DAY0,"Hi {first_name},

Alongside the stock I source for you, I'd like to show you how to browse Fleek's full range directly in the app, so you can look through bundles and handpicked stock whenever it suits you, make an offer where it fits and place orders yourself. I'm still here for anything you need. Could we do a short walkthrough together this week?

Best,
{sender_name}","WHY NOW: Broker-reliant Core account with healthy, regular spend and repeat self-serve checkout, but little independent browsing.
WHAT WE KNOW:
- Core, Broker-Reliant, Account Managed; £4,372 6m GMV; Reseller, France; tenure 9 months.
- Momentum: Growing (Sep-Nov £1,194 -> Dec-Feb £3,178); Recently Active (last GMV month: February); 8 orders over 3 month(s).
- Dependency: High (broker reliance 79%; 6 AM-placed / 2 self-serve orders).
- Engagement: 1 product views, 5 app days, 1 offer(s), 34 Fleek chats, 1 video requests; basket Mixed.
WHAT TO DO: Run the Phase 1 plan: Day 0 app walkthrough focused on finding stock independently; check-in Day 15-30; formal review Day 45; outcome Day 90.
WHAT NOT TO DO: Do not remove AM support; do not mention cost reduction or 'migration'.
SUCCESS: Day 90: Self-Serve Capability Demonstrated (>=25 PDP views, >=6 app days, self-serve share above baseline) with GMV guardrail held.",,,,,Recently Active,Existing Customer,False,Ready,Regular,Baseline,"Enter 90-day monitoring inputs; migration_progress_status updates (Baseline/Progressing/Capability/At Risk). Day-90 outcomes: Capability Demonstrated, Progressing - Extend, At Risk - Restore support, No Change - Reassess.",BASELINE,BASELINE,9699924bde84
ACC-032,P1,Core,4179,3. Win-Back / Verify,Verify Demand / Win-Back,LAPSED_THIN_HISTORY,Ready — Human,Draft Ready,Account Manager,False,False,PB02_VERIFY_WINBACK,"Personal email from AM, then call","Send cadence check-in (verify, don't assume churn).",14,"Cadence recorded and account reclassified, or a new order within 90 days (60 days for recent-inactivity checks).",Customer confirms infrequent/seasonal buying (set a reminder for their window) or confirms churn (log reason).,Key account with no response after 2 attempts -> Portfolio Lead.,LOW_CONFIDENCE,Draft ready (not sent),VERIFY_CADENCE,"Hi {first_name},

Thanks for your previous orders with Fleek. I wanted to check how you usually plan your stock buying (seasonal, project by project, or ongoing) so we can get in touch at the right moments rather than too often. Happy to talk on a quick call, or just reply here with what works for you.

Best,
{sender_name}","WHY NOW: Apparent lapse rests on 1-2 orders or one buying month; cadence is unknown.
WHAT WE KNOW:
- Core, Broker-Reliant, Account Managed; £4,179 6m GMV; Reseller, France; tenure 12 months.
- Momentum: Lapsed; No Meaningful History (last GMV month: November); 2 orders over 2 month(s).
- Dependency: High (broker reliance 80%; 2 AM-placed / 0 self-serve orders).
- Engagement: 10 product views, 1 app days, 1 offer(s), 64 Fleek chats, 0 video requests; basket Handpick-only.
- Warnings: LOW_CONFIDENCE.
WHAT TO DO: Do not assume churn. Verify expected purchase frequency first, then set the next contact window.
WHAT NOT TO DO: Do not treat as churn or run a discount-led win-back.
SUCCESS: Cadence recorded and account reclassified, or a new order within 90 days (60 days for recent-inactivity checks).",,,,,No Meaningful History,Existing Customer,False,Not Eligible,Lumpy,N/A,"If an order appears, the account re-segments automatically; if confirmed seasonal, suppress re-contact until the stated window.",BASELINE,BASELINE,8480fbee4c85
ACC-033,P2,Core,3925,1. Migration Candidate,Guided Self-Serve Migration,MIGRATION_PHASE1_REVIEW,Human Review Required,Awaiting Human Review,Account Manager,False,False,PB03_GUIDED_MIGRATION,AM call + in-app walkthrough; automated milestone tracking,AM resolves the Phase 1 guardrail(s) before any customer contact.,15,"Day 90: Self-Serve Capability Demonstrated (>=25 PDP views, >=6 app days, self-serve share above baseline) with GMV guardrail held.",GMV guardrail breached (At Risk) -> restore high-touch support; no behaviour change at day 90 -> reassess suitability.,At Risk at day 45; any Key account change; customer pushback on the change.,PHASE1_MANUAL_REVIEW; BORDERLINE_MOMENTUM,Withheld until human review is complete,,,"WHY NOW: Meets Phase 1 entry criteria but a guardrail (borderline/February-sensitive momentum, lumpy cadence or broker % inconsistency) must be resolved.
WHAT WE KNOW:
- Core, Broker-Reliant, Account Managed; £3,925 6m GMV; Reseller, Netherlands; tenure 7 months.
- Momentum: Stable (Sep-Nov £2,126 -> Dec-Feb £1,799); Recently Active (last GMV month: February); 8 orders over 5 month(s).
- Dependency: Medium (broker reliance 54%; 4 AM-placed / 4 self-serve orders).
- Engagement: 12 product views, 2 app days, 2 offer(s), 14 Fleek chats, 0 video requests; basket Bundle-only.
- Warnings: PHASE1_MANUAL_REVIEW; BORDERLINE_MOMENTUM.
WHAT TO DO: Resolve the listed guardrail(s) (verify order history / momentum), then decide Ready or not suitable. Record the decision.
WHAT NOT TO DO: Do not contact the customer about self-serve changes until review is complete.
SUCCESS: Day 90: Self-Serve Capability Demonstrated (>=25 PDP views, >=6 app days, self-serve share above baseline) with GMV guardrail held.",,,,,Recently Active,Existing Customer,False,Manual Review,Regular,Baseline,"Enter 90-day monitoring inputs; migration_progress_status updates (Baseline/Progressing/Capability/At Risk). Day-90 outcomes: Capability Demonstrated, Progressing - Extend, At Risk - Restore support, No Change - Reassess.",BASELINE,BASELINE,16ee29db7b94
ACC-034,P3,Core,3913,1. Migration Candidate,Guided Self-Serve Migration,MIGRATION_PRE_ENTRY,Ready — Human,Draft Ready,Account Manager,False,False,PB03_GUIDED_MIGRATION,AM call + in-app walkthrough; automated milestone tracking,AM encourages a second self-serve checkout.,15,"Day 90: Self-Serve Capability Demonstrated (>=25 PDP views, >=6 app days, self-serve share above baseline) with GMV guardrail held.",GMV guardrail breached (At Risk) -> restore high-touch support; no behaviour change at day 90 -> reassess suitability.,At Risk at day 45; any Key account change; customer pushback on the change.,LUMPY_CADENCE; MATERIAL_BROKER_INCONSISTENCY; H2_SINGLE_MONTH_SPIKE; NO_FEB_GMV (Feb unconfirmed),Draft ready (not sent),MIG_PREENTRY,"Hi {first_name},

A quick tip: whenever you spot something you like while browsing the Fleek app, you can place the order directly there, at a time that suits you. I'll keep sourcing for you as usual, so nothing changes on my side. Let me know if a short walkthrough of the app would be helpful.

Best,
{sender_name}","WHY NOW: Broker-reliant Core account with healthy spend but only one self-serve order.
WHAT WE KNOW:
- Core, Broker-Reliant, Account Managed; £3,913 6m GMV; Reseller, Germany; tenure 7 months.
- Momentum: Stable (Sep-Nov £1,941 -> Dec-Feb £1,971); Recently Active (last GMV month: January); 4 orders over 4 month(s).
- Dependency: High (broker reliance 82%; 3 AM-placed / 1 self-serve orders).
- Engagement: 9 product views, 5 app days, 1 offer(s), 76 Fleek chats, 0 video requests; basket Handpick-only.
- Warnings: LUMPY_CADENCE; MATERIAL_BROKER_INCONSISTENCY; H2_SINGLE_MONTH_SPIKE; NO_FEB_GMV (Feb unconfirmed).
WHAT TO DO: Encourage a second self-serve checkout on stock the customer already wants; keep sourcing as usual; re-assess for Phase 1 next run.
WHAT NOT TO DO: Do not reduce sourcing support.
SUCCESS: Day 90: Self-Serve Capability Demonstrated (>=25 PDP views, >=6 app days, self-serve share above baseline) with GMV guardrail held.",,,,,Recently Active,Existing Customer,False,Not Eligible,Lumpy,Baseline,"Enter 90-day monitoring inputs; migration_progress_status updates (Baseline/Progressing/Capability/At Risk). Day-90 outcomes: Capability Demonstrated, Progressing - Extend, At Risk - Restore support, No Change - Reassess.",BASELINE,BASELINE,879ab96f7320
ACC-035,P1,Core,3906,2. Protect / Retain First,Retention Conversation,DECLINING_KEY_CORE,Ready — Human,Draft Ready,Account Manager,False,False,PB01_RETENTION,"Personal email from AM, then call",Read brief; send outreach to book a review call.,7,"Root cause logged and next-90-day GMV back to at least the Sep-Nov (H1) level, or the decline arrested.","Customer confirms a planned pause/seasonal gap (log cadence), or no response after 2 attempts (escalate).","No response after 2 attempts, or Key account with further decline -> Portfolio Lead.",MATERIAL_BROKER_INCONSISTENCY; H2_SINGLE_MONTH_SPIKE; NO_FEB_GMV (Feb unconfirmed),Draft ready (not sent),RET_AM,"Hi {first_name},

I'd like to set up a short call to review how sourcing through Fleek is working for you at the moment and what you're planning to buy over the next few months. It will help me make sure the stock I source for you (handpicked stock) is the right fit. Would sometime later this week or early next week suit you?

Best,
{sender_name}","WHY NOW: Commercially important, broker-led spend is falling.
WHAT WE KNOW:
- Core, Broker-Reliant, Account Managed; £3,906 6m GMV; Reseller, United Kingdom; tenure 19 months.
- Momentum: Declining (Sep-Nov £2,595 -> Dec-Feb £1,311); Recently Active (last GMV month: January); 5 orders over 3 month(s).
- Dependency: Medium (broker reliance 55%; 3 AM-placed / 2 self-serve orders).
- Engagement: 11 product views, 6 app days, 0 offer(s), 86 Fleek chats, 3 video requests; basket Handpick-only.
- Warnings: MATERIAL_BROKER_INCONSISTENCY; H2_SINGLE_MONTH_SPIKE; NO_FEB_GMV (Feb unconfirmed).
WHAT TO DO: Book a conversation. Explore stock availability, price, assortment fit, buying cadence, competitor/offline wholesaler use and operational friction. Agree a recovery plan.
WHAT NOT TO DO: Do not reduce AM support or push migration; do not suggest the customer is at fault; do not propose chat/video/feature usage as the fix.
SUCCESS: Root cause logged and next-90-day GMV back to at least the Sep-Nov (H1) level, or the decline arrested.",,,,,Recently Active,Existing Customer,False,Not Eligible,Regular,N/A,"Stay in playbook while momentum is Declining; exit when momentum is Stable/Growing for a full run; if the account lapses, NBA moves to Verify/Win-Back.",BASELINE,BASELINE,54b853a6f434
ACC-036,P2,Core,3879,1. Migration Candidate,Guided Self-Serve Migration,MIGRATION_PHASE1_REVIEW,Human Review Required,Awaiting Human Review,Account Manager,False,False,PB03_GUIDED_MIGRATION,AM call + in-app walkthrough; automated milestone tracking,AM resolves the Phase 1 guardrail(s) before any customer contact.,15,"Day 90: Self-Serve Capability Demonstrated (>=25 PDP views, >=6 app days, self-serve share above baseline) with GMV guardrail held.",GMV guardrail breached (At Risk) -> restore high-touch support; no behaviour change at day 90 -> reassess suitability.,At Risk at day 45; any Key account change; customer pushback on the change.,PHASE1_MANUAL_REVIEW; LUMPY_CADENCE; H2_SINGLE_MONTH_SPIKE; NO_FEB_GMV (Feb unconfirmed),Withheld until human review is complete,,,"WHY NOW: Meets Phase 1 entry criteria but a guardrail (borderline/February-sensitive momentum, lumpy cadence or broker % inconsistency) must be resolved.
WHAT WE KNOW:
- Core, Broker-Reliant, Account Managed; £3,879 6m GMV; Retailer, United Kingdom; tenure 13 months.
- Momentum: Growing (Sep-Nov £369 -> Dec-Feb £3,510); Recently Active (last GMV month: January); 37 orders over 2 month(s).
- Dependency: High (broker reliance 76%; 28 AM-placed / 9 self-serve orders).
- Engagement: 2 product views, 6 app days, 1 offer(s), 22 Fleek chats, 0 video requests; basket Mixed.
- Warnings: PHASE1_MANUAL_REVIEW; LUMPY_CADENCE; H2_SINGLE_MONTH_SPIKE; NO_FEB_GMV (Feb unconfirmed).
WHAT TO DO: Resolve the listed guardrail(s) (verify order history / momentum), then decide Ready or not suitable. Record the decision.
WHAT NOT TO DO: Do not contact the customer about self-serve changes until review is complete.
SUCCESS: Day 90: Self-Serve Capability Demonstrated (>=25 PDP views, >=6 app days, self-serve share above baseline) with GMV guardrail held.",,,,,Recently Active,Existing Customer,False,Manual Review,Lumpy,Baseline,"Enter 90-day monitoring inputs; migration_progress_status updates (Baseline/Progressing/Capability/At Risk). Day-90 outcomes: Capability Demonstrated, Progressing - Extend, At Risk - Restore support, No Change - Reassess.",BASELINE,BASELINE,bf548797d462
ACC-037,P1,Core,3863,2. Protect / Retain First,Retention Conversation,DECLINING_KEY_CORE,Ready — Human,Draft Ready,Account Manager,False,False,PB01_RETENTION,"Personal email from AM, then call",Read brief; send outreach to book a review call.,7,"Root cause logged and next-90-day GMV back to at least the Sep-Nov (H1) level, or the decline arrested.","Customer confirms a planned pause/seasonal gap (log cadence), or no response after 2 attempts (escalate).","No response after 2 attempts, or Key account with further decline -> Portfolio Lead.",,Draft ready (not sent),RET_AM,"Hi {first_name},

I'd like to set up a short call to review how sourcing through Fleek is working for you at the moment and what you're planning to buy over the next few months. It will help me make sure the stock I source for you (bundles and handpicked stock) is the right fit. Would sometime later this week or early next week suit you?

Best,
{sender_name}","WHY NOW: Commercially important, broker-led spend is falling.
WHAT WE KNOW:
- Core, Broker-Reliant, Account Managed; £3,863 6m GMV; Reseller, Belgium; tenure 11 months.
- Momentum: Declining (Sep-Nov £2,595 -> Dec-Feb £1,267); Recently Active (last GMV month: February); 7 orders over 4 month(s).
- Dependency: High (broker reliance 84%; 6 AM-placed / 1 self-serve orders).
- Engagement: 8 product views, 2 app days, 1 offer(s), 55 Fleek chats, 0 video requests; basket Mixed.
WHAT TO DO: Book a conversation. Explore stock availability, price, assortment fit, buying cadence, competitor/offline wholesaler use and operational friction. Agree a recovery plan.
WHAT NOT TO DO: Do not reduce AM support or push migration; do not suggest the customer is at fault; do not propose chat/video/feature usage as the fix.
SUCCESS: Root cause logged and next-90-day GMV back to at least the Sep-Nov (H1) level, or the decline arrested.",,,,,Recently Active,Existing Customer,False,Not Eligible,Regular,N/A,"Stay in playbook while momentum is Declining; exit when momentum is Stable/Growing for a full run; if the account lapses, NBA moves to Verify/Win-Back.",BASELINE,BASELINE,f3fb6364e78b
ACC-038,P1,Core,3702,8. Retention / Reactivation,Verify Demand / Win-Back,LAPSED_THIN_HISTORY,Ready — Human,Draft Ready,Account Manager,False,False,PB02_VERIFY_WINBACK,"Personal email from AM, then call","Send cadence check-in (verify, don't assume churn).",14,"Cadence recorded and account reclassified, or a new order within 90 days (60 days for recent-inactivity checks).",Customer confirms infrequent/seasonal buying (set a reminder for their window) or confirms churn (log reason).,Key account with no response after 2 attempts -> Portfolio Lead.,LOW_CONFIDENCE,Draft ready (not sent),VERIFY_CADENCE,"Hi {first_name},

Thanks for your previous orders with Fleek. I wanted to check how you usually plan your stock buying (seasonal, project by project, or ongoing) so we can get in touch at the right moments rather than too often. Happy to talk on a quick call, or just reply here with what works for you.

Best,
{sender_name}","WHY NOW: Apparent lapse rests on 1-2 orders or one buying month; cadence is unknown.
WHAT WE KNOW:
- Core, AM-Owned / Self-Serving, Account Managed; £3,702 6m GMV; Retailer, United Kingdom; tenure 32 months.
- Momentum: Lapsed; No Meaningful History (last GMV month: October); 2 orders over 2 month(s).
- Dependency: Low (broker reliance 4%; 0 AM-placed / 2 self-serve orders).
- Engagement: 78 product views, 16 app days, 2 offer(s), 37 Fleek chats, 0 video requests; basket Handpick-only.
- Warnings: LOW_CONFIDENCE.
WHAT TO DO: Do not assume churn. Verify expected purchase frequency first, then set the next contact window.
WHAT NOT TO DO: Do not treat as churn or run a discount-led win-back.
SUCCESS: Cadence recorded and account reclassified, or a new order within 90 days (60 days for recent-inactivity checks).",,,,,No Meaningful History,Existing Customer,False,Not Eligible,Lumpy,N/A,"If an order appears, the account re-segments automatically; if confirmed seasonal, suppress re-contact until the stated window.",BASELINE,BASELINE,172ea5e0f915
ACC-039,P3,Core,3626,1. Migration Candidate,Guided Self-Serve Migration,MIGRATION_PRE_ENTRY,Ready — Human,Draft Ready,Account Manager,False,False,PB03_GUIDED_MIGRATION,AM call + in-app walkthrough; automated milestone tracking,AM encourages a second self-serve checkout.,15,"Day 90: Self-Serve Capability Demonstrated (>=25 PDP views, >=6 app days, self-serve share above baseline) with GMV guardrail held.",GMV guardrail breached (At Risk) -> restore high-touch support; no behaviour change at day 90 -> reassess suitability.,At Risk at day 45; any Key account change; customer pushback on the change.,LUMPY_CADENCE; FEB_SENSITIVE; H2_SINGLE_MONTH_SPIKE,Draft ready (not sent),MIG_PREENTRY,"Hi {first_name},

A quick tip: whenever you spot something you like while browsing the Fleek app, you can place the order directly there, at a time that suits you. I'll keep sourcing for you as usual, so nothing changes on my side. Let me know if a short walkthrough of the app would be helpful.

Best,
{sender_name}","WHY NOW: Broker-reliant Core account with healthy spend but only one self-serve order.
WHAT WE KNOW:
- Core, Broker-Reliant, Account Managed; £3,626 6m GMV; Reseller, France; tenure 22 months.
- Momentum: Growing (Sep-Nov £1,453 -> Dec-Feb £2,173); Recently Active (last GMV month: February); 4 orders over 3 month(s).
- Dependency: High (broker reliance 70%; 3 AM-placed / 1 self-serve orders).
- Engagement: 11 product views, 5 app days, 1 offer(s), 159 Fleek chats, 1 video requests; basket Mixed.
- Warnings: LUMPY_CADENCE; FEB_SENSITIVE; H2_SINGLE_MONTH_SPIKE.
WHAT TO DO: Encourage a second self-serve checkout on stock the customer already wants; keep sourcing as usual; re-assess for Phase 1 next run.
WHAT NOT TO DO: Do not reduce sourcing support.
SUCCESS: Day 90: Self-Serve Capability Demonstrated (>=25 PDP views, >=6 app days, self-serve share above baseline) with GMV guardrail held.",,,,,Recently Active,Existing Customer,False,Not Eligible,Lumpy,Baseline,"Enter 90-day monitoring inputs; migration_progress_status updates (Baseline/Progressing/Capability/At Risk). Day-90 outcomes: Capability Demonstrated, Progressing - Extend, At Risk - Restore support, No Change - Reassess.",BASELINE,BASELINE,0fcf3873bc5c
ACC-040,P1,Core,3579,2. Protect / Retain First,Retention Conversation,DECLINING_KEY_CORE,Ready — Human,Draft Ready,Account Manager,False,False,PB01_RETENTION,"Personal email from AM, then call",Read brief; send outreach to book a review call.,7,"Root cause logged and next-90-day GMV back to at least the Sep-Nov (H1) level, or the decline arrested.","Customer confirms a planned pause/seasonal gap (log cadence), or no response after 2 attempts (escalate).","No response after 2 attempts, or Key account with further decline -> Portfolio Lead.",FEB_SENSITIVE; H2_SINGLE_MONTH_SPIKE,Draft ready (not sent),RET_AM,"Hi {first_name},

I'd like to set up a short call to review how sourcing through Fleek is working for you at the moment and what you're planning to buy over the next few months. It will help me make sure the stock I source for you (handpicked stock) is the right fit. Would sometime later this week or early next week suit you?

Best,
{sender_name}","WHY NOW: Commercially important, broker-led spend is falling.
WHAT WE KNOW:
- Core, Broker-Reliant, Account Managed; £3,579 6m GMV; Reseller, United States; tenure 12 months.
- Momentum: Declining (Sep-Nov £2,692 -> Dec-Feb £887); Recently Active (last GMV month: February); 6 orders over 3 month(s).
- Dependency: High (broker reliance 72%; 4 AM-placed / 2 self-serve orders).
- Engagement: 13 product views, 6 app days, 1 offer(s), 8 Fleek chats, 1 video requests; basket Handpick-only.
- Warnings: FEB_SENSITIVE; H2_SINGLE_MONTH_SPIKE.
WHAT TO DO: Book a conversation. Explore stock availability, price, assortment fit, buying cadence, competitor/offline wholesaler use and operational friction. Agree a recovery plan.
WHAT NOT TO DO: Do not reduce AM support or push migration; do not suggest the customer is at fault; do not propose chat/video/feature usage as the fix.
SUCCESS: Root cause logged and next-90-day GMV back to at least the Sep-Nov (H1) level, or the decline arrested.",,,,,Recently Active,Existing Customer,False,Not Eligible,Regular,N/A,"Stay in playbook while momentum is Declining; exit when momentum is Stable/Growing for a full run; if the account lapses, NBA moves to Verify/Win-Back.",BASELINE,BASELINE,923b662583c0
ACC-041,P1,Core,3549,2. Protect / Retain First,Retention Conversation,DECLINING_KEY_CORE,Ready — Human,Draft Ready,Account Manager,False,False,PB01_RETENTION,"Personal email from AM, then call",Read brief; send outreach to book a review call.,7,"Root cause logged and next-90-day GMV back to at least the Sep-Nov (H1) level, or the decline arrested.","Customer confirms a planned pause/seasonal gap (log cadence), or no response after 2 attempts (escalate).","No response after 2 attempts, or Key account with further decline -> Portfolio Lead.",MATERIAL_BROKER_INCONSISTENCY; NO_FEB_GMV (Feb unconfirmed),Draft ready (not sent),RET_AM,"Hi {first_name},

I'd like to set up a short call to review how sourcing through Fleek is working for you at the moment and what you're planning to buy over the next few months. It will help me make sure the stock I source for you (bundles and handpicked stock) is the right fit. Would sometime later this week or early next week suit you?

Best,
{sender_name}","WHY NOW: Commercially important, broker-led spend is falling.
WHAT WE KNOW:
- Core, Broker-Reliant, Account Managed; £3,549 6m GMV; Reseller, France; tenure 28 months.
- Momentum: Declining (Sep-Nov £2,505 -> Dec-Feb £1,045); Recently Active (last GMV month: January); 7 orders over 5 month(s).
- Dependency: High (broker reliance 61%; 4 AM-placed / 3 self-serve orders).
- Engagement: 2 product views, 6 app days, 0 offer(s), 25 Fleek chats, 0 video requests; basket Mixed.
- Warnings: MATERIAL_BROKER_INCONSISTENCY; NO_FEB_GMV (Feb unconfirmed).
WHAT TO DO: Book a conversation. Explore stock availability, price, assortment fit, buying cadence, competitor/offline wholesaler use and operational friction. Agree a recovery plan.
WHAT NOT TO DO: Do not reduce AM support or push migration; do not suggest the customer is at fault; do not propose chat/video/feature usage as the fix.
SUCCESS: Root cause logged and next-90-day GMV back to at least the Sep-Nov (H1) level, or the decline arrested.",,,,,Recently Active,Existing Customer,False,Not Eligible,Regular,N/A,"Stay in playbook while momentum is Declining; exit when momentum is Stable/Growing for a full run; if the account lapses, NBA moves to Verify/Win-Back.",BASELINE,BASELINE,664c8c477044
ACC-042,P1,Core,3478,8. Retention / Reactivation,Verify Demand / Win-Back,LAPSED_THIN_HISTORY,Ready — Human,Draft Ready,Account Manager,False,False,PB02_VERIFY_WINBACK,"Personal email from AM, then call","Send cadence check-in (verify, don't assume churn).",14,"Cadence recorded and account reclassified, or a new order within 90 days (60 days for recent-inactivity checks).",Customer confirms infrequent/seasonal buying (set a reminder for their window) or confirms churn (log reason).,Key account with no response after 2 attempts -> Portfolio Lead.,LOW_CONFIDENCE,Draft ready (not sent),VERIFY_CADENCE,"Hi {first_name},

Thanks for your previous orders with Fleek. I wanted to check how you usually plan your stock buying (seasonal, project by project, or ongoing) so we can get in touch at the right moments rather than too often. Happy to talk on a quick call, or just reply here with what works for you.

Best,
{sender_name}","WHY NOW: Apparent lapse rests on 1-2 orders or one buying month; cadence is unknown.
WHAT WE KNOW:
- Core, AM-Owned / Self-Serving, Account Managed; £3,478 6m GMV; Reseller, Switzerland; tenure 34 months.
- Momentum: Lapsed; No Meaningful History (last GMV month: September); 1 orders over 1 month(s).
- Dependency: Low (broker reliance 6%; 0 AM-placed / 1 self-serve orders).
- Engagement: 1 product views, 1 app days, 0 offer(s), 53 Fleek chats, 0 video requests; basket Handpick-only.
- Warnings: LOW_CONFIDENCE.
WHAT TO DO: Do not assume churn. Verify expected purchase frequency first, then set the next contact window.
WHAT NOT TO DO: Do not treat as churn or run a discount-led win-back.
SUCCESS: Cadence recorded and account reclassified, or a new order within 90 days (60 days for recent-inactivity checks).",,,,,No Meaningful History,Existing Customer,False,Not Eligible,Lumpy,N/A,"If an order appears, the account re-segments automatically; if confirmed seasonal, suppress re-contact until the stated window.",BASELINE,BASELINE,931083a5e42a
ACC-043,P1,Core,3434,2. Protect / Retain First,Retention Conversation,DECLINING_KEY_CORE,Ready — Human,Draft Ready,Account Manager,False,False,PB01_RETENTION,"Personal email from AM, then call",Read brief; send outreach to book a review call.,7,"Root cause logged and next-90-day GMV back to at least the Sep-Nov (H1) level, or the decline arrested.","Customer confirms a planned pause/seasonal gap (log cadence), or no response after 2 attempts (escalate).","No response after 2 attempts, or Key account with further decline -> Portfolio Lead.",H2_SINGLE_MONTH_SPIKE; NO_FEB_GMV (Feb unconfirmed),Draft ready (not sent),RET_AM,"Hi {first_name},

I'd like to set up a short call to review how sourcing through Fleek is working for you at the moment and what you're planning to buy over the next few months. It will help me make sure the stock I source for you (bundles and handpicked stock) is the right fit. Would sometime later this week or early next week suit you?

Best,
{sender_name}","WHY NOW: Commercially important, broker-led spend is falling.
WHAT WE KNOW:
- Core, Broker-Reliant, Account Managed; £3,434 6m GMV; Reseller, France; tenure 20 months.
- Momentum: Declining (Sep-Nov £2,455 -> Dec-Feb £980); Recently Active (last GMV month: January); 5 orders over 3 month(s).
- Dependency: High (broker reliance 64%; 3 AM-placed / 2 self-serve orders).
- Engagement: 3 product views, 5 app days, 1 offer(s), 36 Fleek chats, 0 video requests; basket Mixed.
- Warnings: H2_SINGLE_MONTH_SPIKE; NO_FEB_GMV (Feb unconfirmed).
WHAT TO DO: Book a conversation. Explore stock availability, price, assortment fit, buying cadence, competitor/offline wholesaler use and operational friction. Agree a recovery plan.
WHAT NOT TO DO: Do not reduce AM support or push migration; do not suggest the customer is at fault; do not propose chat/video/feature usage as the fix.
SUCCESS: Root cause logged and next-90-day GMV back to at least the Sep-Nov (H1) level, or the decline arrested.",,,,,Recently Active,Existing Customer,False,Not Eligible,Regular,N/A,"Stay in playbook while momentum is Declining; exit when momentum is Stable/Growing for a full run; if the account lapses, NBA moves to Verify/Win-Back.",BASELINE,BASELINE,635522c38afb
ACC-044,P1,Core,3383,3. Win-Back / Verify,Verify Demand / Win-Back,LAPSED_THIN_HISTORY,Ready — Human,Draft Ready,Account Manager,False,False,PB02_VERIFY_WINBACK,"Personal email from AM, then call","Send cadence check-in (verify, don't assume churn).",14,"Cadence recorded and account reclassified, or a new order within 90 days (60 days for recent-inactivity checks).",Customer confirms infrequent/seasonal buying (set a reminder for their window) or confirms churn (log reason).,Key account with no response after 2 attempts -> Portfolio Lead.,,Draft ready (not sent),VERIFY_CADENCE,"Hi {first_name},

Thanks for your previous orders with Fleek. I wanted to check how you usually plan your stock buying (seasonal, project by project, or ongoing) so we can get in touch at the right moments rather than too often. Happy to talk on a quick call, or just reply here with what works for you.

Best,
{sender_name}","WHY NOW: Apparent lapse rests on 1-2 orders or one buying month; cadence is unknown.
WHAT WE KNOW:
- Core, Broker-Reliant, Account Managed; £3,383 6m GMV; Retailer, France; tenure 8 months.
- Momentum: Lapsed; No Meaningful History (last GMV month: September); 3 orders over 1 month(s).
- Dependency: High (broker reliance 66%; 2 AM-placed / 1 self-serve orders).
- Engagement: 3 product views, 0 app days, 1 offer(s), 8 Fleek chats, 0 video requests; basket Bundle-only.
WHAT TO DO: Do not assume churn. Verify expected purchase frequency first, then set the next contact window.
WHAT NOT TO DO: Do not treat as churn or run a discount-led win-back.
SUCCESS: Cadence recorded and account reclassified, or a new order within 90 days (60 days for recent-inactivity checks).",,,,,No Meaningful History,Existing Customer,False,Not Eligible,Lumpy,N/A,"If an order appears, the account re-segments automatically; if confirmed seasonal, suppress re-contact until the stated window.",BASELINE,BASELINE,a9062c502f88
ACC-045,P1,Core,3331,2. Protect / Retain First,Retention Conversation,DECLINING_KEY_CORE,Ready — Human,Draft Ready,Account Manager,False,False,PB01_RETENTION,"Personal email from AM, then call",Read brief; send outreach to book a review call.,7,"Root cause logged and next-90-day GMV back to at least the Sep-Nov (H1) level, or the decline arrested.","Customer confirms a planned pause/seasonal gap (log cadence), or no response after 2 attempts (escalate).","No response after 2 attempts, or Key account with further decline -> Portfolio Lead.",,Draft ready (not sent),RET_AM,"Hi {first_name},

I'd like to set up a short call to review how sourcing through Fleek is working for you at the moment and what you're planning to buy over the next few months. It will help me make sure the stock I source for you (bundles and handpicked stock) is the right fit. Would sometime later this week or early next week suit you?

Best,
{sender_name}","WHY NOW: Commercially important, broker-led spend is falling.
WHAT WE KNOW:
- Core, Broker-Reliant, Account Managed; £3,331 6m GMV; Reseller, New Zealand; tenure 7 months.
- Momentum: Declining (Sep-Nov £2,556 -> Dec-Feb £775); Recently Active (last GMV month: February); 18 orders over 5 month(s).
- Dependency: Medium (broker reliance 52%; 9 AM-placed / 9 self-serve orders).
- Engagement: 13 product views, 2 app days, 2 offer(s), 9 Fleek chats, 1 video requests; basket Mixed.
WHAT TO DO: Book a conversation. Explore stock availability, price, assortment fit, buying cadence, competitor/offline wholesaler use and operational friction. Agree a recovery plan.
WHAT NOT TO DO: Do not reduce AM support or push migration; do not suggest the customer is at fault; do not propose chat/video/feature usage as the fix.
SUCCESS: Root cause logged and next-90-day GMV back to at least the Sep-Nov (H1) level, or the decline arrested.",,,,,Recently Active,Existing Customer,False,Not Eligible,Regular,N/A,"Stay in playbook while momentum is Declining; exit when momentum is Stable/Growing for a full run; if the account lapses, NBA moves to Verify/Win-Back.",BASELINE,BASELINE,c17333135b8d
ACC-046,P1,Core,3283,2. Protect / Retain First,Retention Conversation,DECLINING_KEY_CORE,Ready — Human,Draft Ready,Account Manager,False,False,PB01_RETENTION,"Personal email from AM, then call",Read brief; send outreach to book a review call.,7,"Root cause logged and next-90-day GMV back to at least the Sep-Nov (H1) level, or the decline arrested.","Customer confirms a planned pause/seasonal gap (log cadence), or no response after 2 attempts (escalate).","No response after 2 attempts, or Key account with further decline -> Portfolio Lead.",FEB_SENSITIVE; H2_SINGLE_MONTH_SPIKE,Draft ready (not sent),RET_AM,"Hi {first_name},

I'd like to set up a short call to review how sourcing through Fleek is working for you at the moment and what you're planning to buy over the next few months. It will help me make sure the stock I source for you (handpicked stock) is the right fit. Would sometime later this week or early next week suit you?

Best,
{sender_name}","WHY NOW: Commercially important, broker-led spend is falling.
WHAT WE KNOW:
- Core, Broker-Reliant, Account Managed; £3,283 6m GMV; Reseller, Portugal; tenure 11 months.
- Momentum: Declining (Sep-Nov £2,081 -> Dec-Feb £1,202); Recently Active (last GMV month: February); 3 orders over 2 month(s).
- Dependency: High (broker reliance 60%; 2 AM-placed / 1 self-serve orders).
- Engagement: 1 product views, 1 app days, 1 offer(s), 27 Fleek chats, 0 video requests; basket Handpick-only.
- Warnings: FEB_SENSITIVE; H2_SINGLE_MONTH_SPIKE.
WHAT TO DO: Book a conversation. Explore stock availability, price, assortment fit, buying cadence, competitor/offline wholesaler use and operational friction. Agree a recovery plan.
WHAT NOT TO DO: Do not reduce AM support or push migration; do not suggest the customer is at fault; do not propose chat/video/feature usage as the fix.
SUCCESS: Root cause logged and next-90-day GMV back to at least the Sep-Nov (H1) level, or the decline arrested.",,,,,Recently Active,Existing Customer,False,Not Eligible,Lumpy,N/A,"Stay in playbook while momentum is Declining; exit when momentum is Stable/Growing for a full run; if the account lapses, NBA moves to Verify/Win-Back.",BASELINE,BASELINE,22073667808a
ACC-047,P2,Core,3200,4. Establish / Re-establish / Observe,Establish / Re-establish,RETURNED_CUSTOMER,Ready — Human,Draft Ready,Account Manager,False,False,PB04_ESTABLISH,"Personal email from AM, then call",Send welcome-back outreach; book a call.,10,New: 2+ orders across 2+ months within 90 days. Returned: orders in at least 2 of the next 3 months.,Second order placed (new) or cadence agreed (returned).,Returned Key account with no response after 2 attempts -> Portfolio Lead.,,Draft ready (not sent),EST_RETURNED,"Hi {first_name},

Great to see you ordering with Fleek again. I'd love to catch up on what you're sourcing at the moment and how often you're planning to buy, so we can make sure the right bundles and handpicked stock is in front of you. Would a quick call in the next week or two work?

Best,
{sender_name}","WHY NOW: Long-tenured customer returned in Dec-Feb after no Sep-Nov spend.
WHAT WE KNOW:
- Core, Broker-Reliant, Account Managed; £3,200 6m GMV; Reseller, United Kingdom; tenure 10 months.
- Momentum: H2 Active / No H1 GMV; Recently Active (last GMV month: February); 6 orders over 2 month(s).
- Dependency: Medium (broker reliance 53%; 3 AM-placed / 3 self-serve orders).
- Engagement: 2 product views, 8 app days, 1 offer(s), 15 Fleek chats, 3 video requests; basket Mixed.
WHAT TO DO: Welcome-back conversation: what brought them back, what they are sourcing now, how often they plan to buy.
WHAT NOT TO DO: Do not treat them as a brand-new customer.
SUCCESS: New: 2+ orders across 2+ months within 90 days. Returned: orders in at least 2 of the next 3 months.",,,,,Recently Active,Returned Customer,False,Not Eligible,Lumpy,N/A,Once H1/H2 history exists the account leaves this playbook automatically via re-segmentation.,BASELINE,BASELINE,d857ee7a7173
ACC-048,P2,Core,3113,7. Onboard / Re-engage / Learn,Establish / Re-establish,RETURNED_CUSTOMER,Ready — Human,Draft Ready,Account Manager,False,False,PB04_ESTABLISH,"Personal email from AM, then call",Send welcome-back outreach; book a call.,10,New: 2+ orders across 2+ months within 90 days. Returned: orders in at least 2 of the next 3 months.,Second order placed (new) or cadence agreed (returned).,Returned Key account with no response after 2 attempts -> Portfolio Lead.,MATERIAL_BROKER_INCONSISTENCY; H2_SINGLE_MONTH_SPIKE,Draft ready (not sent),EST_RETURNED,"Hi {first_name},

Great to see you ordering with Fleek again. I'd love to catch up on what you're sourcing at the moment and how often you're planning to buy, so we can make sure the right handpicked stock is in front of you. Would a quick call in the next week or two work?

Best,
{sender_name}","WHY NOW: Long-tenured customer returned in Dec-Feb after no Sep-Nov spend.
WHAT WE KNOW:
- Core, AM-Owned / Self-Serving, Account Managed; £3,113 6m GMV; Reseller, United Kingdom; tenure 14 months.
- Momentum: H2 Active / No H1 GMV; Recently Active (last GMV month: February); 4 orders over 2 month(s).
- Dependency: Low (broker reliance 15%; 1 AM-placed / 3 self-serve orders).
- Engagement: 488 product views, 30 app days, 1 offer(s), 24 Fleek chats, 0 video requests; basket Handpick-only.
- Warnings: MATERIAL_BROKER_INCONSISTENCY; H2_SINGLE_MONTH_SPIKE.
WHAT TO DO: Welcome-back conversation: what brought them back, what they are sourcing now, how often they plan to buy.
WHAT NOT TO DO: Do not treat them as a brand-new customer.
SUCCESS: New: 2+ orders across 2+ months within 90 days. Returned: orders in at least 2 of the next 3 months.",,,,,Recently Active,Returned Customer,False,Not Eligible,Lumpy,N/A,Once H1/H2 history exists the account leaves this playbook automatically via re-segmentation.,BASELINE,BASELINE,85c8f6987236
ACC-049,P3,Core,3111,1. Migration Candidate,Guided Self-Serve Migration,MIGRATION_PRE_ENTRY,Ready — Human,Draft Ready,Account Manager,False,False,PB03_GUIDED_MIGRATION,AM call + in-app walkthrough; automated milestone tracking,AM encourages a second self-serve checkout.,15,"Day 90: Self-Serve Capability Demonstrated (>=25 PDP views, >=6 app days, self-serve share above baseline) with GMV guardrail held.",GMV guardrail breached (At Risk) -> restore high-touch support; no behaviour change at day 90 -> reassess suitability.,At Risk at day 45; any Key account change; customer pushback on the change.,,Draft ready (not sent),MIG_PREENTRY,"Hi {first_name},

A quick tip: whenever you spot something you like while browsing the Fleek app, you can place the order directly there, at a time that suits you. I'll keep sourcing for you as usual, so nothing changes on my side. Let me know if a short walkthrough of the app would be helpful.

Best,
{sender_name}","WHY NOW: Broker-reliant Core account with healthy spend but only one self-serve order.
WHAT WE KNOW:
- Core, Broker-Reliant, Account Managed; £3,111 6m GMV; Reseller, United Kingdom; tenure 10 months.
- Momentum: Growing (Sep-Nov £765 -> Dec-Feb £2,347); Recently Active (last GMV month: February); 7 orders over 5 month(s).
- Dependency: High (broker reliance 81%; 6 AM-placed / 1 self-serve orders).
- Engagement: 13 product views, 8 app days, 1 offer(s), 20 Fleek chats, 0 video requests; basket Bundle-only.
WHAT TO DO: Encourage a second self-serve checkout on stock the customer already wants; keep sourcing as usual; re-assess for Phase 1 next run.
WHAT NOT TO DO: Do not reduce sourcing support.
SUCCESS: Day 90: Self-Serve Capability Demonstrated (>=25 PDP views, >=6 app days, self-serve share above baseline) with GMV guardrail held.",,,,,Recently Active,Existing Customer,False,Not Eligible,Regular,Baseline,"Enter 90-day monitoring inputs; migration_progress_status updates (Baseline/Progressing/Capability/At Risk). Day-90 outcomes: Capability Demonstrated, Progressing - Extend, At Risk - Restore support, No Change - Reassess.",BASELINE,BASELINE,e8d7cc4929a3
ACC-050,P1,Core,3044,3. Win-Back / Verify,Verify Demand / Win-Back,LAPSED_THIN_HISTORY,Ready — Human,Draft Ready,Account Manager,False,False,PB02_VERIFY_WINBACK,"Personal email from AM, then call","Send cadence check-in (verify, don't assume churn).",14,"Cadence recorded and account reclassified, or a new order within 90 days (60 days for recent-inactivity checks).",Customer confirms infrequent/seasonal buying (set a reminder for their window) or confirms churn (log reason).,Key account with no response after 2 attempts -> Portfolio Lead.,,Draft ready (not sent),VERIFY_CADENCE,"Hi {first_name},

Thanks for your previous orders with Fleek. I wanted to check how you usually plan your stock buying (seasonal, project by project, or ongoing) so we can get in touch at the right moments rather than too often. Happy to talk on a quick call, or just reply here with what works for you.

Best,
{sender_name}","WHY NOW: Apparent lapse rests on 1-2 orders or one buying month; cadence is unknown.
WHAT WE KNOW:
- Core, Broker-Reliant, Account Managed; £3,044 6m GMV; Reseller, Germany; tenure 7 months.
- Momentum: Lapsed; No Meaningful History (last GMV month: October); 6 orders over 1 month(s).
- Dependency: Medium (broker reliance 46%; 3 AM-placed / 3 self-serve orders).
- Engagement: 9 product views, 5 app days, 1 offer(s), 79 Fleek chats, 1 video requests; basket Mixed.
WHAT TO DO: Do not assume churn. Verify expected purchase frequency first, then set the next contact window.
WHAT NOT TO DO: Do not treat as churn or run a discount-led win-back.
SUCCESS: Cadence recorded and account reclassified, or a new order within 90 days (60 days for recent-inactivity checks).",,,,,No Meaningful History,Existing Customer,False,Not Eligible,Lumpy,N/A,"If an order appears, the account re-segments automatically; if confirmed seasonal, suppress re-contact until the stated window.",BASELINE,BASELINE,40b9f8023762
ACC-051,P1,Core,2992,8. Retention / Reactivation,Retention Conversation,ENGAGED_BUT_SHRINKING,Ready — Human,Draft Ready,Account Manager,False,False,PB01_RETENTION,"Personal email from AM, then call",Read brief; send outreach to book a call.,7,"Root cause logged and next-90-day GMV back to at least the Sep-Nov (H1) level, or the decline arrested.","Customer confirms a planned pause/seasonal gap (log cadence), or no response after 2 attempts (escalate).","No response after 2 attempts, or Key account with further decline -> Portfolio Lead.",,Draft ready (not sent),RET_AM,"Hi {first_name},

I'd like to set up a short call to review how sourcing through Fleek is working for you at the moment and what you're planning to buy over the next few months. It will help me make sure the stock I source for you (bundles and handpicked stock) is the right fit. Would sometime later this week or early next week suit you?

Best,
{sender_name}","WHY NOW: Heavily self-serving account whose spend is falling; product adoption is not the issue.
WHAT WE KNOW:
- Core, AM-Owned / Self-Serving, Account Managed; £2,992 6m GMV; Reseller, Austria; tenure 8 months.
- Momentum: Declining (Sep-Nov £1,724 -> Dec-Feb £1,268); Recently Active (last GMV month: February); 7 orders over 4 month(s).
- Dependency: Low (broker reliance 12%; 1 AM-placed / 6 self-serve orders).
- Engagement: 2403 product views, 113 app days, 4 offer(s), 18 Fleek chats, 0 video requests; basket Mixed.
WHAT TO DO: Book a conversation. The customer already uses the product heavily: explore stock availability, price, offer outcomes and competitor use.
WHAT NOT TO DO: Do not send more product nudges - engagement is not the problem.
SUCCESS: Root cause logged and next-90-day GMV back to at least the Sep-Nov (H1) level, or the decline arrested.",,,,,Recently Active,Existing Customer,False,Not Eligible,Regular,N/A,"Stay in playbook while momentum is Declining; exit when momentum is Stable/Growing for a full run; if the account lapses, NBA moves to Verify/Win-Back.",BASELINE,BASELINE,8f849ec07bb5
ACC-052,P1,Core,2952,2. Protect / Retain First,Retention Conversation,DECLINING_KEY_CORE,Ready — Human,Draft Ready,Account Manager,False,False,PB01_RETENTION,"Personal email from AM, then call",Read brief; send outreach to book a review call.,7,"Root cause logged and next-90-day GMV back to at least the Sep-Nov (H1) level, or the decline arrested.","Customer confirms a planned pause/seasonal gap (log cadence), or no response after 2 attempts (escalate).","No response after 2 attempts, or Key account with further decline -> Portfolio Lead.",H2_SINGLE_MONTH_SPIKE,Draft ready (not sent),RET_AM,"Hi {first_name},

I'd like to set up a short call to review how sourcing through Fleek is working for you at the moment and what you're planning to buy over the next few months. It will help me make sure the stock I source for you (bundles and handpicked stock) is the right fit. Would sometime later this week or early next week suit you?

Best,
{sender_name}","WHY NOW: Commercially important, broker-led spend is falling.
WHAT WE KNOW:
- Core, Broker-Reliant, Account Managed; £2,952 6m GMV; Reseller, United Kingdom; tenure 6 months.
- Momentum: Declining (Sep-Nov £2,249 -> Dec-Feb £703); Recent Inactivity (last GMV month: December); 8 orders over 3 month(s).
- Dependency: High (broker reliance 64%; 5 AM-placed / 3 self-serve orders).
- Engagement: 8 product views, 6 app days, 2 offer(s), 10 Fleek chats, 4 video requests; basket Mixed.
- Warnings: H2_SINGLE_MONTH_SPIKE.
WHAT TO DO: Book a conversation. Explore stock availability, price, assortment fit, buying cadence, competitor/offline wholesaler use and operational friction. Agree a recovery plan.
WHAT NOT TO DO: Do not reduce AM support or push migration; do not suggest the customer is at fault; do not propose chat/video/feature usage as the fix.
SUCCESS: Root cause logged and next-90-day GMV back to at least the Sep-Nov (H1) level, or the decline arrested.",,,,,Recent Inactivity,Existing Customer,False,Not Eligible,Regular,N/A,"Stay in playbook while momentum is Declining; exit when momentum is Stable/Growing for a full run; if the account lapses, NBA moves to Verify/Win-Back.",BASELINE,BASELINE,3949b831e958
ACC-053,P1,Core,2581,2. Protect / Retain First,Retention Conversation,DECLINING_KEY_CORE,Ready — Human,Draft Ready,Account Manager,False,False,PB01_RETENTION,"Personal email from AM, then call",Read brief; send outreach to book a review call.,7,"Root cause logged and next-90-day GMV back to at least the Sep-Nov (H1) level, or the decline arrested.","Customer confirms a planned pause/seasonal gap (log cadence), or no response after 2 attempts (escalate).","No response after 2 attempts, or Key account with further decline -> Portfolio Lead.",FEB_SENSITIVE; H2_SINGLE_MONTH_SPIKE,Draft ready (not sent),RET_AM,"Hi {first_name},

I'd like to set up a short call to review how sourcing through Fleek is working for you at the moment and what you're planning to buy over the next few months. It will help me make sure the stock I source for you (bundles and handpicked stock) is the right fit. Would sometime later this week or early next week suit you?

Best,
{sender_name}","WHY NOW: Commercially important, broker-led spend is falling.
WHAT WE KNOW:
- Core, Broker-Reliant, Account Managed; £2,581 6m GMV; Reseller, Czech Republic; tenure 14 months.
- Momentum: Declining (Sep-Nov £2,493 -> Dec-Feb £87); Recently Active (last GMV month: February); 7 orders over 4 month(s).
- Dependency: High (broker reliance 82%; 6 AM-placed / 1 self-serve orders).
- Engagement: 3 product views, 7 app days, 1 offer(s), 166 Fleek chats, 0 video requests; basket Mixed.
- Warnings: FEB_SENSITIVE; H2_SINGLE_MONTH_SPIKE.
WHAT TO DO: Book a conversation. Explore stock availability, price, assortment fit, buying cadence, competitor/offline wholesaler use and operational friction. Agree a recovery plan.
WHAT NOT TO DO: Do not reduce AM support or push migration; do not suggest the customer is at fault; do not propose chat/video/feature usage as the fix.
SUCCESS: Root cause logged and next-90-day GMV back to at least the Sep-Nov (H1) level, or the decline arrested.",,,,,Recently Active,Existing Customer,False,Not Eligible,Regular,N/A,"Stay in playbook while momentum is Declining; exit when momentum is Stable/Growing for a full run; if the account lapses, NBA moves to Verify/Win-Back.",BASELINE,BASELINE,09ce1ffaedd3
ACC-054,P1,Core,2516,2. Protect / Retain First,Retention Conversation,DECLINING_KEY_CORE,Ready — Human,Draft Ready,Account Manager,False,False,PB01_RETENTION,"Personal email from AM, then call",Read brief; send outreach to book a review call.,7,"Root cause logged and next-90-day GMV back to at least the Sep-Nov (H1) level, or the decline arrested.","Customer confirms a planned pause/seasonal gap (log cadence), or no response after 2 attempts (escalate).","No response after 2 attempts, or Key account with further decline -> Portfolio Lead.",,Draft ready (not sent),RET_AM,"Hi {first_name},

I'd like to set up a short call to review how sourcing through Fleek is working for you at the moment and what you're planning to buy over the next few months. It will help me make sure the stock I source for you (bundles and handpicked stock) is the right fit. Would sometime later this week or early next week suit you?

Best,
{sender_name}","WHY NOW: Commercially important, broker-led spend is falling.
WHAT WE KNOW:
- Core, Broker-Reliant, Account Managed; £2,516 6m GMV; Reseller, United Kingdom; tenure 6 months.
- Momentum: Declining (Sep-Nov £2,117 -> Dec-Feb £399); Recently Active (last GMV month: February); 9 orders over 5 month(s).
- Dependency: High (broker reliance 77%; 7 AM-placed / 2 self-serve orders).
- Engagement: 4 product views, 3 app days, 1 offer(s), 2 Fleek chats, 0 video requests; basket Mixed.
WHAT TO DO: Book a conversation. Explore stock availability, price, assortment fit, buying cadence, competitor/offline wholesaler use and operational friction. Agree a recovery plan.
WHAT NOT TO DO: Do not reduce AM support or push migration; do not suggest the customer is at fault; do not propose chat/video/feature usage as the fix.
SUCCESS: Root cause logged and next-90-day GMV back to at least the Sep-Nov (H1) level, or the decline arrested.",,,,,Recently Active,Existing Customer,False,Not Eligible,Regular,N/A,"Stay in playbook while momentum is Declining; exit when momentum is Stable/Growing for a full run; if the account lapses, NBA moves to Verify/Win-Back.",BASELINE,BASELINE,44941c7c6027
ACC-055,P1,Core,2514,2. Protect / Retain First,Retention Conversation,DECLINING_KEY_CORE,Ready — Human,Draft Ready,Account Manager,False,False,PB01_RETENTION,"Personal email from AM, then call",Read brief; send outreach to book a review call.,7,"Root cause logged and next-90-day GMV back to at least the Sep-Nov (H1) level, or the decline arrested.","Customer confirms a planned pause/seasonal gap (log cadence), or no response after 2 attempts (escalate).","No response after 2 attempts, or Key account with further decline -> Portfolio Lead.",,Draft ready (not sent),RET_AM,"Hi {first_name},

I'd like to set up a short call to review how sourcing through Fleek is working for you at the moment and what you're planning to buy over the next few months. It will help me make sure the stock I source for you (bundles) is the right fit. Would sometime later this week or early next week suit you?

Best,
{sender_name}","WHY NOW: Commercially important, broker-led spend is falling.
WHAT WE KNOW:
- Core, Broker-Reliant, Account Managed; £2,514 6m GMV; Reseller, United Kingdom; tenure 17 months.
- Momentum: Declining (Sep-Nov £2,221 -> Dec-Feb £293); Recently Active (last GMV month: February); 12 orders over 5 month(s).
- Dependency: High (broker reliance 77%; 9 AM-placed / 3 self-serve orders).
- Engagement: 14 product views, 5 app days, 2 offer(s), 13 Fleek chats, 0 video requests; basket Bundle-only.
WHAT TO DO: Book a conversation. Explore stock availability, price, assortment fit, buying cadence, competitor/offline wholesaler use and operational friction. Agree a recovery plan.
WHAT NOT TO DO: Do not reduce AM support or push migration; do not suggest the customer is at fault; do not propose chat/video/feature usage as the fix.
SUCCESS: Root cause logged and next-90-day GMV back to at least the Sep-Nov (H1) level, or the decline arrested.",,,,,Recently Active,Existing Customer,False,Not Eligible,Regular,N/A,"Stay in playbook while momentum is Declining; exit when momentum is Stable/Growing for a full run; if the account lapses, NBA moves to Verify/Win-Back.",BASELINE,BASELINE,84ba41df31ac
ACC-056,P2,Core,2380,1. Migration Candidate,Guided Self-Serve Migration,MIGRATION_PHASE1_REVIEW,Human Review Required,Awaiting Human Review,Account Manager,False,False,PB03_GUIDED_MIGRATION,AM call + in-app walkthrough; automated milestone tracking,AM resolves the Phase 1 guardrail(s) before any customer contact.,15,"Day 90: Self-Serve Capability Demonstrated (>=25 PDP views, >=6 app days, self-serve share above baseline) with GMV guardrail held.",GMV guardrail breached (At Risk) -> restore high-touch support; no behaviour change at day 90 -> reassess suitability.,At Risk at day 45; any Key account change; customer pushback on the change.,PHASE1_MANUAL_REVIEW; BORDERLINE_MOMENTUM; MATERIAL_BROKER_INCONSISTENCY; NO_FEB_GMV (Feb unconfirmed),Withheld until human review is complete,,,"WHY NOW: Meets Phase 1 entry criteria but a guardrail (borderline/February-sensitive momentum, lumpy cadence or broker % inconsistency) must be resolved.
WHAT WE KNOW:
- Core, Broker-Reliant, Account Managed; £2,380 6m GMV; Reseller, United Kingdom; tenure 7 months.
- Momentum: Stable (Sep-Nov £1,089 -> Dec-Feb £1,291); Recently Active (last GMV month: January); 5 orders over 3 month(s).
- Dependency: Medium (broker reliance 54%; 3 AM-placed / 2 self-serve orders).
- Engagement: 9 product views, 7 app days, 1 offer(s), 9 Fleek chats, 0 video requests; basket Mixed.
- Warnings: PHASE1_MANUAL_REVIEW; BORDERLINE_MOMENTUM; MATERIAL_BROKER_INCONSISTENCY; NO_FEB_GMV (Feb unconfirmed).
WHAT TO DO: Resolve the listed guardrail(s) (verify order history / momentum), then decide Ready or not suitable. Record the decision.
WHAT NOT TO DO: Do not contact the customer about self-serve changes until review is complete.
SUCCESS: Day 90: Self-Serve Capability Demonstrated (>=25 PDP views, >=6 app days, self-serve share above baseline) with GMV guardrail held.",,,,,Recently Active,Existing Customer,False,Manual Review,Regular,Baseline,"Enter 90-day monitoring inputs; migration_progress_status updates (Baseline/Progressing/Capability/At Risk). Day-90 outcomes: Capability Demonstrated, Progressing - Extend, At Risk - Restore support, No Change - Reassess.",BASELINE,BASELINE,3ef68990c056
ACC-057,P3,Core,2366,1. Migration Candidate,Guided Self-Serve Migration,MIGRATION_PRE_ENTRY,Ready — Human,Draft Ready,Account Manager,False,False,PB03_GUIDED_MIGRATION,AM call + in-app walkthrough; automated milestone tracking,AM encourages a second self-serve checkout.,15,"Day 90: Self-Serve Capability Demonstrated (>=25 PDP views, >=6 app days, self-serve share above baseline) with GMV guardrail held.",GMV guardrail breached (At Risk) -> restore high-touch support; no behaviour change at day 90 -> reassess suitability.,At Risk at day 45; any Key account change; customer pushback on the change.,LUMPY_CADENCE; H2_SINGLE_MONTH_SPIKE,Draft ready (not sent),MIG_PREENTRY,"Hi {first_name},

A quick tip: whenever you spot something you like while browsing the Fleek app, you can place the order directly there, at a time that suits you. I'll keep sourcing for you as usual, so nothing changes on my side. Let me know if a short walkthrough of the app would be helpful.

Best,
{sender_name}","WHY NOW: Broker-reliant Core account with healthy spend but only one self-serve order.
WHAT WE KNOW:
- Core, Broker-Reliant, Account Managed; £2,366 6m GMV; Reseller, France; tenure 16 months.
- Momentum: Stable (Sep-Nov £1,167 -> Dec-Feb £1,199); Recent Inactivity (last GMV month: December); 3 orders over 3 month(s).
- Dependency: High (broker reliance 61%; 2 AM-placed / 1 self-serve orders).
- Engagement: 4 product views, 4 app days, 1 offer(s), 2 Fleek chats, 0 video requests; basket Bundle-only.
- Warnings: LUMPY_CADENCE; H2_SINGLE_MONTH_SPIKE.
WHAT TO DO: Encourage a second self-serve checkout on stock the customer already wants; keep sourcing as usual; re-assess for Phase 1 next run.
WHAT NOT TO DO: Do not reduce sourcing support.
SUCCESS: Day 90: Self-Serve Capability Demonstrated (>=25 PDP views, >=6 app days, self-serve share above baseline) with GMV guardrail held.",,,,,Recent Inactivity,Existing Customer,False,Not Eligible,Lumpy,Baseline,"Enter 90-day monitoring inputs; migration_progress_status updates (Baseline/Progressing/Capability/At Risk). Day-90 outcomes: Capability Demonstrated, Progressing - Extend, At Risk - Restore support, No Change - Reassess.",BASELINE,BASELINE,debc77818ad3
ACC-058,P2,Core,2277,1. Migration Candidate,Guided Self-Serve Migration,MIGRATION_PHASE1_REVIEW,Human Review Required,Awaiting Human Review,Account Manager,False,False,PB03_GUIDED_MIGRATION,AM call + in-app walkthrough; automated milestone tracking,AM resolves the Phase 1 guardrail(s) before any customer contact.,15,"Day 90: Self-Serve Capability Demonstrated (>=25 PDP views, >=6 app days, self-serve share above baseline) with GMV guardrail held.",GMV guardrail breached (At Risk) -> restore high-touch support; no behaviour change at day 90 -> reassess suitability.,At Risk at day 45; any Key account change; customer pushback on the change.,PHASE1_MANUAL_REVIEW; LUMPY_CADENCE; FEB_SENSITIVE; H2_SINGLE_MONTH_SPIKE,Withheld until human review is complete,,,"WHY NOW: Meets Phase 1 entry criteria but a guardrail (borderline/February-sensitive momentum, lumpy cadence or broker % inconsistency) must be resolved.
WHAT WE KNOW:
- Core, Broker-Reliant, Account Managed; £2,277 6m GMV; Reseller, Germany; tenure 14 months.
- Momentum: Growing (Sep-Nov £982 -> Dec-Feb £1,295); Recently Active (last GMV month: February); 8 orders over 2 month(s).
- Dependency: Medium (broker reliance 48%; 4 AM-placed / 4 self-serve orders).
- Engagement: 3 product views, 5 app days, 0 offer(s), 21 Fleek chats, 2 video requests; basket Mixed.
- Warnings: PHASE1_MANUAL_REVIEW; LUMPY_CADENCE; FEB_SENSITIVE; H2_SINGLE_MONTH_SPIKE.
WHAT TO DO: Resolve the listed guardrail(s) (verify order history / momentum), then decide Ready or not suitable. Record the decision.
WHAT NOT TO DO: Do not contact the customer about self-serve changes until review is complete.
SUCCESS: Day 90: Self-Serve Capability Demonstrated (>=25 PDP views, >=6 app days, self-serve share above baseline) with GMV guardrail held.",,,,,Recently Active,Existing Customer,False,Manual Review,Lumpy,Baseline,"Enter 90-day monitoring inputs; migration_progress_status updates (Baseline/Progressing/Capability/At Risk). Day-90 outcomes: Capability Demonstrated, Progressing - Extend, At Risk - Restore support, No Change - Reassess.",BASELINE,BASELINE,3814d6df488f
ACC-059,P1,Core,2262,2. Protect / Retain First,Retention Conversation,DECLINING_KEY_CORE,Ready — Human,Draft Ready,Account Manager,False,False,PB01_RETENTION,"Personal email from AM, then call",Read brief; send outreach to book a review call.,7,"Root cause logged and next-90-day GMV back to at least the Sep-Nov (H1) level, or the decline arrested.","Customer confirms a planned pause/seasonal gap (log cadence), or no response after 2 attempts (escalate).","No response after 2 attempts, or Key account with further decline -> Portfolio Lead.",BORDERLINE_MOMENTUM; FEB_SENSITIVE; H2_SINGLE_MONTH_SPIKE,Draft ready (not sent),RET_AM,"Hi {first_name},

I'd like to set up a short call to review how sourcing through Fleek is working for you at the moment and what you're planning to buy over the next few months. It will help me make sure the stock I source for you (handpicked stock) is the right fit. Would sometime later this week or early next week suit you?

Best,
{sender_name}","WHY NOW: Commercially important, broker-led spend is falling.
WHAT WE KNOW:
- Core, Broker-Reliant, Account Managed; £2,262 6m GMV; Reseller, United Kingdom; tenure 21 months.
- Momentum: Declining (Sep-Nov £1,268 -> Dec-Feb £995); Recent Inactivity (last GMV month: December); 3 orders over 3 month(s).
- Dependency: High (broker reliance 75%; 2 AM-placed / 1 self-serve orders).
- Engagement: 8 product views, 1 app days, 1 offer(s), 30 Fleek chats, 1 video requests; basket Handpick-only.
- Warnings: BORDERLINE_MOMENTUM; FEB_SENSITIVE; H2_SINGLE_MONTH_SPIKE.
WHAT TO DO: Book a conversation. Explore stock availability, price, assortment fit, buying cadence, competitor/offline wholesaler use and operational friction. Agree a recovery plan.
WHAT NOT TO DO: Do not reduce AM support or push migration; do not suggest the customer is at fault; do not propose chat/video/feature usage as the fix.
SUCCESS: Root cause logged and next-90-day GMV back to at least the Sep-Nov (H1) level, or the decline arrested.",,,,,Recent Inactivity,Existing Customer,False,Not Eligible,Lumpy,N/A,"Stay in playbook while momentum is Declining; exit when momentum is Stable/Growing for a full run; if the account lapses, NBA moves to Verify/Win-Back.",BASELINE,BASELINE,70b8c061b647
ACC-060,P1,Core,2214,3. Win-Back / Verify,Verify Demand / Win-Back,LAPSED_THIN_HISTORY,Ready — Human,Draft Ready,Account Manager,False,False,PB02_VERIFY_WINBACK,"Personal email from AM, then call","Send cadence check-in (verify, don't assume churn).",14,"Cadence recorded and account reclassified, or a new order within 90 days (60 days for recent-inactivity checks).",Customer confirms infrequent/seasonal buying (set a reminder for their window) or confirms churn (log reason).,Key account with no response after 2 attempts -> Portfolio Lead.,MATERIAL_BROKER_INCONSISTENCY,Draft ready (not sent),VERIFY_CADENCE,"Hi {first_name},

Thanks for your previous orders with Fleek. I wanted to check how you usually plan your stock buying (seasonal, project by project, or ongoing) so we can get in touch at the right moments rather than too often. Happy to talk on a quick call, or just reply here with what works for you.

Best,
{sender_name}","WHY NOW: Apparent lapse rests on 1-2 orders or one buying month; cadence is unknown.
WHAT WE KNOW:
- Core, Broker-Reliant, Account Managed; £2,214 6m GMV; Retailer, France; tenure 28 months.
- Momentum: Lapsed; No Meaningful History (last GMV month: September); 3 orders over 1 month(s).
- Dependency: High (broker reliance 80%; 2 AM-placed / 1 self-serve orders).
- Engagement: 1 product views, 4 app days, 1 offer(s), 96 Fleek chats, 0 video requests; basket Bundle-only.
- Warnings: MATERIAL_BROKER_INCONSISTENCY.
WHAT TO DO: Do not assume churn. Verify expected purchase frequency first, then set the next contact window.
WHAT NOT TO DO: Do not treat as churn or run a discount-led win-back.
SUCCESS: Cadence recorded and account reclassified, or a new order within 90 days (60 days for recent-inactivity checks).",,,,,No Meaningful History,Existing Customer,False,Not Eligible,Lumpy,N/A,"If an order appears, the account re-segments automatically; if confirmed seasonal, suppress re-contact until the stated window.",BASELINE,BASELINE,78939faa3343
ACC-061,P1,Core,2116,2. Protect / Retain First,Retention Conversation,DECLINING_KEY_CORE,Ready — Human,Draft Ready,Account Manager,False,False,PB01_RETENTION,"Personal email from AM, then call",Read brief; send outreach to book a review call.,7,"Root cause logged and next-90-day GMV back to at least the Sep-Nov (H1) level, or the decline arrested.","Customer confirms a planned pause/seasonal gap (log cadence), or no response after 2 attempts (escalate).","No response after 2 attempts, or Key account with further decline -> Portfolio Lead.",H2_SINGLE_MONTH_SPIKE,Draft ready (not sent),RET_AM,"Hi {first_name},

I'd like to set up a short call to review how sourcing through Fleek is working for you at the moment and what you're planning to buy over the next few months. It will help me make sure the stock I source for you (bundles) is the right fit. Would sometime later this week or early next week suit you?

Best,
{sender_name}","WHY NOW: Commercially important, broker-led spend is falling.
WHAT WE KNOW:
- Core, Broker-Reliant, Account Managed; £2,116 6m GMV; Reseller, Portugal; tenure 7 months.
- Momentum: Declining (Sep-Nov £1,553 -> Dec-Feb £563); Recent Inactivity (last GMV month: December); 4 orders over 3 month(s).
- Dependency: High (broker reliance 63%; 3 AM-placed / 1 self-serve orders).
- Engagement: 11 product views, 3 app days, 1 offer(s), 2 Fleek chats, 0 video requests; basket Bundle-only.
- Warnings: H2_SINGLE_MONTH_SPIKE.
WHAT TO DO: Book a conversation. Explore stock availability, price, assortment fit, buying cadence, competitor/offline wholesaler use and operational friction. Agree a recovery plan.
WHAT NOT TO DO: Do not reduce AM support or push migration; do not suggest the customer is at fault; do not propose chat/video/feature usage as the fix.
SUCCESS: Root cause logged and next-90-day GMV back to at least the Sep-Nov (H1) level, or the decline arrested.",,,,,Recent Inactivity,Existing Customer,False,Not Eligible,Lumpy,N/A,"Stay in playbook while momentum is Declining; exit when momentum is Stable/Growing for a full run; if the account lapses, NBA moves to Verify/Win-Back.",BASELINE,BASELINE,e28cb5549b54
ACC-062,P1,Core,2031,3. Win-Back / Verify,Verify Demand / Win-Back,LAPSED_ESTABLISHED,Ready — Human,Draft Ready,Account Manager,False,False,PB02_VERIFY_WINBACK,"Personal email from AM, then call",Send win-back check-in.,14,"Cadence recorded and account reclassified, or a new order within 90 days (60 days for recent-inactivity checks).",Customer confirms infrequent/seasonal buying (set a reminder for their window) or confirms churn (log reason).,Key account with no response after 2 attempts -> Portfolio Lead.,,Draft ready (not sent),WINBACK,"Hi {first_name},

It's been a little while since we last caught up, so I wanted to check in on your buying plans for the coming months. If you're sourcing bundles again soon, I'd be glad to talk through what you're looking for and how we can help. Would a quick call be useful?

Best,
{sender_name}","WHY NOW: Established buyer with a repeat pattern has had no GMV since November or earlier.
WHAT WE KNOW:
- Core, Broker-Reliant, Account Managed; £2,031 6m GMV; Reseller, United Kingdom; tenure 14 months.
- Momentum: Lapsed; Recent Inactivity (last GMV month: November); 5 orders over 3 month(s).
- Dependency: Medium (broker reliance 47%; 2 AM-placed / 3 self-serve orders).
- Engagement: 0 product views, 6 app days, 0 offer(s), 5 Fleek chats, 0 video requests; basket Bundle-only.
WHAT TO DO: Win-back conversation about upcoming buying needs and what would bring them back.
WHAT NOT TO DO: Do not say 'you churned' or 'you've stopped buying'.
SUCCESS: Cadence recorded and account reclassified, or a new order within 90 days (60 days for recent-inactivity checks).",,,,,Recent Inactivity,Existing Customer,False,Not Eligible,Regular,N/A,"If an order appears, the account re-segments automatically; if confirmed seasonal, suppress re-contact until the stated window.",BASELINE,BASELINE,83b24c3c09c6
ACC-063,P4,Tail,1963,9. Long-Tail Automated Nurture,Automated Nurture,LONG_TAIL_STANDARD,Ready — Automated,Draft Ready,Automation,False,True,PB08_NURTURE,Email / in-app message,Queue automated message (Automated Nurture).,60,Any (repeat) order within 90 days.,"Order placed, unsubscribe, or 2 unanswered dormant messages (pause 6 months).",Rising Tail accounts that cross the Core line re-route automatically.,LOW_CONFIDENCE,Draft ready (not sent),NUR_DORMANT,"Hi {first_name},

Whenever you're planning your next stock buy, you can browse bundles on the Fleek app at any time. If you're looking for something specific, reply to this message and we'll do our best to help you find it. No pressure, just a friendly reminder that we're here.

Best,
{sender_name}",,,,,Dormant,No Meaningful History,Existing Customer,False,Not Eligible,Lumpy,N/A,No repeat send while the logged action is inside its cadence window.,BASELINE,BASELINE,ac28d5041fff
ACC-064,P3,Tail,1911,5. Cost-to-Serve / Low-Touch,Service Model Review,COST_TO_SERVE_ACTIVE,Ready — Human,Not Started,Portfolio Lead,False,False,PB07_SERVICE_MODEL_REVIEW,Internal review (no customer contact),Portfolio Lead reviews account card and records a service decision.,14,Decision logged; broker effort reduced where agreed without GMV loss.,Decision recorded.,None.,BORDERLINE_MOMENTUM; FEB_SENSITIVE,None: internal-only review,,,"WHY NOW: Low-value broker-reliant account that is still buying.
WHAT WE KNOW:
- Tail, Broker-Reliant, Account Managed; £1,911 6m GMV; Retailer, United Kingdom; tenure 9 months.
- Momentum: Stable (Sep-Nov £1,042 -> Dec-Feb £869); Recently Active (last GMV month: February); 15 orders over 5 month(s).
- Dependency: High (broker reliance 68%; 10 AM-placed / 5 self-serve orders).
- Engagement: 14 product views, 4 app days, 2 offer(s), 5 Fleek chats, 0 video requests; basket Bundle-only.
- Warnings: BORDERLINE_MOMENTUM; FEB_SENSITIVE.
WHAT TO DO: Review the card and decide: maintain support / move to lower-touch / automated nurture / revisit later.
WHAT NOT TO DO: No customer message. No ROI claim (no AM cost data).
SUCCESS: Decision logged; broker effort reduced where agreed without GMV loss.",,,,,Recently Active,Existing Customer,False,Not Eligible,Regular,N/A,Decision stored; account not re-queued unless its NBA changes.,BASELINE,BASELINE,ea60047c0021
ACC-065,P3,Tail,1812,9. Long-Tail Automated Nurture,Automated Nurture,RISING_TAIL_EARLY,Ready — Automated,Draft Ready,Automation,False,True,PB08_NURTURE,Email / in-app message,Queue automated message (Automated Nurture).,30,Any (repeat) order within 90 days.,"Order placed, unsubscribe, or 2 unanswered dormant messages (pause 6 months).",Rising Tail accounts that cross the Core line re-route automatically.,NO_FEB_GMV (Feb unconfirmed),Draft ready (not sent),NUR_RISING,"Hi {first_name},

Thanks for your recent orders with Fleek. Whenever you're planning your next buy, the app is the quickest way to browse bundles and make an offer where a price doesn't quite work. If you're looking for something specific, reply here and we'll help.

Best,
{sender_name}",,,,,Rising tail – early pattern,Recently Active,Returned Customer,True,Not Eligible,Lumpy,N/A,No repeat send while the logged action is inside its cadence window.,BASELINE,BASELINE,c3a72372035f
ACC-066,P4,Tail,1791,9. Long-Tail Automated Nurture,Automated Nurture,LONG_TAIL_STANDARD,Ready — Automated,Draft Ready,Automation,False,True,PB08_NURTURE,Email / in-app message,Queue automated message (Automated Nurture).,60,Any (repeat) order within 90 days.,"Order placed, unsubscribe, or 2 unanswered dormant messages (pause 6 months).",Rising Tail accounts that cross the Core line re-route automatically.,,Draft ready (not sent),NUR_DORMANT,"Hi {first_name},

Whenever you're planning your next stock buy, you can browse bundles and handpicked stock on the Fleek app at any time. If you're looking for something specific, reply to this message and we'll do our best to help you find it. No pressure, just a friendly reminder that we're here.

Best,
{sender_name}",,,,,Dormant,Recent Inactivity,Existing Customer,False,Not Eligible,Lumpy,N/A,No repeat send while the logged action is inside its cadence window.,BASELINE,BASELINE,f751494a0af2
ACC-067,P3,Tail,1759,5. Cost-to-Serve / Low-Touch,Service Model Review,COST_TO_SERVE_ACTIVE,Ready — Human,Not Started,Portfolio Lead,False,False,PB07_SERVICE_MODEL_REVIEW,Internal review (no customer contact),Portfolio Lead reviews account card and records a service decision.,14,Decision logged; broker effort reduced where agreed without GMV loss.,Decision recorded.,None.,,None: internal-only review,,,"WHY NOW: Low-value broker-reliant account that is still buying.
WHAT WE KNOW:
- Tail, Broker-Reliant, Account Managed; £1,759 6m GMV; Reseller, United Kingdom; tenure 14 months.
- Momentum: Growing (Sep-Nov £655 -> Dec-Feb £1,104); Recently Active (last GMV month: February); 9 orders over 5 month(s).
- Dependency: High (broker reliance 66%; 6 AM-placed / 3 self-serve orders).
- Engagement: 7 product views, 2 app days, 2 offer(s), 7 Fleek chats, 3 video requests; basket Mixed.
WHAT TO DO: Review the card and decide: maintain support / move to lower-touch / automated nurture / revisit later.
WHAT NOT TO DO: No customer message. No ROI claim (no AM cost data).
SUCCESS: Decision logged; broker effort reduced where agreed without GMV loss.",,,,,Recently Active,Existing Customer,False,Not Eligible,Regular,N/A,Decision stored; account not re-queued unless its NBA changes.,BASELINE,BASELINE,59d976603aa8
ACC-068,P3,Tail,1706,9. Long-Tail Automated Nurture,Reinforce Successful Behaviour,RISING_TAIL,Ready — Automated,Draft Ready,Automation,False,True,PB06_REINFORCE,Email / in-app message,Queue automated message (Reinforce Successful Behaviour).,30,"GMV run-rate maintained or higher, with GMV in each month of the next quarter.",Account shows Recent Inactivity (playbook must not run) or momentum turns Declining.,Recent Inactivity -> Verify check (human).,,Draft ready (not sent),REINFORCE,"Hi {first_name},

Thanks for being an active Fleek buyer. Just a quick note to keep an eye on the app for bundles and handpicked stock that fits your range, and to let you know we're here if there's anything specific you're trying to source. Reply any time and we'll help.

Best,
{sender_name}",,,,,,Recently Active,Existing Customer,True,Not Eligible,Regular,N/A,Suppressed if Recent Inactivity; otherwise no repeat inside 30 days.,BASELINE,BASELINE,d388a5f593ab
ACC-069,P4,Tail,1682,9. Long-Tail Automated Nurture,Automated Nurture,LONG_TAIL_STANDARD,Ready — Automated,Draft Ready,Automation,False,True,PB08_NURTURE,Email / in-app message,Queue automated message (Automated Nurture).,30,Any (repeat) order within 90 days.,"Order placed, unsubscribe, or 2 unanswered dormant messages (pause 6 months).",Rising Tail accounts that cross the Core line re-route automatically.,,Draft ready (not sent),NUR_STANDARD,"Hi {first_name},

A quick reminder that you can browse bundles and handpicked stock on the Fleek app whenever you're planning your next buy, at a time that suits you. If there's something specific you're looking for, reply to this message and we'll do our best to help.

Best,
{sender_name}",,,,,Standard long tail,Recently Active,Existing Customer,False,Not Eligible,Regular,N/A,No repeat send while the logged action is inside its cadence window.,BASELINE,BASELINE,d5e8a6c32695
ACC-070,P4,Tail,1671,9. Long-Tail Automated Nurture,Automated Nurture,LONG_TAIL_STANDARD,Ready — Automated,Draft Ready,Automation,False,True,PB08_NURTURE,Email / in-app message,Queue automated message (Automated Nurture).,60,Any (repeat) order within 90 days.,"Order placed, unsubscribe, or 2 unanswered dormant messages (pause 6 months).",Rising Tail accounts that cross the Core line re-route automatically.,LOW_CONFIDENCE,Draft ready (not sent),NUR_DORMANT,"Hi {first_name},

Whenever you're planning your next stock buy, you can browse bundles on the Fleek app at any time. If you're looking for something specific, reply to this message and we'll do our best to help you find it. No pressure, just a friendly reminder that we're here.

Best,
{sender_name}",,,,,Dormant,No Meaningful History,Existing Customer,False,Not Eligible,Lumpy,N/A,No repeat send while the logged action is inside its cadence window.,BASELINE,BASELINE,953b6127c446
ACC-071,P3,Tail,1614,5. Cost-to-Serve / Low-Touch,Service Model Review,COST_TO_SERVE_ACTIVE,Ready — Human,Not Started,Portfolio Lead,False,False,PB07_SERVICE_MODEL_REVIEW,Internal review (no customer contact),Portfolio Lead reviews account card and records a service decision.,14,Decision logged; broker effort reduced where agreed without GMV loss.,Decision recorded.,None.,H2_SINGLE_MONTH_SPIKE,None: internal-only review,,,"WHY NOW: Low-value broker-reliant account that is still buying.
WHAT WE KNOW:
- Tail, Broker-Reliant, Account Managed; £1,614 6m GMV; Reseller, Ireland; tenure 12 months.
- Momentum: Growing (Sep-Nov £68 -> Dec-Feb £1,547); Recently Active (last GMV month: February); 6 orders over 3 month(s).
- Dependency: High (broker reliance 73%; 4 AM-placed / 2 self-serve orders).
- Engagement: 3 product views, 6 app days, 1 offer(s), 3 Fleek chats, 0 video requests; basket Bundle-only.
- Warnings: H2_SINGLE_MONTH_SPIKE.
WHAT TO DO: Review the card and decide: maintain support / move to lower-touch / automated nurture / revisit later.
WHAT NOT TO DO: No customer message. No ROI claim (no AM cost data).
SUCCESS: Decision logged; broker effort reduced where agreed without GMV loss.",,,,,Recently Active,Existing Customer,False,Not Eligible,Regular,N/A,Decision stored; account not re-queued unless its NBA changes.,BASELINE,BASELINE,6cd01173727a
ACC-072,P4,Tail,1542,9. Long-Tail Automated Nurture,Automated Nurture,LONG_TAIL_STANDARD,Ready — Automated,Draft Ready,Automation,False,True,PB08_NURTURE,Email / in-app message,Queue automated message (Automated Nurture).,30,Any (repeat) order within 90 days.,"Order placed, unsubscribe, or 2 unanswered dormant messages (pause 6 months).",Rising Tail accounts that cross the Core line re-route automatically.,H2_SINGLE_MONTH_SPIKE; NO_FEB_GMV (Feb unconfirmed),Draft ready (not sent),NUR_STANDARD,"Hi {first_name},

A quick reminder that you can browse bundles and handpicked stock on the Fleek app whenever you're planning your next buy, at a time that suits you. If there's something specific you're looking for, reply to this message and we'll do our best to help.

Best,
{sender_name}",,,,,Standard long tail,Recently Active,Existing Customer,False,Not Eligible,Regular,N/A,No repeat send while the logged action is inside its cadence window.,BASELINE,BASELINE,5ae2b2cde0f1
ACC-073,P4,Tail,1501,9. Long-Tail Automated Nurture,Automated Nurture,LONG_TAIL_STANDARD,Ready — Automated,Draft Ready,Automation,False,True,PB08_NURTURE,Email / in-app message,Queue automated message (Automated Nurture).,30,Any (repeat) order within 90 days.,"Order placed, unsubscribe, or 2 unanswered dormant messages (pause 6 months).",Rising Tail accounts that cross the Core line re-route automatically.,LOW_CONFIDENCE,Draft ready (not sent),NUR_RETURNED,"Hi {first_name},

Welcome back to Fleek, and thanks for your recent order. You can browse handpicked stock in the app whenever it suits you. If there's anything specific you're sourcing at the moment, reply to this message and we'll help point you in the right direction.

Best,
{sender_name}",,,,,Returned customer,No Meaningful History,Returned Customer,False,Not Eligible,Lumpy,N/A,No repeat send while the logged action is inside its cadence window.,BASELINE,BASELINE,f47f5f56f997
ACC-074,P3,Tail,1448,5. Cost-to-Serve / Low-Touch,Service Model Review,COST_TO_SERVE_ACTIVE,Ready — Human,Not Started,Portfolio Lead,False,False,PB07_SERVICE_MODEL_REVIEW,Internal review (no customer contact),Portfolio Lead reviews account card and records a service decision.,14,Decision logged; broker effort reduced where agreed without GMV loss.,Decision recorded.,None.,MATERIAL_BROKER_INCONSISTENCY; NO_FEB_GMV (Feb unconfirmed); LOW_CONFIDENCE,None: internal-only review,,,"WHY NOW: Low-value broker-reliant account that is still buying.
WHAT WE KNOW:
- Tail, Broker-Reliant, Account Managed; £1,448 6m GMV; Reseller, France; tenure 10 months.
- Momentum: H2 Active / No H1 GMV; Recently Active (last GMV month: January); 2 orders over 1 month(s).
- Dependency: High (broker reliance 70%; 1 AM-placed / 1 self-serve orders).
- Engagement: 5 product views, 8 app days, 0 offer(s), 52 Fleek chats, 0 video requests; basket Handpick-only.
- Warnings: MATERIAL_BROKER_INCONSISTENCY; NO_FEB_GMV (Feb unconfirmed); LOW_CONFIDENCE.
WHAT TO DO: Review the card and decide: maintain support / move to lower-touch / automated nurture / revisit later.
WHAT NOT TO DO: No customer message. No ROI claim (no AM cost data).
SUCCESS: Decision logged; broker effort reduced where agreed without GMV loss.",,,,,Recently Active,Returned Customer,False,Not Eligible,Lumpy,N/A,Decision stored; account not re-queued unless its NBA changes.,BASELINE,BASELINE,0fab81c98c28
ACC-075,P3,Tail,1422,5. Cost-to-Serve / Low-Touch,Service Model Review,COST_TO_SERVE_ACTIVE,Ready — Human,Not Started,Portfolio Lead,False,False,PB07_SERVICE_MODEL_REVIEW,Internal review (no customer contact),Portfolio Lead reviews account card and records a service decision.,14,Decision logged; broker effort reduced where agreed without GMV loss.,Decision recorded.,None.,H2_SINGLE_MONTH_SPIKE; NO_FEB_GMV (Feb unconfirmed),None: internal-only review,,,"WHY NOW: Low-value broker-reliant account that is still buying.
WHAT WE KNOW:
- Tail, Broker-Reliant, Account Managed; £1,422 6m GMV; Reseller, United Kingdom; tenure 14 months.
- Momentum: Stable (Sep-Nov £690 -> Dec-Feb £731); Recently Active (last GMV month: January); 3 orders over 3 month(s).
- Dependency: High (broker reliance 79%; 2 AM-placed / 1 self-serve orders).
- Engagement: 13 product views, 1 app days, 2 offer(s), 8 Fleek chats, 0 video requests; basket Bundle-only.
- Warnings: H2_SINGLE_MONTH_SPIKE; NO_FEB_GMV (Feb unconfirmed).
WHAT TO DO: Review the card and decide: maintain support / move to lower-touch / automated nurture / revisit later.
WHAT NOT TO DO: No customer message. No ROI claim (no AM cost data).
SUCCESS: Decision logged; broker effort reduced where agreed without GMV loss.",,,,,Recently Active,Existing Customer,False,Not Eligible,Lumpy,N/A,Decision stored; account not re-queued unless its NBA changes.,BASELINE,BASELINE,5e51c9a1ed5c
ACC-076,P4,Tail,1422,9. Long-Tail Automated Nurture,Automated Nurture,LONG_TAIL_STANDARD,Ready — Automated,Draft Ready,Automation,False,True,PB08_NURTURE,Email / in-app message,Queue automated message (Automated Nurture).,60,Any (repeat) order within 90 days.,"Order placed, unsubscribe, or 2 unanswered dormant messages (pause 6 months).",Rising Tail accounts that cross the Core line re-route automatically.,LOW_CONFIDENCE,Draft ready (not sent),NUR_DORMANT,"Hi {first_name},

Whenever you're planning your next stock buy, you can browse handpicked stock on the Fleek app at any time. If you're looking for something specific, reply to this message and we'll do our best to help you find it. No pressure, just a friendly reminder that we're here.

Best,
{sender_name}",,,,,Dormant,No Meaningful History,Existing Customer,False,Not Eligible,Lumpy,N/A,No repeat send while the logged action is inside its cadence window.,BASELINE,BASELINE,ec3b1426520d
ACC-077,P3,Tail,1401,5. Cost-to-Serve / Low-Touch,Service Model Review,COST_TO_SERVE_ACTIVE,Ready — Human,Not Started,Portfolio Lead,False,False,PB07_SERVICE_MODEL_REVIEW,Internal review (no customer contact),Portfolio Lead reviews account card and records a service decision.,14,Decision logged; broker effort reduced where agreed without GMV loss.,Decision recorded.,None.,FEB_SENSITIVE; H2_SINGLE_MONTH_SPIKE,None: internal-only review,,,"WHY NOW: Low-value broker-reliant account that is still buying.
WHAT WE KNOW:
- Tail, Broker-Reliant, Account Managed; £1,401 6m GMV; Reseller, United Kingdom; tenure 14 months.
- Momentum: Declining (Sep-Nov £1,130 -> Dec-Feb £272); Recently Active (last GMV month: February); 5 orders over 3 month(s).
- Dependency: High (broker reliance 81%; 4 AM-placed / 1 self-serve orders).
- Engagement: 10 product views, 4 app days, 1 offer(s), 6 Fleek chats, 0 video requests; basket Mixed.
- Warnings: FEB_SENSITIVE; H2_SINGLE_MONTH_SPIKE.
WHAT TO DO: Review the card and decide: maintain support / move to lower-touch / automated nurture / revisit later.
WHAT NOT TO DO: No customer message. No ROI claim (no AM cost data).
SUCCESS: Decision logged; broker effort reduced where agreed without GMV loss.",,,,,Recently Active,Existing Customer,False,Not Eligible,Regular,N/A,Decision stored; account not re-queued unless its NBA changes.,BASELINE,BASELINE,4c8d2cf7f6c3
ACC-078,P3,Tail,1366,9. Long-Tail Automated Nurture,Automated Nurture,LONG_TAIL_STANDARD,Human Review Required,Awaiting Human Review,Portfolio Lead,False,False,PB08_NURTURE,Email / in-app message,Verify order-channel data; then release or re-route the automated message.,30,Any (repeat) order within 90 days.,"Order placed, unsubscribe, or 2 unanswered dormant messages (pause 6 months).",Rising Tail accounts that cross the Core line re-route automatically.,MATERIAL_BROKER_INCONSISTENCY (segment would change); H2_SINGLE_MONTH_SPIKE,Withheld until human review is complete,,,"WHY NOW: Low-value, low-dependency account.
WHAT WE KNOW:
- Tail, AM-Owned / Self-Serving, Account Managed; £1,366 6m GMV; Reseller, France; tenure 16 months.
- Momentum: Stable (Sep-Nov £662 -> Dec-Feb £704); Recent Inactivity (last GMV month: December); 4 orders over 2 month(s).
- Dependency: Low (broker reliance 16%; 1 AM-placed / 3 self-serve orders).
- Engagement: 24 product views, 10 app days, 0 offer(s), 7 Fleek chats, 0 video requests; basket Handpick-only.
- Warnings: MATERIAL_BROKER_INCONSISTENCY (segment would change); H2_SINGLE_MONTH_SPIKE.
WHAT TO DO: Order counts imply a different broker reliance than the provided figure, which would move this account to 5. Cost-to-Serve / Low-Touch. Verify order-channel data, then release or re-route the automated action.
WHAT NOT TO DO: Do not release the automated message until verified.
SUCCESS: Any (repeat) order within 90 days.",,,,Light-touch repeat buyer,Recent Inactivity,Existing Customer,False,Not Eligible,Lumpy,N/A,No repeat send while the logged action is inside its cadence window.,BASELINE,BASELINE,6f3017b032a8
ACC-079,P4,Tail,1342,5. Cost-to-Serve / Low-Touch,Automated Nurture,DORMANT_LOW_VALUE,Ready — Automated,Draft Ready,Automation,False,True,PB08_NURTURE,Email / in-app message,Queue automated message (Automated Nurture).,60,Any (repeat) order within 90 days.,"Order placed, unsubscribe, or 2 unanswered dormant messages (pause 6 months).",Rising Tail accounts that cross the Core line re-route automatically.,MATERIAL_BROKER_INCONSISTENCY,Draft ready (not sent),NUR_DORMANT,"Hi {first_name},

Whenever you're planning your next stock buy, you can browse bundles on the Fleek app at any time. If you're looking for something specific, reply to this message and we'll do our best to help you find it. No pressure, just a friendly reminder that we're here.

Best,
{sender_name}",,,,,Dormant,No Meaningful History,Existing Customer,False,Not Eligible,Lumpy,N/A,No repeat send while the logged action is inside its cadence window.,BASELINE,BASELINE,e891406e4c4e
ACC-080,P3,Tail,1342,5. Cost-to-Serve / Low-Touch,Service Model Review,COST_TO_SERVE_ACTIVE,Ready — Human,Not Started,Portfolio Lead,False,False,PB07_SERVICE_MODEL_REVIEW,Internal review (no customer contact),Portfolio Lead reviews account card and records a service decision.,14,Decision logged; broker effort reduced where agreed without GMV loss.,Decision recorded.,None.,,None: internal-only review,,,"WHY NOW: Low-value broker-reliant account that is still buying.
WHAT WE KNOW:
- Tail, Broker-Reliant, Account Managed; £1,342 6m GMV; Reseller, United Kingdom; tenure 10 months.
- Momentum: H2 Active / No H1 GMV; Recently Active (last GMV month: February); 7 orders over 2 month(s).
- Dependency: High (broker reliance 58%; 4 AM-placed / 3 self-serve orders).
- Engagement: 13 product views, 3 app days, 1 offer(s), 11 Fleek chats, 1 video requests; basket Mixed.
WHAT TO DO: Review the card and decide: maintain support / move to lower-touch / automated nurture / revisit later.
WHAT NOT TO DO: No customer message. No ROI claim (no AM cost data).
SUCCESS: Decision logged; broker effort reduced where agreed without GMV loss.",,,,,Recently Active,Returned Customer,False,Not Eligible,Lumpy,N/A,Decision stored; account not re-queued unless its NBA changes.,BASELINE,BASELINE,71d07324867c
ACC-081,P4,Tail,1289,5. Cost-to-Serve / Low-Touch,Automated Nurture,DORMANT_LOW_VALUE,Ready — Automated,Draft Ready,Automation,False,True,PB08_NURTURE,Email / in-app message,Queue automated message (Automated Nurture).,60,Any (repeat) order within 90 days.,"Order placed, unsubscribe, or 2 unanswered dormant messages (pause 6 months).",Rising Tail accounts that cross the Core line re-route automatically.,,Draft ready (not sent),NUR_DORMANT,"Hi {first_name},

Whenever you're planning your next stock buy, you can browse handpicked stock on the Fleek app at any time. If you're looking for something specific, reply to this message and we'll do our best to help you find it. No pressure, just a friendly reminder that we're here.

Best,
{sender_name}",,,,,Dormant,Recent Inactivity,Existing Customer,False,Not Eligible,Lumpy,N/A,No repeat send while the logged action is inside its cadence window.,BASELINE,BASELINE,66f3801b7ad9
ACC-082,P4,Tail,1263,9. Long-Tail Automated Nurture,Automated Nurture,LONG_TAIL_STANDARD,Ready — Automated,Draft Ready,Automation,False,True,PB08_NURTURE,Email / in-app message,Queue automated message (Automated Nurture).,60,Any (repeat) order within 90 days.,"Order placed, unsubscribe, or 2 unanswered dormant messages (pause 6 months).",Rising Tail accounts that cross the Core line re-route automatically.,,Draft ready (not sent),NUR_DORMANT,"Hi {first_name},

Whenever you're planning your next stock buy, you can browse bundles on the Fleek app at any time. If you're looking for something specific, reply to this message and we'll do our best to help you find it. No pressure, just a friendly reminder that we're here.

Best,
{sender_name}",,,,,Dormant,Recent Inactivity,Existing Customer,False,Not Eligible,Lumpy,N/A,No repeat send while the logged action is inside its cadence window.,BASELINE,BASELINE,212eccfd4c0a
ACC-083,P3,Tail,1217,9. Long-Tail Automated Nurture,Reinforce Successful Behaviour,RISING_TAIL,Ready — Automated,Draft Ready,Automation,False,True,PB06_REINFORCE,Email / in-app message,Queue automated message (Reinforce Successful Behaviour).,30,"GMV run-rate maintained or higher, with GMV in each month of the next quarter.",Account shows Recent Inactivity (playbook must not run) or momentum turns Declining.,Recent Inactivity -> Verify check (human).,,Draft ready (not sent),REINFORCE,"Hi {first_name},

Thanks for being an active Fleek buyer. Just a quick note to keep an eye on the app for bundles that fits your range, and to let you know we're here if there's anything specific you're trying to source. Reply any time and we'll help.

Best,
{sender_name}",,Range Expansion Test — trial handpick,Treatment,"Hi {first_name},

Would you like to explore another way of sourcing stock? Alongside the bundles you usually buy, Fleek also offers handpicked stock, which you can browse in the app. It's there if you ever want to try it; if you have any questions, just reply to this message.

Best,
{sender_name}",,Recently Active,Existing Customer,True,Not Eligible,Regular,N/A,Suppressed if Recent Inactivity; otherwise no repeat inside 30 days.,BASELINE,BASELINE,aa8993285b83
ACC-084,P4,Tail,1185,9. Long-Tail Automated Nurture,Automated Nurture,LONG_TAIL_STANDARD,Ready — Automated,Draft Ready,Automation,False,True,PB08_NURTURE,Email / in-app message,Queue automated message (Automated Nurture).,60,Any (repeat) order within 90 days.,"Order placed, unsubscribe, or 2 unanswered dormant messages (pause 6 months).",Rising Tail accounts that cross the Core line re-route automatically.,LOW_CONFIDENCE,Draft ready (not sent),NUR_DORMANT,"Hi {first_name},

Whenever you're planning your next stock buy, you can browse bundles on the Fleek app at any time. If you're looking for something specific, reply to this message and we'll do our best to help you find it. No pressure, just a friendly reminder that we're here.

Best,
{sender_name}",,,,,Dormant,No Meaningful History,Existing Customer,False,Not Eligible,Lumpy,N/A,No repeat send while the logged action is inside its cadence window.,BASELINE,BASELINE,f1af6b517a0f
ACC-085,P3,Tail,1166,9. Long-Tail Automated Nurture,Reinforce Successful Behaviour,RISING_TAIL,Ready — Automated,Draft Ready,Automation,False,True,PB06_REINFORCE,Email / in-app message,Queue automated message (Reinforce Successful Behaviour).,30,"GMV run-rate maintained or higher, with GMV in each month of the next quarter.",Account shows Recent Inactivity (playbook must not run) or momentum turns Declining.,Recent Inactivity -> Verify check (human).,,Draft ready (not sent),REINFORCE,"Hi {first_name},

Thanks for being an active Fleek buyer. Just a quick note to keep an eye on the app for bundles that fits your range, and to let you know we're here if there's anything specific you're trying to source. Reply any time and we'll help.

Best,
{sender_name}",,Range Expansion Test — trial handpick,Treatment,"Hi {first_name},

Would you like to explore another way of sourcing stock? Alongside the bundles you usually buy, Fleek also offers handpicked stock, which you can browse in the app. It's there if you ever want to try it; if you have any questions, just reply to this message.

Best,
{sender_name}",,Recently Active,Existing Customer,True,Not Eligible,Lumpy,N/A,Suppressed if Recent Inactivity; otherwise no repeat inside 30 days.,BASELINE,BASELINE,f2b94879059a
ACC-086,P3,Tail,1153,9. Long-Tail Automated Nurture,Automated Nurture,RISING_TAIL_EARLY,Ready — Automated,Draft Ready,Automation,False,True,PB08_NURTURE,Email / in-app message,Queue automated message (Automated Nurture).,30,Any (repeat) order within 90 days.,"Order placed, unsubscribe, or 2 unanswered dormant messages (pause 6 months).",Rising Tail accounts that cross the Core line re-route automatically.,FEB_SENSITIVE; H2_SINGLE_MONTH_SPIKE,Draft ready (not sent),NUR_RISING,"Hi {first_name},

Thanks for your recent orders with Fleek. Whenever you're planning your next buy, the app is the quickest way to browse bundles and handpicked stock and make an offer where a price doesn't quite work. If you're looking for something specific, reply here and we'll help.

Best,
{sender_name}",,,,,Rising tail – early pattern,Recently Active,Existing Customer,True,Not Eligible,Lumpy,N/A,No repeat send while the logged action is inside its cadence window.,BASELINE,BASELINE,51560fabe901
ACC-087,P4,Tail,1079,5. Cost-to-Serve / Low-Touch,Automated Nurture,DORMANT_LOW_VALUE,Ready — Automated,Draft Ready,Automation,False,True,PB08_NURTURE,Email / in-app message,Queue automated message (Automated Nurture).,60,Any (repeat) order within 90 days.,"Order placed, unsubscribe, or 2 unanswered dormant messages (pause 6 months).",Rising Tail accounts that cross the Core line re-route automatically.,,Draft ready (not sent),NUR_DORMANT,"Hi {first_name},

Whenever you're planning your next stock buy, you can browse bundles on the Fleek app at any time. If you're looking for something specific, reply to this message and we'll do our best to help you find it. No pressure, just a friendly reminder that we're here.

Best,
{sender_name}",,,,,Dormant,Recent Inactivity,Existing Customer,False,Not Eligible,Lumpy,N/A,No repeat send while the logged action is inside its cadence window.,BASELINE,BASELINE,2eeccb8ab72f
ACC-088,P4,Tail,1071,5. Cost-to-Serve / Low-Touch,Automated Nurture,DORMANT_LOW_VALUE,Ready — Automated,Draft Ready,Automation,False,True,PB08_NURTURE,Email / in-app message,Queue automated message (Automated Nurture).,60,Any (repeat) order within 90 days.,"Order placed, unsubscribe, or 2 unanswered dormant messages (pause 6 months).",Rising Tail accounts that cross the Core line re-route automatically.,LOW_CONFIDENCE,Draft ready (not sent),NUR_DORMANT,"Hi {first_name},

Whenever you're planning your next stock buy, you can browse bundles on the Fleek app at any time. If you're looking for something specific, reply to this message and we'll do our best to help you find it. No pressure, just a friendly reminder that we're here.

Best,
{sender_name}",,,,,Dormant,No Meaningful History,Existing Customer,False,Not Eligible,Lumpy,N/A,No repeat send while the logged action is inside its cadence window.,BASELINE,BASELINE,3d46b9f4fdf1
ACC-089,P4,Tail,1011,9. Long-Tail Automated Nurture,Automated Nurture,LONG_TAIL_STANDARD,Ready — Automated,Draft Ready,Automation,False,True,PB08_NURTURE,Email / in-app message,Queue automated message (Automated Nurture).,60,Any (repeat) order within 90 days.,"Order placed, unsubscribe, or 2 unanswered dormant messages (pause 6 months).",Rising Tail accounts that cross the Core line re-route automatically.,LOW_CONFIDENCE,Draft ready (not sent),NUR_DORMANT,"Hi {first_name},

Whenever you're planning your next stock buy, you can browse handpicked stock on the Fleek app at any time. If you're looking for something specific, reply to this message and we'll do our best to help you find it. No pressure, just a friendly reminder that we're here.

Best,
{sender_name}",,,,,Dormant,No Meaningful History,Existing Customer,False,Not Eligible,Lumpy,N/A,No repeat send while the logged action is inside its cadence window.,BASELINE,BASELINE,83b65679867a
ACC-090,P4,Tail,987,9. Long-Tail Automated Nurture,Automated Nurture,LONG_TAIL_STANDARD,Ready — Automated,Draft Ready,Automation,False,True,PB08_NURTURE,Email / in-app message,Queue automated message (Automated Nurture).,30,Any (repeat) order within 90 days.,"Order placed, unsubscribe, or 2 unanswered dormant messages (pause 6 months).",Rising Tail accounts that cross the Core line re-route automatically.,,Draft ready (not sent),NUR_STANDARD,"Hi {first_name},

A quick reminder that you can browse bundles and handpicked stock on the Fleek app whenever you're planning your next buy, at a time that suits you. If there's something specific you're looking for, reply to this message and we'll do our best to help.

Best,
{sender_name}",,,,,Standard long tail,Recently Active,Existing Customer,False,Not Eligible,Regular,N/A,No repeat send while the logged action is inside its cadence window.,BASELINE,BASELINE,830b19085775
ACC-091,P4,Tail,982,9. Long-Tail Automated Nurture,Automated Nurture,LONG_TAIL_STANDARD,Ready — Automated,Draft Ready,Automation,False,True,PB08_NURTURE,Email / in-app message,Queue automated message (Automated Nurture).,60,Any (repeat) order within 90 days.,"Order placed, unsubscribe, or 2 unanswered dormant messages (pause 6 months).",Rising Tail accounts that cross the Core line re-route automatically.,,Draft ready (not sent),NUR_DORMANT,"Hi {first_name},

Whenever you're planning your next stock buy, you can browse bundles and handpicked stock on the Fleek app at any time. If you're looking for something specific, reply to this message and we'll do our best to help you find it. No pressure, just a friendly reminder that we're here.

Best,
{sender_name}",,,,,Dormant,No Meaningful History,Existing Customer,False,Not Eligible,Lumpy,N/A,No repeat send while the logged action is inside its cadence window.,BASELINE,BASELINE,140a44aa2700
ACC-092,P4,Tail,944,9. Long-Tail Automated Nurture,Automated Nurture,LONG_TAIL_STANDARD,Ready — Automated,Draft Ready,Automation,False,True,PB08_NURTURE,Email / in-app message,Queue automated message (Automated Nurture).,60,Any (repeat) order within 90 days.,"Order placed, unsubscribe, or 2 unanswered dormant messages (pause 6 months).",Rising Tail accounts that cross the Core line re-route automatically.,LOW_CONFIDENCE,Draft ready (not sent),NUR_DORMANT,"Hi {first_name},

Whenever you're planning your next stock buy, you can browse bundles on the Fleek app at any time. If you're looking for something specific, reply to this message and we'll do our best to help you find it. No pressure, just a friendly reminder that we're here.

Best,
{sender_name}",,,,,Dormant,No Meaningful History,Existing Customer,False,Not Eligible,Lumpy,N/A,No repeat send while the logged action is inside its cadence window.,BASELINE,BASELINE,7126aeffae9c
ACC-093,P4,Tail,908,9. Long-Tail Automated Nurture,Automated Nurture,LONG_TAIL_STANDARD,Ready — Automated,Draft Ready,Automation,False,True,PB08_NURTURE,Email / in-app message,Queue automated message (Automated Nurture).,30,Any (repeat) order within 90 days.,"Order placed, unsubscribe, or 2 unanswered dormant messages (pause 6 months).",Rising Tail accounts that cross the Core line re-route automatically.,NO_FEB_GMV (Feb unconfirmed),Draft ready (not sent),NUR_STANDARD,"Hi {first_name},

A quick reminder that you can browse bundles on the Fleek app whenever you're planning your next buy, at a time that suits you. If there's something specific you're looking for, reply to this message and we'll do our best to help.

Best,
{sender_name}",,,,,Standard long tail,Recently Active,Existing Customer,False,Not Eligible,Lumpy,N/A,No repeat send while the logged action is inside its cadence window.,BASELINE,BASELINE,084576f9c5fd
ACC-094,P4,Tail,896,9. Long-Tail Automated Nurture,Automated Nurture,LONG_TAIL_STANDARD,Ready — Automated,Draft Ready,Automation,False,True,PB08_NURTURE,Email / in-app message,Queue automated message (Automated Nurture).,60,Any (repeat) order within 90 days.,"Order placed, unsubscribe, or 2 unanswered dormant messages (pause 6 months).",Rising Tail accounts that cross the Core line re-route automatically.,LOW_CONFIDENCE,Draft ready (not sent),NUR_DORMANT,"Hi {first_name},

Whenever you're planning your next stock buy, you can browse bundles on the Fleek app at any time. If you're looking for something specific, reply to this message and we'll do our best to help you find it. No pressure, just a friendly reminder that we're here.

Best,
{sender_name}",,,,,Dormant,No Meaningful History,Existing Customer,False,Not Eligible,Lumpy,N/A,No repeat send while the logged action is inside its cadence window.,BASELINE,BASELINE,2273d6e9399f
ACC-095,P4,Tail,892,9. Long-Tail Automated Nurture,Automated Nurture,LONG_TAIL_STANDARD,Ready — Automated,Draft Ready,Automation,False,True,PB08_NURTURE,Email / in-app message,Queue automated message (Automated Nurture).,60,Any (repeat) order within 90 days.,"Order placed, unsubscribe, or 2 unanswered dormant messages (pause 6 months).",Rising Tail accounts that cross the Core line re-route automatically.,LOW_CONFIDENCE,Draft ready (not sent),NUR_DORMANT,"Hi {first_name},

Whenever you're planning your next stock buy, you can browse bundles on the Fleek app at any time. If you're looking for something specific, reply to this message and we'll do our best to help you find it. No pressure, just a friendly reminder that we're here.

Best,
{sender_name}",,,,,Dormant,No Meaningful History,Existing Customer,False,Not Eligible,Lumpy,N/A,No repeat send while the logged action is inside its cadence window.,BASELINE,BASELINE,703b0a097633
ACC-096,P4,Tail,874,5. Cost-to-Serve / Low-Touch,Automated Nurture,DORMANT_LOW_VALUE,Ready — Automated,Draft Ready,Automation,False,True,PB08_NURTURE,Email / in-app message,Queue automated message (Automated Nurture).,60,Any (repeat) order within 90 days.,"Order placed, unsubscribe, or 2 unanswered dormant messages (pause 6 months).",Rising Tail accounts that cross the Core line re-route automatically.,LOW_CONFIDENCE,Draft ready (not sent),NUR_DORMANT,"Hi {first_name},

Whenever you're planning your next stock buy, you can browse bundles on the Fleek app at any time. If you're looking for something specific, reply to this message and we'll do our best to help you find it. No pressure, just a friendly reminder that we're here.

Best,
{sender_name}",,,,,Dormant,No Meaningful History,Existing Customer,False,Not Eligible,Lumpy,N/A,No repeat send while the logged action is inside its cadence window.,BASELINE,BASELINE,6d8dcd1f0f79
ACC-097,P4,Tail,852,9. Long-Tail Automated Nurture,Automated Nurture,LONG_TAIL_STANDARD,Ready — Automated,Draft Ready,Automation,False,True,PB08_NURTURE,Email / in-app message,Queue automated message (Automated Nurture).,60,Any (repeat) order within 90 days.,"Order placed, unsubscribe, or 2 unanswered dormant messages (pause 6 months).",Rising Tail accounts that cross the Core line re-route automatically.,,Draft ready (not sent),NUR_DORMANT,"Hi {first_name},

Whenever you're planning your next stock buy, you can browse bundles on the Fleek app at any time. If you're looking for something specific, reply to this message and we'll do our best to help you find it. No pressure, just a friendly reminder that we're here.

Best,
{sender_name}",,,,,Dormant,Recent Inactivity,Existing Customer,False,Not Eligible,Lumpy,N/A,No repeat send while the logged action is inside its cadence window.,BASELINE,BASELINE,02cd252e0cbc
ACC-098,P4,Tail,844,9. Long-Tail Automated Nurture,Automated Nurture,LONG_TAIL_STANDARD,Ready — Automated,Draft Ready,Automation,False,True,PB08_NURTURE,Email / in-app message,Queue automated message (Automated Nurture).,60,Any (repeat) order within 90 days.,"Order placed, unsubscribe, or 2 unanswered dormant messages (pause 6 months).",Rising Tail accounts that cross the Core line re-route automatically.,,Draft ready (not sent),NUR_DORMANT,"Hi {first_name},

Whenever you're planning your next stock buy, you can browse bundles on the Fleek app at any time. If you're looking for something specific, reply to this message and we'll do our best to help you find it. No pressure, just a friendly reminder that we're here.

Best,
{sender_name}",,,,,Dormant,Recent Inactivity,Existing Customer,False,Not Eligible,Lumpy,N/A,No repeat send while the logged action is inside its cadence window.,BASELINE,BASELINE,fabe0d80dfb9
ACC-099,P4,Tail,840,9. Long-Tail Automated Nurture,Automated Nurture,LONG_TAIL_STANDARD,Ready — Automated,Draft Ready,Automation,False,True,PB08_NURTURE,Email / in-app message,Queue automated message (Automated Nurture).,60,Any (repeat) order within 90 days.,"Order placed, unsubscribe, or 2 unanswered dormant messages (pause 6 months).",Rising Tail accounts that cross the Core line re-route automatically.,LOW_CONFIDENCE,Draft ready (not sent),NUR_DORMANT,"Hi {first_name},

Whenever you're planning your next stock buy, you can browse bundles on the Fleek app at any time. If you're looking for something specific, reply to this message and we'll do our best to help you find it. No pressure, just a friendly reminder that we're here.

Best,
{sender_name}",,,,,Dormant,No Meaningful History,Existing Customer,False,Not Eligible,Lumpy,N/A,No repeat send while the logged action is inside its cadence window.,BASELINE,BASELINE,2cb7ed3cc060
ACC-100,P4,Tail,834,9. Long-Tail Automated Nurture,Automated Nurture,LONG_TAIL_STANDARD,Ready — Automated,Draft Ready,Automation,False,True,PB08_NURTURE,Email / in-app message,Queue automated message (Automated Nurture).,60,Any (repeat) order within 90 days.,"Order placed, unsubscribe, or 2 unanswered dormant messages (pause 6 months).",Rising Tail accounts that cross the Core line re-route automatically.,,Draft ready (not sent),NUR_DORMANT,"Hi {first_name},

Whenever you're planning your next stock buy, you can browse bundles on the Fleek app at any time. If you're looking for something specific, reply to this message and we'll do our best to help you find it. No pressure, just a friendly reminder that we're here.

Best,
{sender_name}",,,,,Dormant,Recent Inactivity,Existing Customer,False,Not Eligible,Lumpy,N/A,No repeat send while the logged action is inside its cadence window.,BASELINE,BASELINE,fb1e7d3fb6e3
ACC-101,P4,Tail,788,9. Long-Tail Automated Nurture,Automated Nurture,LONG_TAIL_STANDARD,Ready — Automated,Draft Ready,Automation,False,True,PB08_NURTURE,Email / in-app message,Queue automated message (Automated Nurture).,30,Any (repeat) order within 90 days.,"Order placed, unsubscribe, or 2 unanswered dormant messages (pause 6 months).",Rising Tail accounts that cross the Core line re-route automatically.,LOW_CONFIDENCE,Draft ready (not sent),NUR_RETURNED,"Hi {first_name},

Welcome back to Fleek, and thanks for your recent order. You can browse bundles in the app whenever it suits you. If there's anything specific you're sourcing at the moment, reply to this message and we'll help point you in the right direction.

Best,
{sender_name}",,,,,Returned customer,No Meaningful History,Returned Customer,False,Not Eligible,Lumpy,N/A,No repeat send while the logged action is inside its cadence window.,BASELINE,BASELINE,db53945d941b
ACC-102,P4,Tail,763,9. Long-Tail Automated Nurture,Automated Nurture,LONG_TAIL_STANDARD,Ready — Automated,Draft Ready,Automation,False,True,PB08_NURTURE,Email / in-app message,Queue automated message (Automated Nurture).,60,Any (repeat) order within 90 days.,"Order placed, unsubscribe, or 2 unanswered dormant messages (pause 6 months).",Rising Tail accounts that cross the Core line re-route automatically.,LOW_CONFIDENCE,Draft ready (not sent),NUR_DORMANT,"Hi {first_name},

Whenever you're planning your next stock buy, you can browse bundles on the Fleek app at any time. If you're looking for something specific, reply to this message and we'll do our best to help you find it. No pressure, just a friendly reminder that we're here.

Best,
{sender_name}",,,,,Dormant,No Meaningful History,Existing Customer,False,Not Eligible,Lumpy,N/A,No repeat send while the logged action is inside its cadence window.,BASELINE,BASELINE,d0dbce3413e6
ACC-103,P4,Tail,757,9. Long-Tail Automated Nurture,Automated Nurture,LONG_TAIL_STANDARD,Ready — Automated,Draft Ready,Automation,False,True,PB08_NURTURE,Email / in-app message,Queue automated message (Automated Nurture).,60,Any (repeat) order within 90 days.,"Order placed, unsubscribe, or 2 unanswered dormant messages (pause 6 months).",Rising Tail accounts that cross the Core line re-route automatically.,LOW_CONFIDENCE,Draft ready (not sent),NUR_DORMANT,"Hi {first_name},

Whenever you're planning your next stock buy, you can browse handpicked stock on the Fleek app at any time. If you're looking for something specific, reply to this message and we'll do our best to help you find it. No pressure, just a friendly reminder that we're here.

Best,
{sender_name}",,,,,Dormant,No Meaningful History,Existing Customer,False,Not Eligible,Lumpy,N/A,No repeat send while the logged action is inside its cadence window.,BASELINE,BASELINE,538b08a9a379
ACC-104,P3,Tail,718,5. Cost-to-Serve / Low-Touch,Service Model Review,COST_TO_SERVE_ACTIVE,Ready — Human,Not Started,Portfolio Lead,False,False,PB07_SERVICE_MODEL_REVIEW,Internal review (no customer contact),Portfolio Lead reviews account card and records a service decision.,14,Decision logged; broker effort reduced where agreed without GMV loss.,Decision recorded.,None.,NO_FEB_GMV (Feb unconfirmed); LOW_CONFIDENCE,None: internal-only review,,,"WHY NOW: Low-value broker-reliant account that is still buying.
WHAT WE KNOW:
- Tail, Broker-Reliant, Account Managed; £718 6m GMV; Reseller, France; tenure 18 months.
- Momentum: Stable (Sep-Nov £383 -> Dec-Feb £335); Recently Active (last GMV month: January); 2 orders over 2 month(s).
- Dependency: Medium (broker reliance 53%; 1 AM-placed / 1 self-serve orders).
- Engagement: 12 product views, 3 app days, 2 offer(s), 25 Fleek chats, 0 video requests; basket Bundle-only.
- Warnings: NO_FEB_GMV (Feb unconfirmed); LOW_CONFIDENCE.
WHAT TO DO: Review the card and decide: maintain support / move to lower-touch / automated nurture / revisit later.
WHAT NOT TO DO: No customer message. No ROI claim (no AM cost data).
SUCCESS: Decision logged; broker effort reduced where agreed without GMV loss.",,,,,Recently Active,Existing Customer,False,Not Eligible,Lumpy,N/A,Decision stored; account not re-queued unless its NBA changes.,BASELINE,BASELINE,8b1c267f7bdf
ACC-105,P4,Tail,710,5. Cost-to-Serve / Low-Touch,Automated Nurture,DORMANT_LOW_VALUE,Ready — Automated,Draft Ready,Automation,False,True,PB08_NURTURE,Email / in-app message,Queue automated message (Automated Nurture).,60,Any (repeat) order within 90 days.,"Order placed, unsubscribe, or 2 unanswered dormant messages (pause 6 months).",Rising Tail accounts that cross the Core line re-route automatically.,LOW_CONFIDENCE,Draft ready (not sent),NUR_DORMANT,"Hi {first_name},

Whenever you're planning your next stock buy, you can browse bundles on the Fleek app at any time. If you're looking for something specific, reply to this message and we'll do our best to help you find it. No pressure, just a friendly reminder that we're here.

Best,
{sender_name}",,,,,Dormant,No Meaningful History,Existing Customer,False,Not Eligible,Lumpy,N/A,No repeat send while the logged action is inside its cadence window.,BASELINE,BASELINE,e71b26c93fb8
ACC-106,P4,Tail,680,9. Long-Tail Automated Nurture,Automated Nurture,LONG_TAIL_STANDARD,Ready — Automated,Draft Ready,Automation,False,True,PB08_NURTURE,Email / in-app message,Queue automated message (Automated Nurture).,30,Any (repeat) order within 90 days.,"Order placed, unsubscribe, or 2 unanswered dormant messages (pause 6 months).",Rising Tail accounts that cross the Core line re-route automatically.,NO_FEB_GMV (Feb unconfirmed); LOW_CONFIDENCE,Draft ready (not sent),NUR_RETURNED,"Hi {first_name},

Welcome back to Fleek, and thanks for your recent order. You can browse handpicked stock in the app whenever it suits you. If there's anything specific you're sourcing at the moment, reply to this message and we'll help point you in the right direction.

Best,
{sender_name}",,,,,Returned customer,Recently Active,Returned Customer,False,Not Eligible,Lumpy,N/A,No repeat send while the logged action is inside its cadence window.,BASELINE,BASELINE,d3ee7ca0c4ff
ACC-107,P4,Tail,675,5. Cost-to-Serve / Low-Touch,Automated Nurture,DORMANT_LOW_VALUE,Ready — Automated,Draft Ready,Automation,False,True,PB08_NURTURE,Email / in-app message,Queue automated message (Automated Nurture).,60,Any (repeat) order within 90 days.,"Order placed, unsubscribe, or 2 unanswered dormant messages (pause 6 months).",Rising Tail accounts that cross the Core line re-route automatically.,LOW_CONFIDENCE,Draft ready (not sent),NUR_DORMANT,"Hi {first_name},

Whenever you're planning your next stock buy, you can browse bundles on the Fleek app at any time. If you're looking for something specific, reply to this message and we'll do our best to help you find it. No pressure, just a friendly reminder that we're here.

Best,
{sender_name}",,,,,Dormant,No Meaningful History,Existing Customer,False,Not Eligible,Lumpy,N/A,No repeat send while the logged action is inside its cadence window.,BASELINE,BASELINE,992c78051d9e
ACC-108,P4,Tail,663,9. Long-Tail Automated Nurture,Automated Nurture,LONG_TAIL_STANDARD,Ready — Automated,Draft Ready,Automation,False,True,PB08_NURTURE,Email / in-app message,Queue automated message (Automated Nurture).,30,Any (repeat) order within 90 days.,"Order placed, unsubscribe, or 2 unanswered dormant messages (pause 6 months).",Rising Tail accounts that cross the Core line re-route automatically.,H2_SINGLE_MONTH_SPIKE,Draft ready (not sent),NUR_REPEAT,"Hi {first_name},

Thanks for your recent orders with Fleek. A quick reminder that you can browse bundles and handpicked stock in the app whenever you're ready for your next buy. If there's something particular you're after, just reply to this message and we'll be happy to help.

Best,
{sender_name}",,,,,Light-touch repeat buyer,Recent Inactivity,Existing Customer,False,Not Eligible,Regular,N/A,No repeat send while the logged action is inside its cadence window.,BASELINE,BASELINE,8019ed528f62
ACC-109,P4,Tail,607,9. Long-Tail Automated Nurture,Automated Nurture,LONG_TAIL_STANDARD,Ready — Automated,Draft Ready,Automation,False,True,PB08_NURTURE,Email / in-app message,Queue automated message (Automated Nurture).,30,Any (repeat) order within 90 days.,"Order placed, unsubscribe, or 2 unanswered dormant messages (pause 6 months).",Rising Tail accounts that cross the Core line re-route automatically.,FEB_SENSITIVE; LOW_CONFIDENCE,Draft ready (not sent),NUR_ENGAGED,"Hi {first_name},

If you've found items on Fleek that you like, you can check out directly from the product page, or use Make an Offer if the price doesn't quite work for you. If something is holding you back from ordering, reply here and let us know, as we'd be glad to help.

Best,
{sender_name}",,,,,"Engaged, not converting",Recently Active,Existing Customer,False,Not Eligible,Lumpy,N/A,No repeat send while the logged action is inside its cadence window.,BASELINE,BASELINE,b0b92af43152
ACC-110,P4,Tail,594,9. Long-Tail Automated Nurture,Automated Nurture,LONG_TAIL_STANDARD,Ready — Automated,Draft Ready,Automation,False,True,PB08_NURTURE,Email / in-app message,Queue automated message (Automated Nurture).,60,Any (repeat) order within 90 days.,"Order placed, unsubscribe, or 2 unanswered dormant messages (pause 6 months).",Rising Tail accounts that cross the Core line re-route automatically.,LOW_CONFIDENCE,Draft ready (not sent),NUR_DORMANT,"Hi {first_name},

Whenever you're planning your next stock buy, you can browse handpicked stock on the Fleek app at any time. If you're looking for something specific, reply to this message and we'll do our best to help you find it. No pressure, just a friendly reminder that we're here.

Best,
{sender_name}",,,,,Dormant,No Meaningful History,Existing Customer,False,Not Eligible,Lumpy,N/A,No repeat send while the logged action is inside its cadence window.,BASELINE,BASELINE,a64bfa52730f
ACC-111,P3,Tail,592,9. Long-Tail Automated Nurture,Discovery-to-Offer Enablement,BROWSING_LOW_OFFERS,Human Review Required,Awaiting Human Review,Portfolio Lead,False,False,PB05_DISCOVERY_TO_OFFER,Email / in-app message,Verify order-channel data; then release or re-route the automated message.,14,3+ offers within 90 days and ideally an order afterwards (association only - no offer-acceptance data).,"Offers reach 3, or two messages sent, or account becomes inactive/declining.",None (automated). Re-routes automatically if momentum turns Declining/Lapsed.,MATERIAL_BROKER_INCONSISTENCY (segment would change); NO_FEB_GMV (Feb unconfirmed),Withheld until human review is complete,,,"WHY NOW: Independent browser making few offers.
WHAT WE KNOW:
- Tail, AM-Owned / Self-Serving, Account Managed; £592 6m GMV; Reseller, Germany; tenure 14 months.
- Momentum: Stable (Sep-Nov £288 -> Dec-Feb £304); Recently Active (last GMV month: January); 4 orders over 4 month(s).
- Dependency: Low (broker reliance 19%; 1 AM-placed / 3 self-serve orders).
- Engagement: 153 product views, 29 app days, 0 offer(s), 34 Fleek chats, 0 video requests; basket Handpick-only.
- Warnings: MATERIAL_BROKER_INCONSISTENCY (segment would change); NO_FEB_GMV (Feb unconfirmed).
WHAT TO DO: Order counts imply a different broker reliance than the provided figure, which would move this account to 5. Cost-to-Serve / Low-Touch. Verify order-channel data, then release or re-route the automated action.
WHAT NOT TO DO: Do not release the automated message until verified.
SUCCESS: 3+ offers within 90 days and ideally an order afterwards (association only - no offer-acceptance data).",,,,,Recently Active,Existing Customer,False,Not Eligible,Lumpy,N/A,No re-send while the action is already logged for this NBA; eligible again only after the NBA changes.,BASELINE,BASELINE,99ad3fc1cdb9
ACC-112,P4,Tail,586,9. Long-Tail Automated Nurture,Automated Nurture,LONG_TAIL_STANDARD,Ready — Automated,Draft Ready,Automation,False,True,PB08_NURTURE,Email / in-app message,Queue automated message (Automated Nurture).,60,Any (repeat) order within 90 days.,"Order placed, unsubscribe, or 2 unanswered dormant messages (pause 6 months).",Rising Tail accounts that cross the Core line re-route automatically.,LOW_CONFIDENCE,Draft ready (not sent),NUR_DORMANT,"Hi {first_name},

Whenever you're planning your next stock buy, you can browse bundles on the Fleek app at any time. If you're looking for something specific, reply to this message and we'll do our best to help you find it. No pressure, just a friendly reminder that we're here.

Best,
{sender_name}",,,,,Dormant,No Meaningful History,Existing Customer,False,Not Eligible,Lumpy,N/A,No repeat send while the logged action is inside its cadence window.,BASELINE,BASELINE,7df27874c3b8
ACC-113,P4,Tail,580,5. Cost-to-Serve / Low-Touch,Automated Nurture,DORMANT_LOW_VALUE,Ready — Automated,Draft Ready,Automation,False,True,PB08_NURTURE,Email / in-app message,Queue automated message (Automated Nurture).,60,Any (repeat) order within 90 days.,"Order placed, unsubscribe, or 2 unanswered dormant messages (pause 6 months).",Rising Tail accounts that cross the Core line re-route automatically.,MATERIAL_BROKER_INCONSISTENCY; LOW_CONFIDENCE,Draft ready (not sent),NUR_DORMANT,"Hi {first_name},

Whenever you're planning your next stock buy, you can browse bundles on the Fleek app at any time. If you're looking for something specific, reply to this message and we'll do our best to help you find it. No pressure, just a friendly reminder that we're here.

Best,
{sender_name}",,,,,Dormant,No Meaningful History,Existing Customer,False,Not Eligible,Lumpy,N/A,No repeat send while the logged action is inside its cadence window.,BASELINE,BASELINE,3e57044e1daf
ACC-114,P4,Tail,576,5. Cost-to-Serve / Low-Touch,Automated Nurture,DORMANT_LOW_VALUE,Ready — Automated,Draft Ready,Automation,False,True,PB08_NURTURE,Email / in-app message,Queue automated message (Automated Nurture).,60,Any (repeat) order within 90 days.,"Order placed, unsubscribe, or 2 unanswered dormant messages (pause 6 months).",Rising Tail accounts that cross the Core line re-route automatically.,LOW_CONFIDENCE,Draft ready (not sent),NUR_DORMANT,"Hi {first_name},

Whenever you're planning your next stock buy, you can browse bundles and handpicked stock on the Fleek app at any time. If you're looking for something specific, reply to this message and we'll do our best to help you find it. No pressure, just a friendly reminder that we're here.

Best,
{sender_name}",,,,,Dormant,No Meaningful History,Existing Customer,False,Not Eligible,Lumpy,N/A,No repeat send while the logged action is inside its cadence window.,BASELINE,BASELINE,7fc0ae8a7c30
ACC-115,P4,Tail,574,9. Long-Tail Automated Nurture,Automated Nurture,LONG_TAIL_STANDARD,Ready — Automated,Draft Ready,Automation,False,True,PB08_NURTURE,Email / in-app message,Queue automated message (Automated Nurture).,60,Any (repeat) order within 90 days.,"Order placed, unsubscribe, or 2 unanswered dormant messages (pause 6 months).",Rising Tail accounts that cross the Core line re-route automatically.,LOW_CONFIDENCE,Draft ready (not sent),NUR_DORMANT,"Hi {first_name},

Whenever you're planning your next stock buy, you can browse bundles on the Fleek app at any time. If you're looking for something specific, reply to this message and we'll do our best to help you find it. No pressure, just a friendly reminder that we're here.

Best,
{sender_name}",,,,,Dormant,No Meaningful History,Existing Customer,False,Not Eligible,Lumpy,N/A,No repeat send while the logged action is inside its cadence window.,BASELINE,BASELINE,f4a439b839e7
ACC-116,P4,Tail,523,9. Long-Tail Automated Nurture,Automated Nurture,LONG_TAIL_STANDARD,Ready — Automated,Draft Ready,Automation,False,True,PB08_NURTURE,Email / in-app message,Queue automated message (Automated Nurture).,60,Any (repeat) order within 90 days.,"Order placed, unsubscribe, or 2 unanswered dormant messages (pause 6 months).",Rising Tail accounts that cross the Core line re-route automatically.,,Draft ready (not sent),NUR_DORMANT,"Hi {first_name},

Whenever you're planning your next stock buy, you can browse bundles and handpicked stock on the Fleek app at any time. If you're looking for something specific, reply to this message and we'll do our best to help you find it. No pressure, just a friendly reminder that we're here.

Best,
{sender_name}",,,,,Dormant,Recent Inactivity,Existing Customer,False,Not Eligible,Lumpy,N/A,No repeat send while the logged action is inside its cadence window.,BASELINE,BASELINE,f34435f6e226
ACC-117,P4,Tail,519,9. Long-Tail Automated Nurture,Automated Nurture,LONG_TAIL_STANDARD,Ready — Automated,Draft Ready,Automation,False,True,PB08_NURTURE,Email / in-app message,Queue automated message (Automated Nurture).,30,Any (repeat) order within 90 days.,"Order placed, unsubscribe, or 2 unanswered dormant messages (pause 6 months).",Rising Tail accounts that cross the Core line re-route automatically.,LOW_CONFIDENCE,Draft ready (not sent),NUR_RETURNED,"Hi {first_name},

Welcome back to Fleek, and thanks for your recent order. You can browse bundles in the app whenever it suits you. If there's anything specific you're sourcing at the moment, reply to this message and we'll help point you in the right direction.

Best,
{sender_name}",,,,,Returned customer,No Meaningful History,Returned Customer,False,Not Eligible,Lumpy,N/A,No repeat send while the logged action is inside its cadence window.,BASELINE,BASELINE,8ae172b2ba78
ACC-118,P4,Tail,489,9. Long-Tail Automated Nurture,Automated Nurture,LONG_TAIL_STANDARD,Ready — Automated,Draft Ready,Automation,False,True,PB08_NURTURE,Email / in-app message,Queue automated message (Automated Nurture).,30,Any (repeat) order within 90 days.,"Order placed, unsubscribe, or 2 unanswered dormant messages (pause 6 months).",Rising Tail accounts that cross the Core line re-route automatically.,,Draft ready (not sent),NUR_REPEAT,"Hi {first_name},

Thanks for your recent orders with Fleek. A quick reminder that you can browse bundles in the app whenever you're ready for your next buy. If there's something particular you're after, just reply to this message and we'll be happy to help.

Best,
{sender_name}",,,,,Light-touch repeat buyer,Recently Active,Existing Customer,False,Not Eligible,Lumpy,N/A,No repeat send while the logged action is inside its cadence window.,BASELINE,BASELINE,e765cba3ba50
ACC-119,P4,Tail,489,9. Long-Tail Automated Nurture,Automated Nurture,LONG_TAIL_STANDARD,Ready — Automated,Draft Ready,Automation,False,True,PB08_NURTURE,Email / in-app message,Queue automated message (Automated Nurture).,60,Any (repeat) order within 90 days.,"Order placed, unsubscribe, or 2 unanswered dormant messages (pause 6 months).",Rising Tail accounts that cross the Core line re-route automatically.,LOW_CONFIDENCE,Draft ready (not sent),NUR_DORMANT,"Hi {first_name},

Whenever you're planning your next stock buy, you can browse bundles on the Fleek app at any time. If you're looking for something specific, reply to this message and we'll do our best to help you find it. No pressure, just a friendly reminder that we're here.

Best,
{sender_name}",,,,,Dormant,No Meaningful History,Existing Customer,False,Not Eligible,Lumpy,N/A,No repeat send while the logged action is inside its cadence window.,BASELINE,BASELINE,87e5a2126111
ACC-120,P4,Tail,471,9. Long-Tail Automated Nurture,Automated Nurture,LONG_TAIL_STANDARD,Ready — Automated,Draft Ready,Automation,False,True,PB08_NURTURE,Email / in-app message,Queue automated message (Automated Nurture).,60,Any (repeat) order within 90 days.,"Order placed, unsubscribe, or 2 unanswered dormant messages (pause 6 months).",Rising Tail accounts that cross the Core line re-route automatically.,MATERIAL_BROKER_INCONSISTENCY,Draft ready (not sent),NUR_DORMANT,"Hi {first_name},

Whenever you're planning your next stock buy, you can browse handpicked stock on the Fleek app at any time. If you're looking for something specific, reply to this message and we'll do our best to help you find it. No pressure, just a friendly reminder that we're here.

Best,
{sender_name}",,,,,Dormant,Recent Inactivity,Existing Customer,False,Not Eligible,Lumpy,N/A,No repeat send while the logged action is inside its cadence window.,BASELINE,BASELINE,90acb7571c37
ACC-121,P4,Tail,468,9. Long-Tail Automated Nurture,Automated Nurture,LONG_TAIL_STANDARD,Ready — Automated,Draft Ready,Automation,False,True,PB08_NURTURE,Email / in-app message,Queue automated message (Automated Nurture).,60,Any (repeat) order within 90 days.,"Order placed, unsubscribe, or 2 unanswered dormant messages (pause 6 months).",Rising Tail accounts that cross the Core line re-route automatically.,LOW_CONFIDENCE,Draft ready (not sent),NUR_DORMANT,"Hi {first_name},

Whenever you're planning your next stock buy, you can browse handpicked stock on the Fleek app at any time. If you're looking for something specific, reply to this message and we'll do our best to help you find it. No pressure, just a friendly reminder that we're here.

Best,
{sender_name}",,,,,Dormant,No Meaningful History,Existing Customer,False,Not Eligible,Lumpy,N/A,No repeat send while the logged action is inside its cadence window.,BASELINE,BASELINE,f557f84a1951
ACC-122,P4,Tail,459,9. Long-Tail Automated Nurture,Automated Nurture,LONG_TAIL_STANDARD,Ready — Automated,Draft Ready,Automation,False,True,PB08_NURTURE,Email / in-app message,Queue automated message (Automated Nurture).,60,Any (repeat) order within 90 days.,"Order placed, unsubscribe, or 2 unanswered dormant messages (pause 6 months).",Rising Tail accounts that cross the Core line re-route automatically.,,Draft ready (not sent),NUR_DORMANT,"Hi {first_name},

Whenever you're planning your next stock buy, you can browse handpicked stock on the Fleek app at any time. If you're looking for something specific, reply to this message and we'll do our best to help you find it. No pressure, just a friendly reminder that we're here.

Best,
{sender_name}",,,,,Dormant,Recent Inactivity,Existing Customer,False,Not Eligible,Lumpy,N/A,No repeat send while the logged action is inside its cadence window.,BASELINE,BASELINE,203623c791d0
ACC-123,P4,Tail,454,5. Cost-to-Serve / Low-Touch,Automated Nurture,DORMANT_LOW_VALUE,Ready — Automated,Draft Ready,Automation,False,True,PB08_NURTURE,Email / in-app message,Queue automated message (Automated Nurture).,60,Any (repeat) order within 90 days.,"Order placed, unsubscribe, or 2 unanswered dormant messages (pause 6 months).",Rising Tail accounts that cross the Core line re-route automatically.,H2_SINGLE_MONTH_SPIKE,Draft ready (not sent),NUR_DORMANT,"Hi {first_name},

Whenever you're planning your next stock buy, you can browse bundles on the Fleek app at any time. If you're looking for something specific, reply to this message and we'll do our best to help you find it. No pressure, just a friendly reminder that we're here.

Best,
{sender_name}",,,,,Dormant,No Meaningful History,Returned Customer,False,Not Eligible,Lumpy,N/A,No repeat send while the logged action is inside its cadence window.,BASELINE,BASELINE,dbae9c2bcb99
ACC-124,P4,Tail,447,9. Long-Tail Automated Nurture,Automated Nurture,LONG_TAIL_STANDARD,Ready — Automated,Draft Ready,Automation,False,True,PB08_NURTURE,Email / in-app message,Queue automated message (Automated Nurture).,60,Any (repeat) order within 90 days.,"Order placed, unsubscribe, or 2 unanswered dormant messages (pause 6 months).",Rising Tail accounts that cross the Core line re-route automatically.,LOW_CONFIDENCE,Draft ready (not sent),NUR_DORMANT,"Hi {first_name},

Whenever you're planning your next stock buy, you can browse bundles on the Fleek app at any time. If you're looking for something specific, reply to this message and we'll do our best to help you find it. No pressure, just a friendly reminder that we're here.

Best,
{sender_name}",,,,,Dormant,No Meaningful History,Existing Customer,False,Not Eligible,Lumpy,N/A,No repeat send while the logged action is inside its cadence window.,BASELINE,BASELINE,4be814066136
ACC-125,P4,Tail,446,9. Long-Tail Automated Nurture,Automated Nurture,LONG_TAIL_STANDARD,Ready — Automated,Draft Ready,Automation,False,True,PB08_NURTURE,Email / in-app message,Queue automated message (Automated Nurture).,60,Any (repeat) order within 90 days.,"Order placed, unsubscribe, or 2 unanswered dormant messages (pause 6 months).",Rising Tail accounts that cross the Core line re-route automatically.,LOW_CONFIDENCE,Draft ready (not sent),NUR_DORMANT,"Hi {first_name},

Whenever you're planning your next stock buy, you can browse bundles on the Fleek app at any time. If you're looking for something specific, reply to this message and we'll do our best to help you find it. No pressure, just a friendly reminder that we're here.

Best,
{sender_name}",,,,,Dormant,No Meaningful History,Existing Customer,False,Not Eligible,Lumpy,N/A,No repeat send while the logged action is inside its cadence window.,BASELINE,BASELINE,cf9394c535a7
ACC-126,P4,Tail,443,9. Long-Tail Automated Nurture,Automated Nurture,LONG_TAIL_STANDARD,Ready — Automated,Draft Ready,Automation,False,True,PB08_NURTURE,Email / in-app message,Queue automated message (Automated Nurture).,60,Any (repeat) order within 90 days.,"Order placed, unsubscribe, or 2 unanswered dormant messages (pause 6 months).",Rising Tail accounts that cross the Core line re-route automatically.,LOW_CONFIDENCE,Draft ready (not sent),NUR_DORMANT,"Hi {first_name},

Whenever you're planning your next stock buy, you can browse handpicked stock on the Fleek app at any time. If you're looking for something specific, reply to this message and we'll do our best to help you find it. No pressure, just a friendly reminder that we're here.

Best,
{sender_name}",,,,,Dormant,No Meaningful History,Existing Customer,False,Not Eligible,Lumpy,N/A,No repeat send while the logged action is inside its cadence window.,BASELINE,BASELINE,8823a19ce816
ACC-127,P4,Tail,392,9. Long-Tail Automated Nurture,Automated Nurture,LONG_TAIL_STANDARD,Ready — Automated,Draft Ready,Automation,False,True,PB08_NURTURE,Email / in-app message,Queue automated message (Automated Nurture).,60,Any (repeat) order within 90 days.,"Order placed, unsubscribe, or 2 unanswered dormant messages (pause 6 months).",Rising Tail accounts that cross the Core line re-route automatically.,LOW_CONFIDENCE,Draft ready (not sent),NUR_DORMANT,"Hi {first_name},

Whenever you're planning your next stock buy, you can browse bundles on the Fleek app at any time. If you're looking for something specific, reply to this message and we'll do our best to help you find it. No pressure, just a friendly reminder that we're here.

Best,
{sender_name}",,,,,Dormant,No Meaningful History,Existing Customer,False,Not Eligible,Lumpy,N/A,No repeat send while the logged action is inside its cadence window.,BASELINE,BASELINE,e5b3874332b0
ACC-128,P4,Tail,386,5. Cost-to-Serve / Low-Touch,Automated Nurture,DORMANT_LOW_VALUE,Ready — Automated,Draft Ready,Automation,False,True,PB08_NURTURE,Email / in-app message,Queue automated message (Automated Nurture).,60,Any (repeat) order within 90 days.,"Order placed, unsubscribe, or 2 unanswered dormant messages (pause 6 months).",Rising Tail accounts that cross the Core line re-route automatically.,MATERIAL_BROKER_INCONSISTENCY; LOW_CONFIDENCE,Draft ready (not sent),NUR_DORMANT,"Hi {first_name},

Whenever you're planning your next stock buy, you can browse bundles on the Fleek app at any time. If you're looking for something specific, reply to this message and we'll do our best to help you find it. No pressure, just a friendly reminder that we're here.

Best,
{sender_name}",,,,,Dormant,No Meaningful History,Existing Customer,False,Not Eligible,Lumpy,N/A,No repeat send while the logged action is inside its cadence window.,BASELINE,BASELINE,8c487f2810c7
ACC-129,P4,Tail,379,5. Cost-to-Serve / Low-Touch,Automated Nurture,DORMANT_LOW_VALUE,Ready — Automated,Draft Ready,Automation,False,True,PB08_NURTURE,Email / in-app message,Queue automated message (Automated Nurture).,60,Any (repeat) order within 90 days.,"Order placed, unsubscribe, or 2 unanswered dormant messages (pause 6 months).",Rising Tail accounts that cross the Core line re-route automatically.,LOW_CONFIDENCE,Draft ready (not sent),NUR_DORMANT,"Hi {first_name},

Whenever you're planning your next stock buy, you can browse bundles on the Fleek app at any time. If you're looking for something specific, reply to this message and we'll do our best to help you find it. No pressure, just a friendly reminder that we're here.

Best,
{sender_name}",,,,,Dormant,No Meaningful History,Existing Customer,False,Not Eligible,Lumpy,N/A,No repeat send while the logged action is inside its cadence window.,BASELINE,BASELINE,99bf6290f84c
ACC-130,P4,Tail,377,9. Long-Tail Automated Nurture,Automated Nurture,LONG_TAIL_STANDARD,Ready — Automated,Draft Ready,Automation,False,True,PB08_NURTURE,Email / in-app message,Queue automated message (Automated Nurture).,60,Any (repeat) order within 90 days.,"Order placed, unsubscribe, or 2 unanswered dormant messages (pause 6 months).",Rising Tail accounts that cross the Core line re-route automatically.,LOW_CONFIDENCE,Draft ready (not sent),NUR_DORMANT,"Hi {first_name},

Whenever you're planning your next stock buy, you can browse handpicked stock on the Fleek app at any time. If you're looking for something specific, reply to this message and we'll do our best to help you find it. No pressure, just a friendly reminder that we're here.

Best,
{sender_name}",,,,,Dormant,No Meaningful History,Existing Customer,False,Not Eligible,Lumpy,N/A,No repeat send while the logged action is inside its cadence window.,BASELINE,BASELINE,910268da6275
ACC-131,P4,Tail,363,9. Long-Tail Automated Nurture,Automated Nurture,LONG_TAIL_STANDARD,Ready — Automated,Draft Ready,Automation,False,True,PB08_NURTURE,Email / in-app message,Queue automated message (Automated Nurture).,30,Any (repeat) order within 90 days.,"Order placed, unsubscribe, or 2 unanswered dormant messages (pause 6 months).",Rising Tail accounts that cross the Core line re-route automatically.,NO_FEB_GMV (Feb unconfirmed); LOW_CONFIDENCE,Draft ready (not sent),NUR_RETURNED,"Hi {first_name},

Welcome back to Fleek, and thanks for your recent order. You can browse handpicked stock in the app whenever it suits you. If there's anything specific you're sourcing at the moment, reply to this message and we'll help point you in the right direction.

Best,
{sender_name}",,,,,Returned customer,Recently Active,Returned Customer,False,Not Eligible,Lumpy,N/A,No repeat send while the logged action is inside its cadence window.,BASELINE,BASELINE,b6ce092011bb
ACC-132,P4,Tail,360,9. Long-Tail Automated Nurture,Automated Nurture,LONG_TAIL_STANDARD,Ready — Automated,Draft Ready,Automation,False,True,PB08_NURTURE,Email / in-app message,Queue automated message (Automated Nurture).,60,Any (repeat) order within 90 days.,"Order placed, unsubscribe, or 2 unanswered dormant messages (pause 6 months).",Rising Tail accounts that cross the Core line re-route automatically.,LOW_CONFIDENCE,Draft ready (not sent),NUR_DORMANT,"Hi {first_name},

Whenever you're planning your next stock buy, you can browse bundles on the Fleek app at any time. If you're looking for something specific, reply to this message and we'll do our best to help you find it. No pressure, just a friendly reminder that we're here.

Best,
{sender_name}",,,,,Dormant,No Meaningful History,Existing Customer,False,Not Eligible,Lumpy,N/A,No repeat send while the logged action is inside its cadence window.,BASELINE,BASELINE,77b3482a05a9
ACC-133,P4,Tail,356,9. Long-Tail Automated Nurture,Automated Nurture,LONG_TAIL_STANDARD,Ready — Automated,Draft Ready,Automation,False,True,PB08_NURTURE,Email / in-app message,Queue automated message (Automated Nurture).,60,Any (repeat) order within 90 days.,"Order placed, unsubscribe, or 2 unanswered dormant messages (pause 6 months).",Rising Tail accounts that cross the Core line re-route automatically.,LOW_CONFIDENCE,Draft ready (not sent),NUR_DORMANT,"Hi {first_name},

Whenever you're planning your next stock buy, you can browse bundles on the Fleek app at any time. If you're looking for something specific, reply to this message and we'll do our best to help you find it. No pressure, just a friendly reminder that we're here.

Best,
{sender_name}",,,,,Dormant,No Meaningful History,Existing Customer,False,Not Eligible,Lumpy,N/A,No repeat send while the logged action is inside its cadence window.,BASELINE,BASELINE,084a224ed92a
ACC-134,P4,Tail,355,9. Long-Tail Automated Nurture,Automated Nurture,LONG_TAIL_STANDARD,Ready — Automated,Draft Ready,Automation,False,True,PB08_NURTURE,Email / in-app message,Queue automated message (Automated Nurture).,30,Any (repeat) order within 90 days.,"Order placed, unsubscribe, or 2 unanswered dormant messages (pause 6 months).",Rising Tail accounts that cross the Core line re-route automatically.,FEB_SENSITIVE; LOW_CONFIDENCE,Draft ready (not sent),NUR_RETURNED,"Hi {first_name},

Welcome back to Fleek, and thanks for your recent order. You can browse bundles in the app whenever it suits you. If there's anything specific you're sourcing at the moment, reply to this message and we'll help point you in the right direction.

Best,
{sender_name}",,,,,Returned customer,Recently Active,Returned Customer,False,Not Eligible,Lumpy,N/A,No repeat send while the logged action is inside its cadence window.,BASELINE,BASELINE,5e0879409efc
ACC-135,P4,Tail,353,9. Long-Tail Automated Nurture,Automated Nurture,LONG_TAIL_STANDARD,Ready — Automated,Draft Ready,Automation,False,True,PB08_NURTURE,Email / in-app message,Queue automated message (Automated Nurture).,60,Any (repeat) order within 90 days.,"Order placed, unsubscribe, or 2 unanswered dormant messages (pause 6 months).",Rising Tail accounts that cross the Core line re-route automatically.,LOW_CONFIDENCE,Draft ready (not sent),NUR_DORMANT,"Hi {first_name},

Whenever you're planning your next stock buy, you can browse bundles on the Fleek app at any time. If you're looking for something specific, reply to this message and we'll do our best to help you find it. No pressure, just a friendly reminder that we're here.

Best,
{sender_name}",,,,,Dormant,No Meaningful History,Existing Customer,False,Not Eligible,Lumpy,N/A,No repeat send while the logged action is inside its cadence window.,BASELINE,BASELINE,340151ba9252
ACC-136,P4,Tail,345,5. Cost-to-Serve / Low-Touch,Automated Nurture,DORMANT_LOW_VALUE,Ready — Automated,Draft Ready,Automation,False,True,PB08_NURTURE,Email / in-app message,Queue automated message (Automated Nurture).,60,Any (repeat) order within 90 days.,"Order placed, unsubscribe, or 2 unanswered dormant messages (pause 6 months).",Rising Tail accounts that cross the Core line re-route automatically.,LOW_CONFIDENCE,Draft ready (not sent),NUR_DORMANT,"Hi {first_name},

Whenever you're planning your next stock buy, you can browse bundles on the Fleek app at any time. If you're looking for something specific, reply to this message and we'll do our best to help you find it. No pressure, just a friendly reminder that we're here.

Best,
{sender_name}",,,,,Dormant,No Meaningful History,Existing Customer,False,Not Eligible,Lumpy,N/A,No repeat send while the logged action is inside its cadence window.,BASELINE,BASELINE,87787273a2ed
ACC-137,P4,Tail,344,9. Long-Tail Automated Nurture,Automated Nurture,LONG_TAIL_STANDARD,Ready — Automated,Draft Ready,Automation,False,True,PB08_NURTURE,Email / in-app message,Queue automated message (Automated Nurture).,30,Any (repeat) order within 90 days.,"Order placed, unsubscribe, or 2 unanswered dormant messages (pause 6 months).",Rising Tail accounts that cross the Core line re-route automatically.,FEB_SENSITIVE; LOW_CONFIDENCE,Draft ready (not sent),NUR_ENGAGED,"Hi {first_name},

If you've found items on Fleek that you like, you can check out directly from the product page, or use Make an Offer if the price doesn't quite work for you. If something is holding you back from ordering, reply here and let us know, as we'd be glad to help.

Best,
{sender_name}",,,,,"Engaged, not converting",Recently Active,Existing Customer,False,Not Eligible,Lumpy,N/A,No repeat send while the logged action is inside its cadence window.,BASELINE,BASELINE,d2b82a82d987
ACC-138,P4,Tail,329,9. Long-Tail Automated Nurture,Automated Nurture,LONG_TAIL_STANDARD,Ready — Automated,Draft Ready,Automation,False,True,PB08_NURTURE,Email / in-app message,Queue automated message (Automated Nurture).,60,Any (repeat) order within 90 days.,"Order placed, unsubscribe, or 2 unanswered dormant messages (pause 6 months).",Rising Tail accounts that cross the Core line re-route automatically.,LOW_CONFIDENCE,Draft ready (not sent),NUR_DORMANT,"Hi {first_name},

Whenever you're planning your next stock buy, you can browse bundles on the Fleek app at any time. If you're looking for something specific, reply to this message and we'll do our best to help you find it. No pressure, just a friendly reminder that we're here.

Best,
{sender_name}",,,,,Dormant,No Meaningful History,Existing Customer,False,Not Eligible,Lumpy,N/A,No repeat send while the logged action is inside its cadence window.,BASELINE,BASELINE,6f1215804a77
ACC-139,P4,Tail,322,9. Long-Tail Automated Nurture,Automated Nurture,LONG_TAIL_STANDARD,Ready — Automated,Draft Ready,Automation,False,True,PB08_NURTURE,Email / in-app message,Queue automated message (Automated Nurture).,60,Any (repeat) order within 90 days.,"Order placed, unsubscribe, or 2 unanswered dormant messages (pause 6 months).",Rising Tail accounts that cross the Core line re-route automatically.,LOW_CONFIDENCE,Draft ready (not sent),NUR_DORMANT,"Hi {first_name},

Whenever you're planning your next stock buy, you can browse bundles on the Fleek app at any time. If you're looking for something specific, reply to this message and we'll do our best to help you find it. No pressure, just a friendly reminder that we're here.

Best,
{sender_name}",,,,,Dormant,No Meaningful History,Existing Customer,False,Not Eligible,Lumpy,N/A,No repeat send while the logged action is inside its cadence window.,BASELINE,BASELINE,f6376901a81a
ACC-140,P4,Tail,320,9. Long-Tail Automated Nurture,Automated Nurture,LONG_TAIL_STANDARD,Ready — Automated,Draft Ready,Automation,False,True,PB08_NURTURE,Email / in-app message,Queue automated message (Automated Nurture).,60,Any (repeat) order within 90 days.,"Order placed, unsubscribe, or 2 unanswered dormant messages (pause 6 months).",Rising Tail accounts that cross the Core line re-route automatically.,LOW_CONFIDENCE,Draft ready (not sent),NUR_DORMANT,"Hi {first_name},

Whenever you're planning your next stock buy, you can browse bundles on the Fleek app at any time. If you're looking for something specific, reply to this message and we'll do our best to help you find it. No pressure, just a friendly reminder that we're here.

Best,
{sender_name}",,,,,Dormant,No Meaningful History,Existing Customer,False,Not Eligible,Lumpy,N/A,No repeat send while the logged action is inside its cadence window.,BASELINE,BASELINE,c549f5a75fb0
ACC-141,P4,Tail,313,9. Long-Tail Automated Nurture,Automated Nurture,LONG_TAIL_STANDARD,Ready — Automated,Draft Ready,Automation,False,True,PB08_NURTURE,Email / in-app message,Queue automated message (Automated Nurture).,30,Any (repeat) order within 90 days.,"Order placed, unsubscribe, or 2 unanswered dormant messages (pause 6 months).",Rising Tail accounts that cross the Core line re-route automatically.,NO_FEB_GMV (Feb unconfirmed); LOW_CONFIDENCE,Draft ready (not sent),NUR_RETURNED,"Hi {first_name},

Welcome back to Fleek, and thanks for your recent order. You can browse bundles in the app whenever it suits you. If there's anything specific you're sourcing at the moment, reply to this message and we'll help point you in the right direction.

Best,
{sender_name}",,,,,Returned customer,Recently Active,Returned Customer,False,Not Eligible,Lumpy,N/A,No repeat send while the logged action is inside its cadence window.,BASELINE,BASELINE,5985adec5f86
ACC-142,P4,Tail,312,9. Long-Tail Automated Nurture,Automated Nurture,LONG_TAIL_STANDARD,Ready — Automated,Draft Ready,Automation,False,True,PB08_NURTURE,Email / in-app message,Queue automated message (Automated Nurture).,60,Any (repeat) order within 90 days.,"Order placed, unsubscribe, or 2 unanswered dormant messages (pause 6 months).",Rising Tail accounts that cross the Core line re-route automatically.,LOW_CONFIDENCE,Draft ready (not sent),NUR_DORMANT,"Hi {first_name},

Whenever you're planning your next stock buy, you can browse handpicked stock on the Fleek app at any time. If you're looking for something specific, reply to this message and we'll do our best to help you find it. No pressure, just a friendly reminder that we're here.

Best,
{sender_name}",,,,,Dormant,No Meaningful History,Existing Customer,False,Not Eligible,Lumpy,N/A,No repeat send while the logged action is inside its cadence window.,BASELINE,BASELINE,b79587714460
ACC-143,P4,Tail,308,9. Long-Tail Automated Nurture,Automated Nurture,LONG_TAIL_STANDARD,Ready — Automated,Draft Ready,Automation,False,True,PB08_NURTURE,Email / in-app message,Queue automated message (Automated Nurture).,60,Any (repeat) order within 90 days.,"Order placed, unsubscribe, or 2 unanswered dormant messages (pause 6 months).",Rising Tail accounts that cross the Core line re-route automatically.,LOW_CONFIDENCE,Draft ready (not sent),NUR_DORMANT,"Hi {first_name},

Whenever you're planning your next stock buy, you can browse bundles on the Fleek app at any time. If you're looking for something specific, reply to this message and we'll do our best to help you find it. No pressure, just a friendly reminder that we're here.

Best,
{sender_name}",,,,,Dormant,No Meaningful History,Existing Customer,False,Not Eligible,Lumpy,N/A,No repeat send while the logged action is inside its cadence window.,BASELINE,BASELINE,718f67ad5bea
ACC-144,P4,Tail,306,9. Long-Tail Automated Nurture,Automated Nurture,LONG_TAIL_STANDARD,Ready — Automated,Draft Ready,Automation,False,True,PB08_NURTURE,Email / in-app message,Queue automated message (Automated Nurture).,60,Any (repeat) order within 90 days.,"Order placed, unsubscribe, or 2 unanswered dormant messages (pause 6 months).",Rising Tail accounts that cross the Core line re-route automatically.,LOW_CONFIDENCE,Draft ready (not sent),NUR_DORMANT,"Hi {first_name},

Whenever you're planning your next stock buy, you can browse bundles on the Fleek app at any time. If you're looking for something specific, reply to this message and we'll do our best to help you find it. No pressure, just a friendly reminder that we're here.

Best,
{sender_name}",,,,,Dormant,No Meaningful History,Existing Customer,False,Not Eligible,Lumpy,N/A,No repeat send while the logged action is inside its cadence window.,BASELINE,BASELINE,a406cb8907ce
ACC-145,P4,Tail,305,9. Long-Tail Automated Nurture,Automated Nurture,LONG_TAIL_STANDARD,Ready — Automated,Draft Ready,Automation,False,True,PB08_NURTURE,Email / in-app message,Queue automated message (Automated Nurture).,30,Any (repeat) order within 90 days.,"Order placed, unsubscribe, or 2 unanswered dormant messages (pause 6 months).",Rising Tail accounts that cross the Core line re-route automatically.,FEB_SENSITIVE; LOW_CONFIDENCE,Draft ready (not sent),NUR_RETURNED,"Hi {first_name},

Welcome back to Fleek, and thanks for your recent order. You can browse bundles in the app whenever it suits you. If there's anything specific you're sourcing at the moment, reply to this message and we'll help point you in the right direction.

Best,
{sender_name}",,,,,Returned customer,Recently Active,Returned Customer,False,Not Eligible,Lumpy,N/A,No repeat send while the logged action is inside its cadence window.,BASELINE,BASELINE,b5775c88903a
ACC-146,P4,Tail,298,9. Long-Tail Automated Nurture,Automated Nurture,LONG_TAIL_STANDARD,Ready — Automated,Draft Ready,Automation,False,True,PB08_NURTURE,Email / in-app message,Queue automated message (Automated Nurture).,60,Any (repeat) order within 90 days.,"Order placed, unsubscribe, or 2 unanswered dormant messages (pause 6 months).",Rising Tail accounts that cross the Core line re-route automatically.,,Draft ready (not sent),NUR_DORMANT,"Hi {first_name},

Whenever you're planning your next stock buy, you can browse bundles on the Fleek app at any time. If you're looking for something specific, reply to this message and we'll do our best to help you find it. No pressure, just a friendly reminder that we're here.

Best,
{sender_name}",,,,,Dormant,Recent Inactivity,Existing Customer,False,Not Eligible,Lumpy,N/A,No repeat send while the logged action is inside its cadence window.,BASELINE,BASELINE,71c6f516f13c
ACC-147,P4,Tail,296,9. Long-Tail Automated Nurture,Automated Nurture,LONG_TAIL_STANDARD,Ready — Automated,Draft Ready,Automation,False,True,PB08_NURTURE,Email / in-app message,Queue automated message (Automated Nurture).,60,Any (repeat) order within 90 days.,"Order placed, unsubscribe, or 2 unanswered dormant messages (pause 6 months).",Rising Tail accounts that cross the Core line re-route automatically.,LOW_CONFIDENCE,Draft ready (not sent),NUR_DORMANT,"Hi {first_name},

Whenever you're planning your next stock buy, you can browse bundles on the Fleek app at any time. If you're looking for something specific, reply to this message and we'll do our best to help you find it. No pressure, just a friendly reminder that we're here.

Best,
{sender_name}",,,,,Dormant,No Meaningful History,Existing Customer,False,Not Eligible,Lumpy,N/A,No repeat send while the logged action is inside its cadence window.,BASELINE,BASELINE,6f72baa891cd
ACC-148,P4,Tail,291,9. Long-Tail Automated Nurture,Automated Nurture,LONG_TAIL_STANDARD,Ready — Automated,Draft Ready,Automation,False,True,PB08_NURTURE,Email / in-app message,Queue automated message (Automated Nurture).,60,Any (repeat) order within 90 days.,"Order placed, unsubscribe, or 2 unanswered dormant messages (pause 6 months).",Rising Tail accounts that cross the Core line re-route automatically.,LOW_CONFIDENCE,Draft ready (not sent),NUR_DORMANT,"Hi {first_name},

Whenever you're planning your next stock buy, you can browse bundles on the Fleek app at any time. If you're looking for something specific, reply to this message and we'll do our best to help you find it. No pressure, just a friendly reminder that we're here.

Best,
{sender_name}",,,,,Dormant,No Meaningful History,Existing Customer,False,Not Eligible,Lumpy,N/A,No repeat send while the logged action is inside its cadence window.,BASELINE,BASELINE,ce263c8e5d09
ACC-149,P4,Tail,289,9. Long-Tail Automated Nurture,Automated Nurture,LONG_TAIL_STANDARD,Ready — Automated,Draft Ready,Automation,False,True,PB08_NURTURE,Email / in-app message,Queue automated message (Automated Nurture).,60,Any (repeat) order within 90 days.,"Order placed, unsubscribe, or 2 unanswered dormant messages (pause 6 months).",Rising Tail accounts that cross the Core line re-route automatically.,LOW_CONFIDENCE,Draft ready (not sent),NUR_DORMANT,"Hi {first_name},

Whenever you're planning your next stock buy, you can browse bundles on the Fleek app at any time. If you're looking for something specific, reply to this message and we'll do our best to help you find it. No pressure, just a friendly reminder that we're here.

Best,
{sender_name}",,,,,Dormant,No Meaningful History,Existing Customer,False,Not Eligible,Lumpy,N/A,No repeat send while the logged action is inside its cadence window.,BASELINE,BASELINE,fee9be9e2d9d
ACC-150,P4,Tail,284,9. Long-Tail Automated Nurture,Automated Nurture,LONG_TAIL_STANDARD,Ready — Automated,Draft Ready,Automation,False,True,PB08_NURTURE,Email / in-app message,Queue automated message (Automated Nurture).,60,Any (repeat) order within 90 days.,"Order placed, unsubscribe, or 2 unanswered dormant messages (pause 6 months).",Rising Tail accounts that cross the Core line re-route automatically.,LOW_CONFIDENCE,Draft ready (not sent),NUR_DORMANT,"Hi {first_name},

Whenever you're planning your next stock buy, you can browse bundles on the Fleek app at any time. If you're looking for something specific, reply to this message and we'll do our best to help you find it. No pressure, just a friendly reminder that we're here.

Best,
{sender_name}",,,,,Dormant,No Meaningful History,Existing Customer,False,Not Eligible,Lumpy,N/A,No repeat send while the logged action is inside its cadence window.,BASELINE,BASELINE,461b8dcad11b
ACC-151,P4,Tail,282,9. Long-Tail Automated Nurture,Automated Nurture,LONG_TAIL_STANDARD,Ready — Automated,Draft Ready,Automation,False,True,PB08_NURTURE,Email / in-app message,Queue automated message (Automated Nurture).,60,Any (repeat) order within 90 days.,"Order placed, unsubscribe, or 2 unanswered dormant messages (pause 6 months).",Rising Tail accounts that cross the Core line re-route automatically.,LOW_CONFIDENCE,Draft ready (not sent),NUR_DORMANT,"Hi {first_name},

Whenever you're planning your next stock buy, you can browse bundles on the Fleek app at any time. If you're looking for something specific, reply to this message and we'll do our best to help you find it. No pressure, just a friendly reminder that we're here.

Best,
{sender_name}",,,,,Dormant,No Meaningful History,Existing Customer,False,Not Eligible,Lumpy,N/A,No repeat send while the logged action is inside its cadence window.,BASELINE,BASELINE,c4a9c012f207
ACC-152,P4,Tail,273,9. Long-Tail Automated Nurture,Automated Nurture,LONG_TAIL_STANDARD,Ready — Automated,Draft Ready,Automation,False,True,PB08_NURTURE,Email / in-app message,Queue automated message (Automated Nurture).,60,Any (repeat) order within 90 days.,"Order placed, unsubscribe, or 2 unanswered dormant messages (pause 6 months).",Rising Tail accounts that cross the Core line re-route automatically.,LOW_CONFIDENCE,Draft ready (not sent),NUR_DORMANT,"Hi {first_name},

Whenever you're planning your next stock buy, you can browse bundles on the Fleek app at any time. If you're looking for something specific, reply to this message and we'll do our best to help you find it. No pressure, just a friendly reminder that we're here.

Best,
{sender_name}",,,,,Dormant,No Meaningful History,Existing Customer,False,Not Eligible,Lumpy,N/A,No repeat send while the logged action is inside its cadence window.,BASELINE,BASELINE,68bcd0953328
ACC-153,P4,Tail,272,9. Long-Tail Automated Nurture,Automated Nurture,LONG_TAIL_STANDARD,Ready — Automated,Draft Ready,Automation,False,True,PB08_NURTURE,Email / in-app message,Queue automated message (Automated Nurture).,60,Any (repeat) order within 90 days.,"Order placed, unsubscribe, or 2 unanswered dormant messages (pause 6 months).",Rising Tail accounts that cross the Core line re-route automatically.,LOW_CONFIDENCE,Draft ready (not sent),NUR_DORMANT,"Hi {first_name},

Whenever you're planning your next stock buy, you can browse handpicked stock on the Fleek app at any time. If you're looking for something specific, reply to this message and we'll do our best to help you find it. No pressure, just a friendly reminder that we're here.

Best,
{sender_name}",,,,,Dormant,No Meaningful History,Existing Customer,False,Not Eligible,Lumpy,N/A,No repeat send while the logged action is inside its cadence window.,BASELINE,BASELINE,5cb129ab6340
ACC-154,P4,Tail,269,9. Long-Tail Automated Nurture,Automated Nurture,LONG_TAIL_STANDARD,Ready — Automated,Draft Ready,Automation,False,True,PB08_NURTURE,Email / in-app message,Queue automated message (Automated Nurture).,60,Any (repeat) order within 90 days.,"Order placed, unsubscribe, or 2 unanswered dormant messages (pause 6 months).",Rising Tail accounts that cross the Core line re-route automatically.,LOW_CONFIDENCE,Draft ready (not sent),NUR_DORMANT,"Hi {first_name},

Whenever you're planning your next stock buy, you can browse bundles on the Fleek app at any time. If you're looking for something specific, reply to this message and we'll do our best to help you find it. No pressure, just a friendly reminder that we're here.

Best,
{sender_name}",,,,,Dormant,No Meaningful History,Existing Customer,False,Not Eligible,Lumpy,N/A,No repeat send while the logged action is inside its cadence window.,BASELINE,BASELINE,5428cabb9d9f
ACC-155,P4,Tail,261,9. Long-Tail Automated Nurture,Automated Nurture,LONG_TAIL_STANDARD,Ready — Automated,Draft Ready,Automation,False,True,PB08_NURTURE,Email / in-app message,Queue automated message (Automated Nurture).,60,Any (repeat) order within 90 days.,"Order placed, unsubscribe, or 2 unanswered dormant messages (pause 6 months).",Rising Tail accounts that cross the Core line re-route automatically.,LOW_CONFIDENCE,Draft ready (not sent),NUR_DORMANT,"Hi {first_name},

Whenever you're planning your next stock buy, you can browse bundles on the Fleek app at any time. If you're looking for something specific, reply to this message and we'll do our best to help you find it. No pressure, just a friendly reminder that we're here.

Best,
{sender_name}",,,,,Dormant,No Meaningful History,Existing Customer,False,Not Eligible,Lumpy,N/A,No repeat send while the logged action is inside its cadence window.,BASELINE,BASELINE,c0908b843125
ACC-156,P4,Tail,255,9. Long-Tail Automated Nurture,Automated Nurture,LONG_TAIL_STANDARD,Ready — Automated,Draft Ready,Automation,False,True,PB08_NURTURE,Email / in-app message,Queue automated message (Automated Nurture).,30,Any (repeat) order within 90 days.,"Order placed, unsubscribe, or 2 unanswered dormant messages (pause 6 months).",Rising Tail accounts that cross the Core line re-route automatically.,FEB_SENSITIVE; LOW_CONFIDENCE,Draft ready (not sent),NUR_RETURNED,"Hi {first_name},

Welcome back to Fleek, and thanks for your recent order. You can browse bundles in the app whenever it suits you. If there's anything specific you're sourcing at the moment, reply to this message and we'll help point you in the right direction.

Best,
{sender_name}",,,,,Returned customer,Recently Active,Returned Customer,False,Not Eligible,Lumpy,N/A,No repeat send while the logged action is inside its cadence window.,BASELINE,BASELINE,3bb5df054133
ACC-157,P4,Tail,254,9. Long-Tail Automated Nurture,Automated Nurture,LONG_TAIL_STANDARD,Ready — Automated,Draft Ready,Automation,False,True,PB08_NURTURE,Email / in-app message,Queue automated message (Automated Nurture).,60,Any (repeat) order within 90 days.,"Order placed, unsubscribe, or 2 unanswered dormant messages (pause 6 months).",Rising Tail accounts that cross the Core line re-route automatically.,LOW_CONFIDENCE,Draft ready (not sent),NUR_DORMANT,"Hi {first_name},

Whenever you're planning your next stock buy, you can browse handpicked stock on the Fleek app at any time. If you're looking for something specific, reply to this message and we'll do our best to help you find it. No pressure, just a friendly reminder that we're here.

Best,
{sender_name}",,,,,Dormant,No Meaningful History,Existing Customer,False,Not Eligible,Lumpy,N/A,No repeat send while the logged action is inside its cadence window.,BASELINE,BASELINE,6b87ee703075
ACC-158,P4,Tail,254,9. Long-Tail Automated Nurture,Automated Nurture,LONG_TAIL_STANDARD,Ready — Automated,Draft Ready,Automation,False,True,PB08_NURTURE,Email / in-app message,Queue automated message (Automated Nurture).,60,Any (repeat) order within 90 days.,"Order placed, unsubscribe, or 2 unanswered dormant messages (pause 6 months).",Rising Tail accounts that cross the Core line re-route automatically.,LOW_CONFIDENCE,Draft ready (not sent),NUR_DORMANT,"Hi {first_name},

Whenever you're planning your next stock buy, you can browse bundles on the Fleek app at any time. If you're looking for something specific, reply to this message and we'll do our best to help you find it. No pressure, just a friendly reminder that we're here.

Best,
{sender_name}",,,,,Dormant,No Meaningful History,Existing Customer,False,Not Eligible,Lumpy,N/A,No repeat send while the logged action is inside its cadence window.,BASELINE,BASELINE,1dbda6f70061
ACC-159,P4,Tail,253,9. Long-Tail Automated Nurture,Automated Nurture,LONG_TAIL_STANDARD,Ready — Automated,Draft Ready,Automation,False,True,PB08_NURTURE,Email / in-app message,Queue automated message (Automated Nurture).,60,Any (repeat) order within 90 days.,"Order placed, unsubscribe, or 2 unanswered dormant messages (pause 6 months).",Rising Tail accounts that cross the Core line re-route automatically.,LOW_CONFIDENCE,Draft ready (not sent),NUR_DORMANT,"Hi {first_name},

Whenever you're planning your next stock buy, you can browse bundles on the Fleek app at any time. If you're looking for something specific, reply to this message and we'll do our best to help you find it. No pressure, just a friendly reminder that we're here.

Best,
{sender_name}",,,,,Dormant,No Meaningful History,Existing Customer,False,Not Eligible,Lumpy,N/A,No repeat send while the logged action is inside its cadence window.,BASELINE,BASELINE,7cbc6f3fbf1c
ACC-160,P3,Tail,249,9. Long-Tail Automated Nurture,Discovery-to-Offer Enablement,BROWSING_LOW_OFFERS,Ready — Automated,Draft Ready,Automation,False,True,PB05_DISCOVERY_TO_OFFER,Email / in-app message,Queue automated message (Discovery-to-Offer Enablement).,14,3+ offers within 90 days and ideally an order afterwards (association only - no offer-acceptance data).,"Offers reach 3, or two messages sent, or account becomes inactive/declining.",None (automated). Re-routes automatically if momentum turns Declining/Lapsed.,NO_FEB_GMV (Feb unconfirmed); LOW_CONFIDENCE,Draft ready (not sent),DTO,"Hi {first_name},

If you spot an item you like on Fleek but the price doesn't quite work for you, you can use Make an Offer directly from the product page to propose your own price. It's a simple way to negotiate on stock you're already looking at, and you stay in control of what you pay.

Best,
{sender_name}",,,,,,Recently Active,Existing Customer,False,Not Eligible,Lumpy,N/A,No re-send while the action is already logged for this NBA; eligible again only after the NBA changes.,BASELINE,BASELINE,597ead36ba57
ACC-161,P4,Tail,248,9. Long-Tail Automated Nurture,Automated Nurture,LONG_TAIL_STANDARD,Ready — Automated,Draft Ready,Automation,False,True,PB08_NURTURE,Email / in-app message,Queue automated message (Automated Nurture).,60,Any (repeat) order within 90 days.,"Order placed, unsubscribe, or 2 unanswered dormant messages (pause 6 months).",Rising Tail accounts that cross the Core line re-route automatically.,LOW_CONFIDENCE,Draft ready (not sent),NUR_DORMANT,"Hi {first_name},

Whenever you're planning your next stock buy, you can browse handpicked stock on the Fleek app at any time. If you're looking for something specific, reply to this message and we'll do our best to help you find it. No pressure, just a friendly reminder that we're here.

Best,
{sender_name}",,,,,Dormant,No Meaningful History,Existing Customer,False,Not Eligible,Lumpy,N/A,No repeat send while the logged action is inside its cadence window.,BASELINE,BASELINE,8797b83ec891
ACC-162,P4,Tail,242,9. Long-Tail Automated Nurture,Automated Nurture,LONG_TAIL_STANDARD,Ready — Automated,Draft Ready,Automation,False,True,PB08_NURTURE,Email / in-app message,Queue automated message (Automated Nurture).,60,Any (repeat) order within 90 days.,"Order placed, unsubscribe, or 2 unanswered dormant messages (pause 6 months).",Rising Tail accounts that cross the Core line re-route automatically.,LOW_CONFIDENCE,Draft ready (not sent),NUR_DORMANT,"Hi {first_name},

Whenever you're planning your next stock buy, you can browse bundles on the Fleek app at any time. If you're looking for something specific, reply to this message and we'll do our best to help you find it. No pressure, just a friendly reminder that we're here.

Best,
{sender_name}",,,,,Dormant,No Meaningful History,Existing Customer,False,Not Eligible,Lumpy,N/A,No repeat send while the logged action is inside its cadence window.,BASELINE,BASELINE,e5aa3015ef20
ACC-163,P4,Tail,240,9. Long-Tail Automated Nurture,Automated Nurture,LONG_TAIL_STANDARD,Ready — Automated,Draft Ready,Automation,False,True,PB08_NURTURE,Email / in-app message,Queue automated message (Automated Nurture).,60,Any (repeat) order within 90 days.,"Order placed, unsubscribe, or 2 unanswered dormant messages (pause 6 months).",Rising Tail accounts that cross the Core line re-route automatically.,LOW_CONFIDENCE,Draft ready (not sent),NUR_DORMANT,"Hi {first_name},

Whenever you're planning your next stock buy, you can browse bundles on the Fleek app at any time. If you're looking for something specific, reply to this message and we'll do our best to help you find it. No pressure, just a friendly reminder that we're here.

Best,
{sender_name}",,,,,Dormant,No Meaningful History,Existing Customer,False,Not Eligible,Lumpy,N/A,No repeat send while the logged action is inside its cadence window.,BASELINE,BASELINE,dec2da24e53e
ACC-164,P4,Tail,230,9. Long-Tail Automated Nurture,Automated Nurture,LONG_TAIL_STANDARD,Ready — Automated,Draft Ready,Automation,False,True,PB08_NURTURE,Email / in-app message,Queue automated message (Automated Nurture).,60,Any (repeat) order within 90 days.,"Order placed, unsubscribe, or 2 unanswered dormant messages (pause 6 months).",Rising Tail accounts that cross the Core line re-route automatically.,LOW_CONFIDENCE,Draft ready (not sent),NUR_DORMANT,"Hi {first_name},

Whenever you're planning your next stock buy, you can browse bundles on the Fleek app at any time. If you're looking for something specific, reply to this message and we'll do our best to help you find it. No pressure, just a friendly reminder that we're here.

Best,
{sender_name}",,,,,Dormant,No Meaningful History,Existing Customer,False,Not Eligible,Lumpy,N/A,No repeat send while the logged action is inside its cadence window.,BASELINE,BASELINE,46fd7d116945
ACC-165,P4,Tail,222,9. Long-Tail Automated Nurture,Automated Nurture,LONG_TAIL_STANDARD,Ready — Automated,Draft Ready,Automation,False,True,PB08_NURTURE,Email / in-app message,Queue automated message (Automated Nurture).,60,Any (repeat) order within 90 days.,"Order placed, unsubscribe, or 2 unanswered dormant messages (pause 6 months).",Rising Tail accounts that cross the Core line re-route automatically.,LOW_CONFIDENCE,Draft ready (not sent),NUR_DORMANT,"Hi {first_name},

Whenever you're planning your next stock buy, you can browse bundles and handpicked stock on the Fleek app at any time. If you're looking for something specific, reply to this message and we'll do our best to help you find it. No pressure, just a friendly reminder that we're here.

Best,
{sender_name}",,,,,Dormant,No Meaningful History,Existing Customer,False,Not Eligible,Lumpy,N/A,No repeat send while the logged action is inside its cadence window.,BASELINE,BASELINE,a9176dd82c9e
ACC-166,P4,Tail,217,9. Long-Tail Automated Nurture,Automated Nurture,LONG_TAIL_STANDARD,Ready — Automated,Draft Ready,Automation,False,True,PB08_NURTURE,Email / in-app message,Queue automated message (Automated Nurture).,60,Any (repeat) order within 90 days.,"Order placed, unsubscribe, or 2 unanswered dormant messages (pause 6 months).",Rising Tail accounts that cross the Core line re-route automatically.,LOW_CONFIDENCE,Draft ready (not sent),NUR_DORMANT,"Hi {first_name},

Whenever you're planning your next stock buy, you can browse bundles on the Fleek app at any time. If you're looking for something specific, reply to this message and we'll do our best to help you find it. No pressure, just a friendly reminder that we're here.

Best,
{sender_name}",,,,,Dormant,No Meaningful History,Existing Customer,False,Not Eligible,Lumpy,N/A,No repeat send while the logged action is inside its cadence window.,BASELINE,BASELINE,bff2ff30b402
ACC-167,P4,Tail,209,9. Long-Tail Automated Nurture,Automated Nurture,LONG_TAIL_STANDARD,Ready — Automated,Draft Ready,Automation,False,True,PB08_NURTURE,Email / in-app message,Queue automated message (Automated Nurture).,60,Any (repeat) order within 90 days.,"Order placed, unsubscribe, or 2 unanswered dormant messages (pause 6 months).",Rising Tail accounts that cross the Core line re-route automatically.,LOW_CONFIDENCE,Draft ready (not sent),NUR_DORMANT,"Hi {first_name},

Whenever you're planning your next stock buy, you can browse bundles on the Fleek app at any time. If you're looking for something specific, reply to this message and we'll do our best to help you find it. No pressure, just a friendly reminder that we're here.

Best,
{sender_name}",,,,,Dormant,No Meaningful History,Existing Customer,False,Not Eligible,Lumpy,N/A,No repeat send while the logged action is inside its cadence window.,BASELINE,BASELINE,81735233d7db
ACC-168,P4,Tail,200,9. Long-Tail Automated Nurture,Automated Nurture,LONG_TAIL_STANDARD,Ready — Automated,Draft Ready,Automation,False,True,PB08_NURTURE,Email / in-app message,Queue automated message (Automated Nurture).,60,Any (repeat) order within 90 days.,"Order placed, unsubscribe, or 2 unanswered dormant messages (pause 6 months).",Rising Tail accounts that cross the Core line re-route automatically.,LOW_CONFIDENCE,Draft ready (not sent),NUR_DORMANT,"Hi {first_name},

Whenever you're planning your next stock buy, you can browse bundles on the Fleek app at any time. If you're looking for something specific, reply to this message and we'll do our best to help you find it. No pressure, just a friendly reminder that we're here.

Best,
{sender_name}",,,,,Dormant,No Meaningful History,Existing Customer,False,Not Eligible,Lumpy,N/A,No repeat send while the logged action is inside its cadence window.,BASELINE,BASELINE,87e11c2eef11
ACC-169,P4,Tail,200,9. Long-Tail Automated Nurture,Automated Nurture,LONG_TAIL_STANDARD,Ready — Automated,Draft Ready,Automation,False,True,PB08_NURTURE,Email / in-app message,Queue automated message (Automated Nurture).,60,Any (repeat) order within 90 days.,"Order placed, unsubscribe, or 2 unanswered dormant messages (pause 6 months).",Rising Tail accounts that cross the Core line re-route automatically.,LOW_CONFIDENCE,Draft ready (not sent),NUR_DORMANT,"Hi {first_name},

Whenever you're planning your next stock buy, you can browse bundles on the Fleek app at any time. If you're looking for something specific, reply to this message and we'll do our best to help you find it. No pressure, just a friendly reminder that we're here.

Best,
{sender_name}",,,,,Dormant,No Meaningful History,Existing Customer,False,Not Eligible,Lumpy,N/A,No repeat send while the logged action is inside its cadence window.,BASELINE,BASELINE,5a2085c35ca6
ACC-170,P4,Tail,196,9. Long-Tail Automated Nurture,Automated Nurture,LONG_TAIL_STANDARD,Ready — Automated,Draft Ready,Automation,False,True,PB08_NURTURE,Email / in-app message,Queue automated message (Automated Nurture).,60,Any (repeat) order within 90 days.,"Order placed, unsubscribe, or 2 unanswered dormant messages (pause 6 months).",Rising Tail accounts that cross the Core line re-route automatically.,LOW_CONFIDENCE,Draft ready (not sent),NUR_DORMANT,"Hi {first_name},

Whenever you're planning your next stock buy, you can browse handpicked stock on the Fleek app at any time. If you're looking for something specific, reply to this message and we'll do our best to help you find it. No pressure, just a friendly reminder that we're here.

Best,
{sender_name}",,,,,Dormant,No Meaningful History,Existing Customer,False,Not Eligible,Lumpy,N/A,No repeat send while the logged action is inside its cadence window.,BASELINE,BASELINE,e2d527d359b1
ACC-171,P4,Tail,192,9. Long-Tail Automated Nurture,Automated Nurture,LONG_TAIL_STANDARD,Ready — Automated,Draft Ready,Automation,False,True,PB08_NURTURE,Email / in-app message,Queue automated message (Automated Nurture).,60,Any (repeat) order within 90 days.,"Order placed, unsubscribe, or 2 unanswered dormant messages (pause 6 months).",Rising Tail accounts that cross the Core line re-route automatically.,LOW_CONFIDENCE,Draft ready (not sent),NUR_DORMANT,"Hi {first_name},

Whenever you're planning your next stock buy, you can browse bundles on the Fleek app at any time. If you're looking for something specific, reply to this message and we'll do our best to help you find it. No pressure, just a friendly reminder that we're here.

Best,
{sender_name}",,,,,Dormant,No Meaningful History,Existing Customer,False,Not Eligible,Lumpy,N/A,No repeat send while the logged action is inside its cadence window.,BASELINE,BASELINE,0f7ed91d60c6
ACC-172,P4,Tail,186,9. Long-Tail Automated Nurture,Automated Nurture,LONG_TAIL_STANDARD,Ready — Automated,Draft Ready,Automation,False,True,PB08_NURTURE,Email / in-app message,Queue automated message (Automated Nurture).,60,Any (repeat) order within 90 days.,"Order placed, unsubscribe, or 2 unanswered dormant messages (pause 6 months).",Rising Tail accounts that cross the Core line re-route automatically.,LOW_CONFIDENCE,Draft ready (not sent),NUR_DORMANT,"Hi {first_name},

Whenever you're planning your next stock buy, you can browse bundles on the Fleek app at any time. If you're looking for something specific, reply to this message and we'll do our best to help you find it. No pressure, just a friendly reminder that we're here.

Best,
{sender_name}",,,,,Dormant,No Meaningful History,Existing Customer,False,Not Eligible,Lumpy,N/A,No repeat send while the logged action is inside its cadence window.,BASELINE,BASELINE,d5d9e8818345
ACC-173,P4,Tail,185,9. Long-Tail Automated Nurture,Automated Nurture,LONG_TAIL_STANDARD,Ready — Automated,Draft Ready,Automation,False,True,PB08_NURTURE,Email / in-app message,Queue automated message (Automated Nurture).,30,Any (repeat) order within 90 days.,"Order placed, unsubscribe, or 2 unanswered dormant messages (pause 6 months).",Rising Tail accounts that cross the Core line re-route automatically.,NO_FEB_GMV (Feb unconfirmed); LOW_CONFIDENCE,Draft ready (not sent),NUR_RETURNED,"Hi {first_name},

Welcome back to Fleek, and thanks for your recent order. You can browse bundles in the app whenever it suits you. If there's anything specific you're sourcing at the moment, reply to this message and we'll help point you in the right direction.

Best,
{sender_name}",,,,,Returned customer,Recently Active,Returned Customer,False,Not Eligible,Lumpy,N/A,No repeat send while the logged action is inside its cadence window.,BASELINE,BASELINE,96bbc1826f82
ACC-174,P4,Tail,176,9. Long-Tail Automated Nurture,Automated Nurture,LONG_TAIL_STANDARD,Ready — Automated,Draft Ready,Automation,False,True,PB08_NURTURE,Email / in-app message,Queue automated message (Automated Nurture).,60,Any (repeat) order within 90 days.,"Order placed, unsubscribe, or 2 unanswered dormant messages (pause 6 months).",Rising Tail accounts that cross the Core line re-route automatically.,LOW_CONFIDENCE,Draft ready (not sent),NUR_DORMANT,"Hi {first_name},

Whenever you're planning your next stock buy, you can browse bundles on the Fleek app at any time. If you're looking for something specific, reply to this message and we'll do our best to help you find it. No pressure, just a friendly reminder that we're here.

Best,
{sender_name}",,,,,Dormant,No Meaningful History,Existing Customer,False,Not Eligible,Lumpy,N/A,No repeat send while the logged action is inside its cadence window.,BASELINE,BASELINE,90728367d471
ACC-175,P4,Tail,172,9. Long-Tail Automated Nurture,Automated Nurture,LONG_TAIL_STANDARD,Ready — Automated,Draft Ready,Automation,False,True,PB08_NURTURE,Email / in-app message,Queue automated message (Automated Nurture).,60,Any (repeat) order within 90 days.,"Order placed, unsubscribe, or 2 unanswered dormant messages (pause 6 months).",Rising Tail accounts that cross the Core line re-route automatically.,LOW_CONFIDENCE,Draft ready (not sent),NUR_DORMANT,"Hi {first_name},

Whenever you're planning your next stock buy, you can browse bundles on the Fleek app at any time. If you're looking for something specific, reply to this message and we'll do our best to help you find it. No pressure, just a friendly reminder that we're here.

Best,
{sender_name}",,,,,Dormant,No Meaningful History,Existing Customer,False,Not Eligible,Lumpy,N/A,No repeat send while the logged action is inside its cadence window.,BASELINE,BASELINE,3fc5483f22a9
ACC-176,P4,Tail,164,9. Long-Tail Automated Nurture,Automated Nurture,LONG_TAIL_STANDARD,Ready — Automated,Draft Ready,Automation,False,True,PB08_NURTURE,Email / in-app message,Queue automated message (Automated Nurture).,60,Any (repeat) order within 90 days.,"Order placed, unsubscribe, or 2 unanswered dormant messages (pause 6 months).",Rising Tail accounts that cross the Core line re-route automatically.,LOW_CONFIDENCE,Draft ready (not sent),NUR_DORMANT,"Hi {first_name},

Whenever you're planning your next stock buy, you can browse bundles on the Fleek app at any time. If you're looking for something specific, reply to this message and we'll do our best to help you find it. No pressure, just a friendly reminder that we're here.

Best,
{sender_name}",,,,,Dormant,No Meaningful History,Existing Customer,False,Not Eligible,Lumpy,N/A,No repeat send while the logged action is inside its cadence window.,BASELINE,BASELINE,94af0171e89c
ACC-177,P4,Tail,164,9. Long-Tail Automated Nurture,Automated Nurture,LONG_TAIL_STANDARD,Ready — Automated,Draft Ready,Automation,False,True,PB08_NURTURE,Email / in-app message,Queue automated message (Automated Nurture).,30,Any (repeat) order within 90 days.,"Order placed, unsubscribe, or 2 unanswered dormant messages (pause 6 months).",Rising Tail accounts that cross the Core line re-route automatically.,FEB_SENSITIVE; LOW_CONFIDENCE,Draft ready (not sent),NUR_RETURNED,"Hi {first_name},

Welcome back to Fleek, and thanks for your recent order. You can browse bundles in the app whenever it suits you. If there's anything specific you're sourcing at the moment, reply to this message and we'll help point you in the right direction.

Best,
{sender_name}",,,,,Returned customer,Recently Active,Returned Customer,False,Not Eligible,Lumpy,N/A,No repeat send while the logged action is inside its cadence window.,BASELINE,BASELINE,2ef52d7e350a
ACC-178,P4,Tail,156,9. Long-Tail Automated Nurture,Automated Nurture,LONG_TAIL_STANDARD,Ready — Automated,Draft Ready,Automation,False,True,PB08_NURTURE,Email / in-app message,Queue automated message (Automated Nurture).,60,Any (repeat) order within 90 days.,"Order placed, unsubscribe, or 2 unanswered dormant messages (pause 6 months).",Rising Tail accounts that cross the Core line re-route automatically.,LOW_CONFIDENCE,Draft ready (not sent),NUR_DORMANT,"Hi {first_name},

Whenever you're planning your next stock buy, you can browse handpicked stock on the Fleek app at any time. If you're looking for something specific, reply to this message and we'll do our best to help you find it. No pressure, just a friendly reminder that we're here.

Best,
{sender_name}",,,,,Dormant,No Meaningful History,Existing Customer,False,Not Eligible,Lumpy,N/A,No repeat send while the logged action is inside its cadence window.,BASELINE,BASELINE,9fd00c22f7a3
ACC-179,P4,Tail,153,9. Long-Tail Automated Nurture,Automated Nurture,LONG_TAIL_STANDARD,Ready — Automated,Draft Ready,Automation,False,True,PB08_NURTURE,Email / in-app message,Queue automated message (Automated Nurture).,60,Any (repeat) order within 90 days.,"Order placed, unsubscribe, or 2 unanswered dormant messages (pause 6 months).",Rising Tail accounts that cross the Core line re-route automatically.,LOW_CONFIDENCE,Draft ready (not sent),NUR_DORMANT,"Hi {first_name},

Whenever you're planning your next stock buy, you can browse bundles on the Fleek app at any time. If you're looking for something specific, reply to this message and we'll do our best to help you find it. No pressure, just a friendly reminder that we're here.

Best,
{sender_name}",,,,,Dormant,No Meaningful History,Existing Customer,False,Not Eligible,Lumpy,N/A,No repeat send while the logged action is inside its cadence window.,BASELINE,BASELINE,bb3e7953d27e
ACC-180,P4,Tail,152,9. Long-Tail Automated Nurture,Automated Nurture,LONG_TAIL_STANDARD,Ready — Automated,Draft Ready,Automation,False,True,PB08_NURTURE,Email / in-app message,Queue automated message (Automated Nurture).,30,Any (repeat) order within 90 days.,"Order placed, unsubscribe, or 2 unanswered dormant messages (pause 6 months).",Rising Tail accounts that cross the Core line re-route automatically.,NO_FEB_GMV (Feb unconfirmed); LOW_CONFIDENCE,Draft ready (not sent),NUR_RETURNED,"Hi {first_name},

Welcome back to Fleek, and thanks for your recent order. You can browse bundles in the app whenever it suits you. If there's anything specific you're sourcing at the moment, reply to this message and we'll help point you in the right direction.

Best,
{sender_name}",,,,,Returned customer,Recently Active,Returned Customer,False,Not Eligible,Lumpy,N/A,No repeat send while the logged action is inside its cadence window.,BASELINE,BASELINE,66ff983f3cb7
ACC-181,P4,Tail,149,9. Long-Tail Automated Nurture,Automated Nurture,LONG_TAIL_STANDARD,Ready — Automated,Draft Ready,Automation,False,True,PB08_NURTURE,Email / in-app message,Queue automated message (Automated Nurture).,60,Any (repeat) order within 90 days.,"Order placed, unsubscribe, or 2 unanswered dormant messages (pause 6 months).",Rising Tail accounts that cross the Core line re-route automatically.,LOW_CONFIDENCE,Draft ready (not sent),NUR_DORMANT,"Hi {first_name},

Whenever you're planning your next stock buy, you can browse bundles on the Fleek app at any time. If you're looking for something specific, reply to this message and we'll do our best to help you find it. No pressure, just a friendly reminder that we're here.

Best,
{sender_name}",,,,,Dormant,No Meaningful History,Existing Customer,False,Not Eligible,Lumpy,N/A,No repeat send while the logged action is inside its cadence window.,BASELINE,BASELINE,88e6a18c861d
ACC-182,P4,Tail,146,9. Long-Tail Automated Nurture,Automated Nurture,LONG_TAIL_STANDARD,Ready — Automated,Draft Ready,Automation,False,True,PB08_NURTURE,Email / in-app message,Queue automated message (Automated Nurture).,60,Any (repeat) order within 90 days.,"Order placed, unsubscribe, or 2 unanswered dormant messages (pause 6 months).",Rising Tail accounts that cross the Core line re-route automatically.,LOW_CONFIDENCE,Draft ready (not sent),NUR_DORMANT,"Hi {first_name},

Whenever you're planning your next stock buy, you can browse bundles on the Fleek app at any time. If you're looking for something specific, reply to this message and we'll do our best to help you find it. No pressure, just a friendly reminder that we're here.

Best,
{sender_name}",,,,,Dormant,No Meaningful History,Existing Customer,False,Not Eligible,Lumpy,N/A,No repeat send while the logged action is inside its cadence window.,BASELINE,BASELINE,d83eba19c798
ACC-183,P4,Tail,145,9. Long-Tail Automated Nurture,Automated Nurture,LONG_TAIL_STANDARD,Ready — Automated,Draft Ready,Automation,False,True,PB08_NURTURE,Email / in-app message,Queue automated message (Automated Nurture).,60,Any (repeat) order within 90 days.,"Order placed, unsubscribe, or 2 unanswered dormant messages (pause 6 months).",Rising Tail accounts that cross the Core line re-route automatically.,LOW_CONFIDENCE,Draft ready (not sent),NUR_DORMANT,"Hi {first_name},

Whenever you're planning your next stock buy, you can browse bundles on the Fleek app at any time. If you're looking for something specific, reply to this message and we'll do our best to help you find it. No pressure, just a friendly reminder that we're here.

Best,
{sender_name}",,,,,Dormant,No Meaningful History,Existing Customer,False,Not Eligible,Lumpy,N/A,No repeat send while the logged action is inside its cadence window.,BASELINE,BASELINE,4a1bec8bb6d8
ACC-184,P4,Tail,134,9. Long-Tail Automated Nurture,Automated Nurture,LONG_TAIL_STANDARD,Ready — Automated,Draft Ready,Automation,False,True,PB08_NURTURE,Email / in-app message,Queue automated message (Automated Nurture).,60,Any (repeat) order within 90 days.,"Order placed, unsubscribe, or 2 unanswered dormant messages (pause 6 months).",Rising Tail accounts that cross the Core line re-route automatically.,LOW_CONFIDENCE,Draft ready (not sent),NUR_DORMANT,"Hi {first_name},

Whenever you're planning your next stock buy, you can browse bundles on the Fleek app at any time. If you're looking for something specific, reply to this message and we'll do our best to help you find it. No pressure, just a friendly reminder that we're here.

Best,
{sender_name}",,,,,Dormant,No Meaningful History,Existing Customer,False,Not Eligible,Lumpy,N/A,No repeat send while the logged action is inside its cadence window.,BASELINE,BASELINE,87993aa90416
ACC-185,P4,Tail,123,9. Long-Tail Automated Nurture,Automated Nurture,LONG_TAIL_STANDARD,Ready — Automated,Draft Ready,Automation,False,True,PB08_NURTURE,Email / in-app message,Queue automated message (Automated Nurture).,30,Any (repeat) order within 90 days.,"Order placed, unsubscribe, or 2 unanswered dormant messages (pause 6 months).",Rising Tail accounts that cross the Core line re-route automatically.,NO_FEB_GMV (Feb unconfirmed); LOW_CONFIDENCE,Draft ready (not sent),NUR_RETURNED,"Hi {first_name},

Welcome back to Fleek, and thanks for your recent order. You can browse bundles in the app whenever it suits you. If there's anything specific you're sourcing at the moment, reply to this message and we'll help point you in the right direction.

Best,
{sender_name}",,,,,Returned customer,Recently Active,Returned Customer,False,Not Eligible,Lumpy,N/A,No repeat send while the logged action is inside its cadence window.,BASELINE,BASELINE,b871545630e4
ACC-186,P4,Tail,121,9. Long-Tail Automated Nurture,Automated Nurture,LONG_TAIL_STANDARD,Ready — Automated,Draft Ready,Automation,False,True,PB08_NURTURE,Email / in-app message,Queue automated message (Automated Nurture).,60,Any (repeat) order within 90 days.,"Order placed, unsubscribe, or 2 unanswered dormant messages (pause 6 months).",Rising Tail accounts that cross the Core line re-route automatically.,LOW_CONFIDENCE,Draft ready (not sent),NUR_DORMANT,"Hi {first_name},

Whenever you're planning your next stock buy, you can browse bundles on the Fleek app at any time. If you're looking for something specific, reply to this message and we'll do our best to help you find it. No pressure, just a friendly reminder that we're here.

Best,
{sender_name}",,,,,Dormant,No Meaningful History,Existing Customer,False,Not Eligible,Lumpy,N/A,No repeat send while the logged action is inside its cadence window.,BASELINE,BASELINE,5d7448a9ea86
ACC-187,P4,Tail,117,9. Long-Tail Automated Nurture,Automated Nurture,LONG_TAIL_STANDARD,Ready — Automated,Draft Ready,Automation,False,True,PB08_NURTURE,Email / in-app message,Queue automated message (Automated Nurture).,30,Any (repeat) order within 90 days.,"Order placed, unsubscribe, or 2 unanswered dormant messages (pause 6 months).",Rising Tail accounts that cross the Core line re-route automatically.,NO_FEB_GMV (Feb unconfirmed); LOW_CONFIDENCE,Draft ready (not sent),NUR_RETURNED,"Hi {first_name},

Welcome back to Fleek, and thanks for your recent order. You can browse bundles in the app whenever it suits you. If there's anything specific you're sourcing at the moment, reply to this message and we'll help point you in the right direction.

Best,
{sender_name}",,,,,Returned customer,Recently Active,Returned Customer,False,Not Eligible,Lumpy,N/A,No repeat send while the logged action is inside its cadence window.,BASELINE,BASELINE,88432a41333b
ACC-188,P4,Tail,116,9. Long-Tail Automated Nurture,Automated Nurture,LONG_TAIL_STANDARD,Ready — Automated,Draft Ready,Automation,False,True,PB08_NURTURE,Email / in-app message,Queue automated message (Automated Nurture).,60,Any (repeat) order within 90 days.,"Order placed, unsubscribe, or 2 unanswered dormant messages (pause 6 months).",Rising Tail accounts that cross the Core line re-route automatically.,LOW_CONFIDENCE,Draft ready (not sent),NUR_DORMANT,"Hi {first_name},

Whenever you're planning your next stock buy, you can browse bundles on the Fleek app at any time. If you're looking for something specific, reply to this message and we'll do our best to help you find it. No pressure, just a friendly reminder that we're here.

Best,
{sender_name}",,,,,Dormant,No Meaningful History,Existing Customer,False,Not Eligible,Lumpy,N/A,No repeat send while the logged action is inside its cadence window.,BASELINE,BASELINE,2acc851a5c42
ACC-189,P4,Tail,116,9. Long-Tail Automated Nurture,Automated Nurture,LONG_TAIL_STANDARD,Ready — Automated,Draft Ready,Automation,False,True,PB08_NURTURE,Email / in-app message,Queue automated message (Automated Nurture).,60,Any (repeat) order within 90 days.,"Order placed, unsubscribe, or 2 unanswered dormant messages (pause 6 months).",Rising Tail accounts that cross the Core line re-route automatically.,LOW_CONFIDENCE,Draft ready (not sent),NUR_DORMANT,"Hi {first_name},

Whenever you're planning your next stock buy, you can browse bundles on the Fleek app at any time. If you're looking for something specific, reply to this message and we'll do our best to help you find it. No pressure, just a friendly reminder that we're here.

Best,
{sender_name}",,,,,Dormant,No Meaningful History,Existing Customer,False,Not Eligible,Lumpy,N/A,No repeat send while the logged action is inside its cadence window.,BASELINE,BASELINE,cf65c3d8ed81
ACC-190,P4,Tail,113,9. Long-Tail Automated Nurture,Automated Nurture,LONG_TAIL_STANDARD,Ready — Automated,Draft Ready,Automation,False,True,PB08_NURTURE,Email / in-app message,Queue automated message (Automated Nurture).,60,Any (repeat) order within 90 days.,"Order placed, unsubscribe, or 2 unanswered dormant messages (pause 6 months).",Rising Tail accounts that cross the Core line re-route automatically.,LOW_CONFIDENCE,Draft ready (not sent),NUR_DORMANT,"Hi {first_name},

Whenever you're planning your next stock buy, you can browse bundles on the Fleek app at any time. If you're looking for something specific, reply to this message and we'll do our best to help you find it. No pressure, just a friendly reminder that we're here.

Best,
{sender_name}",,,,,Dormant,No Meaningful History,Existing Customer,False,Not Eligible,Lumpy,N/A,No repeat send while the logged action is inside its cadence window.,BASELINE,BASELINE,2df02515b01d
ACC-191,P4,Tail,109,9. Long-Tail Automated Nurture,Automated Nurture,LONG_TAIL_STANDARD,Ready — Automated,Draft Ready,Automation,False,True,PB08_NURTURE,Email / in-app message,Queue automated message (Automated Nurture).,60,Any (repeat) order within 90 days.,"Order placed, unsubscribe, or 2 unanswered dormant messages (pause 6 months).",Rising Tail accounts that cross the Core line re-route automatically.,LOW_CONFIDENCE,Draft ready (not sent),NUR_DORMANT,"Hi {first_name},

Whenever you're planning your next stock buy, you can browse bundles on the Fleek app at any time. If you're looking for something specific, reply to this message and we'll do our best to help you find it. No pressure, just a friendly reminder that we're here.

Best,
{sender_name}",,,,,Dormant,No Meaningful History,Existing Customer,False,Not Eligible,Lumpy,N/A,No repeat send while the logged action is inside its cadence window.,BASELINE,BASELINE,5fff9de1ac4f
ACC-192,P4,Tail,107,9. Long-Tail Automated Nurture,Automated Nurture,LONG_TAIL_STANDARD,Ready — Automated,Draft Ready,Automation,False,True,PB08_NURTURE,Email / in-app message,Queue automated message (Automated Nurture).,30,Any (repeat) order within 90 days.,"Order placed, unsubscribe, or 2 unanswered dormant messages (pause 6 months).",Rising Tail accounts that cross the Core line re-route automatically.,NO_FEB_GMV (Feb unconfirmed); LOW_CONFIDENCE,Draft ready (not sent),NUR_RETURNED,"Hi {first_name},

Welcome back to Fleek, and thanks for your recent order. You can browse bundles in the app whenever it suits you. If there's anything specific you're sourcing at the moment, reply to this message and we'll help point you in the right direction.

Best,
{sender_name}",,,,,Returned customer,Recently Active,Returned Customer,False,Not Eligible,Lumpy,N/A,No repeat send while the logged action is inside its cadence window.,BASELINE,BASELINE,37904806c11d
ACC-193,P4,Tail,106,9. Long-Tail Automated Nurture,Automated Nurture,LONG_TAIL_STANDARD,Ready — Automated,Draft Ready,Automation,False,True,PB08_NURTURE,Email / in-app message,Queue automated message (Automated Nurture).,60,Any (repeat) order within 90 days.,"Order placed, unsubscribe, or 2 unanswered dormant messages (pause 6 months).",Rising Tail accounts that cross the Core line re-route automatically.,LOW_CONFIDENCE,Draft ready (not sent),NUR_DORMANT,"Hi {first_name},

Whenever you're planning your next stock buy, you can browse bundles on the Fleek app at any time. If you're looking for something specific, reply to this message and we'll do our best to help you find it. No pressure, just a friendly reminder that we're here.

Best,
{sender_name}",,,,,Dormant,No Meaningful History,Existing Customer,False,Not Eligible,Lumpy,N/A,No repeat send while the logged action is inside its cadence window.,BASELINE,BASELINE,0a4fe2c852ec
ACC-194,P4,Tail,106,9. Long-Tail Automated Nurture,Automated Nurture,LONG_TAIL_STANDARD,Ready — Automated,Draft Ready,Automation,False,True,PB08_NURTURE,Email / in-app message,Queue automated message (Automated Nurture).,30,Any (repeat) order within 90 days.,"Order placed, unsubscribe, or 2 unanswered dormant messages (pause 6 months).",Rising Tail accounts that cross the Core line re-route automatically.,LOW_CONFIDENCE,Draft ready (not sent),NUR_RETURNED,"Hi {first_name},

Welcome back to Fleek, and thanks for your recent order. You can browse bundles in the app whenever it suits you. If there's anything specific you're sourcing at the moment, reply to this message and we'll help point you in the right direction.

Best,
{sender_name}",,,,,Returned customer,No Meaningful History,Returned Customer,False,Not Eligible,Lumpy,N/A,No repeat send while the logged action is inside its cadence window.,BASELINE,BASELINE,0a76c7964377
ACC-195,P4,Tail,103,9. Long-Tail Automated Nurture,Automated Nurture,LONG_TAIL_STANDARD,Ready — Automated,Draft Ready,Automation,False,True,PB08_NURTURE,Email / in-app message,Queue automated message (Automated Nurture).,60,Any (repeat) order within 90 days.,"Order placed, unsubscribe, or 2 unanswered dormant messages (pause 6 months).",Rising Tail accounts that cross the Core line re-route automatically.,LOW_CONFIDENCE,Draft ready (not sent),NUR_DORMANT,"Hi {first_name},

Whenever you're planning your next stock buy, you can browse bundles on the Fleek app at any time. If you're looking for something specific, reply to this message and we'll do our best to help you find it. No pressure, just a friendly reminder that we're here.

Best,
{sender_name}",,,,,Dormant,No Meaningful History,Existing Customer,False,Not Eligible,Lumpy,N/A,No repeat send while the logged action is inside its cadence window.,BASELINE,BASELINE,20cf560eb32c
ACC-196,P4,Tail,101,9. Long-Tail Automated Nurture,Automated Nurture,LONG_TAIL_STANDARD,Ready — Automated,Draft Ready,Automation,False,True,PB08_NURTURE,Email / in-app message,Queue automated message (Automated Nurture).,60,Any (repeat) order within 90 days.,"Order placed, unsubscribe, or 2 unanswered dormant messages (pause 6 months).",Rising Tail accounts that cross the Core line re-route automatically.,LOW_CONFIDENCE,Draft ready (not sent),NUR_DORMANT,"Hi {first_name},

Whenever you're planning your next stock buy, you can browse bundles on the Fleek app at any time. If you're looking for something specific, reply to this message and we'll do our best to help you find it. No pressure, just a friendly reminder that we're here.

Best,
{sender_name}",,,,,Dormant,No Meaningful History,Existing Customer,False,Not Eligible,Lumpy,N/A,No repeat send while the logged action is inside its cadence window.,BASELINE,BASELINE,92c8d1f0ba46
ACC-197,P4,Tail,97,9. Long-Tail Automated Nurture,Automated Nurture,LONG_TAIL_STANDARD,Ready — Automated,Draft Ready,Automation,False,True,PB08_NURTURE,Email / in-app message,Queue automated message (Automated Nurture).,60,Any (repeat) order within 90 days.,"Order placed, unsubscribe, or 2 unanswered dormant messages (pause 6 months).",Rising Tail accounts that cross the Core line re-route automatically.,LOW_CONFIDENCE,Draft ready (not sent),NUR_DORMANT,"Hi {first_name},

Whenever you're planning your next stock buy, you can browse bundles on the Fleek app at any time. If you're looking for something specific, reply to this message and we'll do our best to help you find it. No pressure, just a friendly reminder that we're here.

Best,
{sender_name}",,,,,Dormant,No Meaningful History,Existing Customer,False,Not Eligible,Lumpy,N/A,No repeat send while the logged action is inside its cadence window.,BASELINE,BASELINE,4eefcefe0920
ACC-198,P4,Tail,96,9. Long-Tail Automated Nurture,Automated Nurture,LONG_TAIL_STANDARD,Ready — Automated,Draft Ready,Automation,False,True,PB08_NURTURE,Email / in-app message,Queue automated message (Automated Nurture).,60,Any (repeat) order within 90 days.,"Order placed, unsubscribe, or 2 unanswered dormant messages (pause 6 months).",Rising Tail accounts that cross the Core line re-route automatically.,LOW_CONFIDENCE,Draft ready (not sent),NUR_DORMANT,"Hi {first_name},

Whenever you're planning your next stock buy, you can browse bundles on the Fleek app at any time. If you're looking for something specific, reply to this message and we'll do our best to help you find it. No pressure, just a friendly reminder that we're here.

Best,
{sender_name}",,,,,Dormant,No Meaningful History,Existing Customer,False,Not Eligible,Lumpy,N/A,No repeat send while the logged action is inside its cadence window.,BASELINE,BASELINE,5207cde5aa9d
ACC-199,P4,Tail,96,9. Long-Tail Automated Nurture,Automated Nurture,LONG_TAIL_STANDARD,Ready — Automated,Draft Ready,Automation,False,True,PB08_NURTURE,Email / in-app message,Queue automated message (Automated Nurture).,60,Any (repeat) order within 90 days.,"Order placed, unsubscribe, or 2 unanswered dormant messages (pause 6 months).",Rising Tail accounts that cross the Core line re-route automatically.,LOW_CONFIDENCE,Draft ready (not sent),NUR_DORMANT,"Hi {first_name},

Whenever you're planning your next stock buy, you can browse bundles on the Fleek app at any time. If you're looking for something specific, reply to this message and we'll do our best to help you find it. No pressure, just a friendly reminder that we're here.

Best,
{sender_name}",,,,,Dormant,No Meaningful History,Existing Customer,False,Not Eligible,Lumpy,N/A,No repeat send while the logged action is inside its cadence window.,BASELINE,BASELINE,6f2daa2b8a4b
ACC-200,P4,Tail,94,9. Long-Tail Automated Nurture,Automated Nurture,LONG_TAIL_STANDARD,Ready — Automated,Draft Ready,Automation,False,True,PB08_NURTURE,Email / in-app message,Queue automated message (Automated Nurture).,60,Any (repeat) order within 90 days.,"Order placed, unsubscribe, or 2 unanswered dormant messages (pause 6 months).",Rising Tail accounts that cross the Core line re-route automatically.,LOW_CONFIDENCE,Draft ready (not sent),NUR_DORMANT,"Hi {first_name},

Whenever you're planning your next stock buy, you can browse bundles on the Fleek app at any time. If you're looking for something specific, reply to this message and we'll do our best to help you find it. No pressure, just a friendly reminder that we're here.

Best,
{sender_name}",,,,,Dormant,No Meaningful History,Existing Customer,False,Not Eligible,Lumpy,N/A,No repeat send while the logged action is inside its cadence window.,BASELINE,BASELINE,c10dabd89268
ACC-201,P4,Tail,88,9. Long-Tail Automated Nurture,Automated Nurture,LONG_TAIL_STANDARD,Ready — Automated,Draft Ready,Automation,False,True,PB08_NURTURE,Email / in-app message,Queue automated message (Automated Nurture).,60,Any (repeat) order within 90 days.,"Order placed, unsubscribe, or 2 unanswered dormant messages (pause 6 months).",Rising Tail accounts that cross the Core line re-route automatically.,LOW_CONFIDENCE,Draft ready (not sent),NUR_DORMANT,"Hi {first_name},

Whenever you're planning your next stock buy, you can browse bundles on the Fleek app at any time. If you're looking for something specific, reply to this message and we'll do our best to help you find it. No pressure, just a friendly reminder that we're here.

Best,
{sender_name}",,,,,Dormant,No Meaningful History,Existing Customer,False,Not Eligible,Lumpy,N/A,No repeat send while the logged action is inside its cadence window.,BASELINE,BASELINE,a3af48d3caf4
ACC-202,P4,Tail,85,9. Long-Tail Automated Nurture,Automated Nurture,LONG_TAIL_STANDARD,Ready — Automated,Draft Ready,Automation,False,True,PB08_NURTURE,Email / in-app message,Queue automated message (Automated Nurture).,60,Any (repeat) order within 90 days.,"Order placed, unsubscribe, or 2 unanswered dormant messages (pause 6 months).",Rising Tail accounts that cross the Core line re-route automatically.,LOW_CONFIDENCE,Draft ready (not sent),NUR_DORMANT,"Hi {first_name},

Whenever you're planning your next stock buy, you can browse bundles on the Fleek app at any time. If you're looking for something specific, reply to this message and we'll do our best to help you find it. No pressure, just a friendly reminder that we're here.

Best,
{sender_name}",,,,,Dormant,No Meaningful History,Existing Customer,False,Not Eligible,Lumpy,N/A,No repeat send while the logged action is inside its cadence window.,BASELINE,BASELINE,1a6eef01c49b
ACC-203,P4,Tail,84,9. Long-Tail Automated Nurture,Automated Nurture,LONG_TAIL_STANDARD,Ready — Automated,Draft Ready,Automation,False,True,PB08_NURTURE,Email / in-app message,Queue automated message (Automated Nurture).,60,Any (repeat) order within 90 days.,"Order placed, unsubscribe, or 2 unanswered dormant messages (pause 6 months).",Rising Tail accounts that cross the Core line re-route automatically.,LOW_CONFIDENCE,Draft ready (not sent),NUR_DORMANT,"Hi {first_name},

Whenever you're planning your next stock buy, you can browse bundles on the Fleek app at any time. If you're looking for something specific, reply to this message and we'll do our best to help you find it. No pressure, just a friendly reminder that we're here.

Best,
{sender_name}",,,,,Dormant,No Meaningful History,Existing Customer,False,Not Eligible,Lumpy,N/A,No repeat send while the logged action is inside its cadence window.,BASELINE,BASELINE,ae7aee7523a2
ACC-204,P4,Tail,84,9. Long-Tail Automated Nurture,Automated Nurture,LONG_TAIL_STANDARD,Ready — Automated,Draft Ready,Automation,False,True,PB08_NURTURE,Email / in-app message,Queue automated message (Automated Nurture).,60,Any (repeat) order within 90 days.,"Order placed, unsubscribe, or 2 unanswered dormant messages (pause 6 months).",Rising Tail accounts that cross the Core line re-route automatically.,LOW_CONFIDENCE,Draft ready (not sent),NUR_DORMANT,"Hi {first_name},

Whenever you're planning your next stock buy, you can browse bundles on the Fleek app at any time. If you're looking for something specific, reply to this message and we'll do our best to help you find it. No pressure, just a friendly reminder that we're here.

Best,
{sender_name}",,,,,Dormant,No Meaningful History,Existing Customer,False,Not Eligible,Lumpy,N/A,No repeat send while the logged action is inside its cadence window.,BASELINE,BASELINE,104a524f77c8
ACC-205,P4,Tail,84,9. Long-Tail Automated Nurture,Automated Nurture,LONG_TAIL_STANDARD,Ready — Automated,Draft Ready,Automation,False,True,PB08_NURTURE,Email / in-app message,Queue automated message (Automated Nurture).,60,Any (repeat) order within 90 days.,"Order placed, unsubscribe, or 2 unanswered dormant messages (pause 6 months).",Rising Tail accounts that cross the Core line re-route automatically.,LOW_CONFIDENCE,Draft ready (not sent),NUR_DORMANT,"Hi {first_name},

Whenever you're planning your next stock buy, you can browse bundles on the Fleek app at any time. If you're looking for something specific, reply to this message and we'll do our best to help you find it. No pressure, just a friendly reminder that we're here.

Best,
{sender_name}",,,,,Dormant,No Meaningful History,Existing Customer,False,Not Eligible,Lumpy,N/A,No repeat send while the logged action is inside its cadence window.,BASELINE,BASELINE,746e5665bfc5
ACC-206,P4,Tail,80,9. Long-Tail Automated Nurture,Automated Nurture,LONG_TAIL_STANDARD,Ready — Automated,Draft Ready,Automation,False,True,PB08_NURTURE,Email / in-app message,Queue automated message (Automated Nurture).,60,Any (repeat) order within 90 days.,"Order placed, unsubscribe, or 2 unanswered dormant messages (pause 6 months).",Rising Tail accounts that cross the Core line re-route automatically.,LOW_CONFIDENCE,Draft ready (not sent),NUR_DORMANT,"Hi {first_name},

Whenever you're planning your next stock buy, you can browse bundles on the Fleek app at any time. If you're looking for something specific, reply to this message and we'll do our best to help you find it. No pressure, just a friendly reminder that we're here.

Best,
{sender_name}",,,,,Dormant,No Meaningful History,Existing Customer,False,Not Eligible,Lumpy,N/A,No repeat send while the logged action is inside its cadence window.,BASELINE,BASELINE,5cf7047cb211
ACC-207,P4,Tail,77,9. Long-Tail Automated Nurture,Automated Nurture,LONG_TAIL_STANDARD,Ready — Automated,Draft Ready,Automation,False,True,PB08_NURTURE,Email / in-app message,Queue automated message (Automated Nurture).,60,Any (repeat) order within 90 days.,"Order placed, unsubscribe, or 2 unanswered dormant messages (pause 6 months).",Rising Tail accounts that cross the Core line re-route automatically.,LOW_CONFIDENCE,Draft ready (not sent),NUR_DORMANT,"Hi {first_name},

Whenever you're planning your next stock buy, you can browse bundles on the Fleek app at any time. If you're looking for something specific, reply to this message and we'll do our best to help you find it. No pressure, just a friendly reminder that we're here.

Best,
{sender_name}",,,,,Dormant,No Meaningful History,Existing Customer,False,Not Eligible,Lumpy,N/A,No repeat send while the logged action is inside its cadence window.,BASELINE,BASELINE,b473bb382241
ACC-208,P4,Tail,53,9. Long-Tail Automated Nurture,Automated Nurture,LONG_TAIL_STANDARD,Ready — Automated,Draft Ready,Automation,False,True,PB08_NURTURE,Email / in-app message,Queue automated message (Automated Nurture).,60,Any (repeat) order within 90 days.,"Order placed, unsubscribe, or 2 unanswered dormant messages (pause 6 months).",Rising Tail accounts that cross the Core line re-route automatically.,LOW_CONFIDENCE,Draft ready (not sent),NUR_DORMANT,"Hi {first_name},

Whenever you're planning your next stock buy, you can browse bundles on the Fleek app at any time. If you're looking for something specific, reply to this message and we'll do our best to help you find it. No pressure, just a friendly reminder that we're here.

Best,
{sender_name}",,,,,Dormant,No Meaningful History,Existing Customer,False,Not Eligible,Lumpy,N/A,No repeat send while the logged action is inside its cadence window.,BASELINE,BASELINE,f4d8df5c311f
ACC-209,P4,Tail,49,9. Long-Tail Automated Nurture,Automated Nurture,LONG_TAIL_STANDARD,Ready — Automated,Draft Ready,Automation,False,True,PB08_NURTURE,Email / in-app message,Queue automated message (Automated Nurture).,30,Any (repeat) order within 90 days.,"Order placed, unsubscribe, or 2 unanswered dormant messages (pause 6 months).",Rising Tail accounts that cross the Core line re-route automatically.,LOW_CONFIDENCE,Draft ready (not sent),NUR_RETURNED,"Hi {first_name},

Welcome back to Fleek, and thanks for your recent order. You can browse bundles in the app whenever it suits you. If there's anything specific you're sourcing at the moment, reply to this message and we'll help point you in the right direction.

Best,
{sender_name}",,,,,Returned customer,No Meaningful History,Returned Customer,False,Not Eligible,Lumpy,N/A,No repeat send while the logged action is inside its cadence window.,BASELINE,BASELINE,0cd3ab719f0f
ACC-210,P4,Tail,7,9. Long-Tail Automated Nurture,Automated Nurture,LONG_TAIL_STANDARD,Ready — Automated,Draft Ready,Automation,False,True,PB08_NURTURE,Email / in-app message,Queue automated message (Automated Nurture).,60,Any (repeat) order within 90 days.,"Order placed, unsubscribe, or 2 unanswered dormant messages (pause 6 months).",Rising Tail accounts that cross the Core line re-route automatically.,LOW_CONFIDENCE,Draft ready (not sent),NUR_DORMANT,"Hi {first_name},

Whenever you're planning your next stock buy, you can browse bundles on the Fleek app at any time. If you're looking for something specific, reply to this message and we'll do our best to help you find it. No pressure, just a friendly reminder that we're here.

Best,
{sender_name}",,,,,Dormant,No Meaningful History,Existing Customer,False,Not Eligible,Lumpy,N/A,No repeat send while the logged action is inside its cadence window.,BASELINE,BASELINE,24eec152cce3
ACC-211,P1,Key,13412,8. Retention / Reactivation,Retention Conversation,ENGAGED_BUT_SHRINKING,Ready — Human,Draft Ready,Customer Success / Growth,True,False,PB01_RETENTION,"Personal email, then call",Read brief; send outreach to book a call.,7,"Root cause logged and next-90-day GMV back to at least the Sep-Nov (H1) level, or the decline arrested.","Customer confirms a planned pause/seasonal gap (log cadence), or no response after 2 attempts (escalate).","No response after 2 attempts, or Key account with further decline -> Portfolio Lead.",H2_SINGLE_MONTH_SPIKE,Draft ready (not sent),RET_CS,"Hi {first_name},

I'm part of the Fleek team and wanted to hear how the platform is working for your buying at the moment. Is anything making it harder to find or secure the stock you need? I'd value a short call to understand what would be most useful for you over the coming months. Would a quick call this week work?

Best,
{sender_name}","WHY NOW: Heavily self-serving account whose spend is falling; product adoption is not the issue.
WHAT WE KNOW:
- Key, Self-Serve, Self Serve; £13,412 6m GMV; Reseller, France; tenure 5 months.
- Momentum: Declining (Sep-Nov £9,034 -> Dec-Feb £4,378); Recent Inactivity (last GMV month: December); 15 orders over 3 month(s).
- Dependency: Low (broker reliance 0%; 0 AM-placed / 15 self-serve orders).
- Engagement: 6665 product views, 100 app days, 71 offer(s), 18 Fleek chats, 0 video requests; basket Mixed.
- Warnings: H2_SINGLE_MONTH_SPIKE.
WHAT TO DO: Book a conversation. The customer already uses the product heavily: explore stock availability, price, offer outcomes and competitor use.
WHAT NOT TO DO: Do not send more product nudges - engagement is not the problem.
SUCCESS: Root cause logged and next-90-day GMV back to at least the Sep-Nov (H1) level, or the decline arrested.",,,,,Recent Inactivity,Existing Customer,False,Not Eligible,Regular,N/A,"Stay in playbook while momentum is Declining; exit when momentum is Stable/Growing for a full run; if the account lapses, NBA moves to Verify/Win-Back.",BASELINE,BASELINE,1147923b913d
ACC-212,P2,Core,8581,6. Growth Opportunity,Reinforce Successful Behaviour,HEALTHY_STRONG_SELF_SERVE,Ready — Automated,Draft Ready,Automation,False,False,PB06_REINFORCE,Email / in-app message,Queue automated message (Reinforce Successful Behaviour).,30,"GMV run-rate maintained or higher, with GMV in each month of the next quarter.",Account shows Recent Inactivity (playbook must not run) or momentum turns Declining.,Recent Inactivity -> Verify check (human).,,Draft ready (not sent),REINFORCE,"Hi {first_name},

Thanks for being an active Fleek buyer. Just a quick note to keep an eye on the app for bundles and handpicked stock that fits your range, and to let you know we're here if there's anything specific you're trying to source. Reply any time and we'll help.

Best,
{sender_name}",,,,,,Recently Active,Existing Customer,False,Not Eligible,Regular,N/A,Suppressed if Recent Inactivity; otherwise no repeat inside 30 days.,BASELINE,BASELINE,aa1e187383b5
ACC-213,P2,Core,4899,6. Growth Opportunity,Reinforce Successful Behaviour,HEALTHY_STRONG_SELF_SERVE,Ready — Automated,Draft Ready,Automation,False,False,PB06_REINFORCE,Email / in-app message,Queue automated message (Reinforce Successful Behaviour).,30,"GMV run-rate maintained or higher, with GMV in each month of the next quarter.",Account shows Recent Inactivity (playbook must not run) or momentum turns Declining.,Recent Inactivity -> Verify check (human).,NO_FEB_GMV (Feb unconfirmed),Draft ready (not sent),REINFORCE,"Hi {first_name},

Thanks for being an active Fleek buyer. Just a quick note to keep an eye on the app for bundles and handpicked stock that fits your range, and to let you know we're here if there's anything specific you're trying to source. Reply any time and we'll help.

Best,
{sender_name}",,,,,,Recently Active,Existing Customer,False,Not Eligible,Regular,N/A,Suppressed if Recent Inactivity; otherwise no repeat inside 30 days.,BASELINE,BASELINE,91cb14df2473
ACC-214,P1,Core,4632,8. Retention / Reactivation,Retention Conversation,ENGAGED_BUT_SHRINKING,Ready — Human,Draft Ready,Customer Success / Growth,True,False,PB01_RETENTION,"Personal email, then call",Read brief; send outreach to book a call.,7,"Root cause logged and next-90-day GMV back to at least the Sep-Nov (H1) level, or the decline arrested.","Customer confirms a planned pause/seasonal gap (log cadence), or no response after 2 attempts (escalate).","No response after 2 attempts, or Key account with further decline -> Portfolio Lead.",H2_SINGLE_MONTH_SPIKE; NO_FEB_GMV (Feb unconfirmed),Draft ready (not sent),RET_CS,"Hi {first_name},

I'm part of the Fleek team and wanted to hear how the platform is working for your buying at the moment. Is anything making it harder to find or secure the stock you need? I'd value a short call to understand what would be most useful for you over the coming months. Would a quick call this week work?

Best,
{sender_name}","WHY NOW: Heavily self-serving account whose spend is falling; product adoption is not the issue.
WHAT WE KNOW:
- Core, Self-Serve, Self Serve; £4,632 6m GMV; Reseller, United Kingdom; tenure 5 months.
- Momentum: Declining (Sep-Nov £4,516 -> Dec-Feb £116); Recently Active (last GMV month: January); 12 orders over 3 month(s).
- Dependency: Low (broker reliance 0%; 0 AM-placed / 12 self-serve orders).
- Engagement: 665 product views, 74 app days, 53 offer(s), 70 Fleek chats, 1 video requests; basket Mixed.
- Warnings: H2_SINGLE_MONTH_SPIKE; NO_FEB_GMV (Feb unconfirmed).
WHAT TO DO: Book a conversation. The customer already uses the product heavily: explore stock availability, price, offer outcomes and competitor use.
WHAT NOT TO DO: Do not send more product nudges - engagement is not the problem.
SUCCESS: Root cause logged and next-90-day GMV back to at least the Sep-Nov (H1) level, or the decline arrested.",,,,,Recently Active,Existing Customer,False,Not Eligible,Regular,N/A,"Stay in playbook while momentum is Declining; exit when momentum is Stable/Growing for a full run; if the account lapses, NBA moves to Verify/Win-Back.",BASELINE,BASELINE,85018850706f
ACC-215,P1,Core,3907,8. Retention / Reactivation,Verify Demand / Win-Back,LAPSED_THIN_HISTORY,Ready — Human,Draft Ready,Customer Success / Growth,True,False,PB02_VERIFY_WINBACK,"Personal email, then call","Send cadence check-in (verify, don't assume churn).",14,"Cadence recorded and account reclassified, or a new order within 90 days (60 days for recent-inactivity checks).",Customer confirms infrequent/seasonal buying (set a reminder for their window) or confirms churn (log reason).,Key account with no response after 2 attempts -> Portfolio Lead.,LOW_CONFIDENCE,Draft ready (not sent),VERIFY_CADENCE,"Hi {first_name},

Thanks for your previous orders with Fleek. I wanted to check how you usually plan your stock buying (seasonal, project by project, or ongoing) so we can get in touch at the right moments rather than too often. Happy to talk on a quick call, or just reply here with what works for you.

Best,
{sender_name}","WHY NOW: Apparent lapse rests on 1-2 orders or one buying month; cadence is unknown.
WHAT WE KNOW:
- Core, Self-Serve, Self Serve; £3,907 6m GMV; Reseller, United States; tenure 5 months.
- Momentum: Lapsed; No Meaningful History (last GMV month: October); 1 orders over 1 month(s).
- Dependency: Low (broker reliance 0%; 0 AM-placed / 1 self-serve orders).
- Engagement: 76 product views, 14 app days, 0 offer(s), 3 Fleek chats, 0 video requests; basket Handpick-only.
- Warnings: LOW_CONFIDENCE.
WHAT TO DO: Do not assume churn. Verify expected purchase frequency first, then set the next contact window.
WHAT NOT TO DO: Do not treat as churn or run a discount-led win-back.
SUCCESS: Cadence recorded and account reclassified, or a new order within 90 days (60 days for recent-inactivity checks).",,,,,No Meaningful History,Existing Customer,False,Not Eligible,Lumpy,N/A,"If an order appears, the account re-segments automatically; if confirmed seasonal, suppress re-contact until the stated window.",BASELINE,BASELINE,7be89ed5f41b
ACC-216,P1,Core,3497,6. Growth Opportunity,Verify Demand / Win-Back,RECENT_INACTIVITY,Ready — Human,Draft Ready,Customer Success / Growth,True,False,PB02_VERIFY_WINBACK,"Personal email, then call",Send check-in; hold automated growth messages.,14,"Cadence recorded and account reclassified, or a new order within 90 days (60 days for recent-inactivity checks).",Customer confirms infrequent/seasonal buying (set a reminder for their window) or confirms churn (log reason).,Key account with no response after 2 attempts -> Portfolio Lead.,H2_SINGLE_MONTH_SPIKE,Draft ready (not sent),CHECKIN,"Hi {first_name},

I wanted to check in on how your stock planning looks for the next couple of months. Is there anything you're looking for that you haven't been able to find on Fleek? If it helps, I'm happy to jump on a quick call or you can simply reply with what you need.

Best,
{sender_name}","WHY NOW: Growth-type account with an established pattern but no January/February GMV.
WHAT WE KNOW:
- Core, Self-Serve, Self Serve; £3,497 6m GMV; Reseller, France; tenure 5 months.
- Momentum: Growing (Sep-Nov £1,394 -> Dec-Feb £2,103); Recent Inactivity (last GMV month: December); 11 orders over 3 month(s).
- Dependency: Low (broker reliance 0%; 0 AM-placed / 11 self-serve orders).
- Engagement: 1416 product views, 50 app days, 13 offer(s), 16 Fleek chats, 0 video requests; basket Bundle-only.
- Warnings: H2_SINGLE_MONTH_SPIKE.
WHAT TO DO: Check the account is still buying and why there was no January/February GMV before any automated growth action.
WHAT NOT TO DO: Do not trigger automated growth messages until the check is complete.
SUCCESS: Cadence recorded and account reclassified, or a new order within 90 days (60 days for recent-inactivity checks).",,,,,Recent Inactivity,Existing Customer,False,Not Eligible,Regular,N/A,"If an order appears, the account re-segments automatically; if confirmed seasonal, suppress re-contact until the stated window.",BASELINE,BASELINE,0ffb95bd9c91
ACC-217,P2,Core,2402,7. Onboard / Re-engage / Learn,Establish / Re-establish,NEW_CUSTOMER,Ready — Automated,Draft Ready,Automation,False,False,PB04_ESTABLISH,Email / in-app message,Send onboarding message.,14,New: 2+ orders across 2+ months within 90 days. Returned: orders in at least 2 of the next 3 months.,Second order placed (new) or cadence agreed (returned).,Returned Key account with no response after 2 attempts -> Portfolio Lead.,,Draft ready (not sent),EST_NEW,"Hi {first_name},

Welcome to Fleek, and thanks for your recent orders. A couple of tips as you build your buying routine: you can browse available stock in the app whenever suits you, and if a price doesn't quite work, you can use Make an Offer on items you're interested in. We're here if you need anything.

Best,
{sender_name}",,,,,,Recently Active,New Customer,False,Not Eligible,Regular,N/A,Once H1/H2 history exists the account leaves this playbook automatically via re-segmentation.,BASELINE,BASELINE,5a52a8fcef4c
ACC-218,P4,Tail,1219,9. Long-Tail Automated Nurture,Automated Nurture,LONG_TAIL_STANDARD,Ready — Automated,Draft Ready,Automation,False,False,PB08_NURTURE,Email / in-app message,Queue automated message (Automated Nurture).,60,Any (repeat) order within 90 days.,"Order placed, unsubscribe, or 2 unanswered dormant messages (pause 6 months).",Rising Tail accounts that cross the Core line re-route automatically.,,Draft ready (not sent),NUR_DORMANT,"Hi {first_name},

Whenever you're planning your next stock buy, you can browse bundles on the Fleek app at any time. If you're looking for something specific, reply to this message and we'll do our best to help you find it. No pressure, just a friendly reminder that we're here.

Best,
{sender_name}",,,,,Dormant,No Meaningful History,Existing Customer,False,Not Eligible,Lumpy,N/A,No repeat send while the logged action is inside its cadence window.,BASELINE,BASELINE,d69faed4c289
ACC-219,P3,Tail,1166,9. Long-Tail Automated Nurture,Discovery-to-Offer Enablement,BROWSING_LOW_OFFERS,Ready — Automated,Draft Ready,Automation,False,False,PB05_DISCOVERY_TO_OFFER,Email / in-app message,Queue automated message (Discovery-to-Offer Enablement).,14,3+ offers within 90 days and ideally an order afterwards (association only - no offer-acceptance data).,"Offers reach 3, or two messages sent, or account becomes inactive/declining.",None (automated). Re-routes automatically if momentum turns Declining/Lapsed.,,Draft ready (not sent),DTO,"Hi {first_name},

If you spot an item you like on Fleek but the price doesn't quite work for you, you can use Make an Offer directly from the product page to propose your own price. It's a simple way to negotiate on stock you're already looking at, and you stay in control of what you pay.

Best,
{sender_name}",,,,,,Recently Active,New Customer,True,Not Eligible,Regular,N/A,No re-send while the action is already logged for this NBA; eligible again only after the NBA changes.,BASELINE,BASELINE,9001107dfa80
ACC-220,P4,Tail,1119,9. Long-Tail Automated Nurture,Automated Nurture,LONG_TAIL_STANDARD,Ready — Automated,Draft Ready,Automation,False,False,PB08_NURTURE,Email / in-app message,Queue automated message (Automated Nurture).,30,Any (repeat) order within 90 days.,"Order placed, unsubscribe, or 2 unanswered dormant messages (pause 6 months).",Rising Tail accounts that cross the Core line re-route automatically.,LOW_CONFIDENCE,Draft ready (not sent),NUR_NEW,"Hi {first_name},

Thanks for ordering with Fleek. As you get started, you can browse available stock in the app whenever suits you, and use Make an Offer if a price doesn't quite work. If you're looking for something specific, reply here and we'll help.

Best,
{sender_name}",,,,,New customer onboarding,No Meaningful History,New Customer,False,Not Eligible,Lumpy,N/A,No repeat send while the logged action is inside its cadence window.,BASELINE,BASELINE,8e9758ced7cd
ACC-221,P4,Tail,925,9. Long-Tail Automated Nurture,Automated Nurture,LONG_TAIL_STANDARD,Ready — Automated,Draft Ready,Automation,False,False,PB08_NURTURE,Email / in-app message,Queue automated message (Automated Nurture).,30,Any (repeat) order within 90 days.,"Order placed, unsubscribe, or 2 unanswered dormant messages (pause 6 months).",Rising Tail accounts that cross the Core line re-route automatically.,,Draft ready (not sent),NUR_NEW,"Hi {first_name},

Thanks for ordering with Fleek. As you get started, you can browse available stock in the app whenever suits you, and use Make an Offer if a price doesn't quite work. If you're looking for something specific, reply here and we'll help.

Best,
{sender_name}",,,,,New customer onboarding,Recently Active,New Customer,False,Not Eligible,Lumpy,N/A,No repeat send while the logged action is inside its cadence window.,BASELINE,BASELINE,0bec578febde
ACC-222,P4,Tail,880,9. Long-Tail Automated Nurture,Automated Nurture,LONG_TAIL_STANDARD,Ready — Automated,Draft Ready,Automation,False,False,PB08_NURTURE,Email / in-app message,Queue automated message (Automated Nurture).,30,Any (repeat) order within 90 days.,"Order placed, unsubscribe, or 2 unanswered dormant messages (pause 6 months).",Rising Tail accounts that cross the Core line re-route automatically.,FEB_SENSITIVE; LOW_CONFIDENCE,Draft ready (not sent),NUR_NEW,"Hi {first_name},

Thanks for ordering with Fleek. As you get started, you can browse available stock in the app whenever suits you, and use Make an Offer if a price doesn't quite work. If you're looking for something specific, reply here and we'll help.

Best,
{sender_name}",,,,,New customer onboarding,Recently Active,New Customer,False,Not Eligible,Lumpy,N/A,No repeat send while the logged action is inside its cadence window.,BASELINE,BASELINE,7999b569caa7
ACC-223,P4,Tail,550,9. Long-Tail Automated Nurture,Automated Nurture,LONG_TAIL_STANDARD,Ready — Automated,Draft Ready,Automation,False,False,PB08_NURTURE,Email / in-app message,Queue automated message (Automated Nurture).,60,Any (repeat) order within 90 days.,"Order placed, unsubscribe, or 2 unanswered dormant messages (pause 6 months).",Rising Tail accounts that cross the Core line re-route automatically.,LOW_CONFIDENCE,Draft ready (not sent),NUR_DORMANT,"Hi {first_name},

Whenever you're planning your next stock buy, you can browse bundles on the Fleek app at any time. If you're looking for something specific, reply to this message and we'll do our best to help you find it. No pressure, just a friendly reminder that we're here.

Best,
{sender_name}",,,,,Dormant,No Meaningful History,Existing Customer,False,Not Eligible,Lumpy,N/A,No repeat send while the logged action is inside its cadence window.,BASELINE,BASELINE,672587e39985
ACC-224,P4,Tail,501,9. Long-Tail Automated Nurture,Automated Nurture,LONG_TAIL_STANDARD,Ready — Automated,Draft Ready,Automation,False,False,PB08_NURTURE,Email / in-app message,Queue automated message (Automated Nurture).,30,Any (repeat) order within 90 days.,"Order placed, unsubscribe, or 2 unanswered dormant messages (pause 6 months).",Rising Tail accounts that cross the Core line re-route automatically.,NO_FEB_GMV (Feb unconfirmed); LOW_CONFIDENCE,Draft ready (not sent),NUR_NEW,"Hi {first_name},

Thanks for ordering with Fleek. As you get started, you can browse available stock in the app whenever suits you, and use Make an Offer if a price doesn't quite work. If you're looking for something specific, reply here and we'll help.

Best,
{sender_name}",,,,,New customer onboarding,Recently Active,New Customer,False,Not Eligible,Lumpy,N/A,No repeat send while the logged action is inside its cadence window.,BASELINE,BASELINE,0f37ffd37385
ACC-225,P4,Tail,493,9. Long-Tail Automated Nurture,Automated Nurture,LONG_TAIL_STANDARD,Ready — Automated,Draft Ready,Automation,False,False,PB08_NURTURE,Email / in-app message,Queue automated message (Automated Nurture).,60,Any (repeat) order within 90 days.,"Order placed, unsubscribe, or 2 unanswered dormant messages (pause 6 months).",Rising Tail accounts that cross the Core line re-route automatically.,,Draft ready (not sent),NUR_DORMANT,"Hi {first_name},

Whenever you're planning your next stock buy, you can browse bundles and handpicked stock on the Fleek app at any time. If you're looking for something specific, reply to this message and we'll do our best to help you find it. No pressure, just a friendly reminder that we're here.

Best,
{sender_name}",,,,,Dormant,Recent Inactivity,Existing Customer,False,Not Eligible,Lumpy,N/A,No repeat send while the logged action is inside its cadence window.,BASELINE,BASELINE,e0dbb37266d4
ACC-226,P4,Tail,486,9. Long-Tail Automated Nurture,Automated Nurture,LONG_TAIL_STANDARD,Ready — Automated,Draft Ready,Automation,False,False,PB08_NURTURE,Email / in-app message,Queue automated message (Automated Nurture).,60,Any (repeat) order within 90 days.,"Order placed, unsubscribe, or 2 unanswered dormant messages (pause 6 months).",Rising Tail accounts that cross the Core line re-route automatically.,LOW_CONFIDENCE,Draft ready (not sent),NUR_DORMANT,"Hi {first_name},

Whenever you're planning your next stock buy, you can browse bundles on the Fleek app at any time. If you're looking for something specific, reply to this message and we'll do our best to help you find it. No pressure, just a friendly reminder that we're here.

Best,
{sender_name}",,,,,Dormant,No Meaningful History,Existing Customer,False,Not Eligible,Lumpy,N/A,No repeat send while the logged action is inside its cadence window.,BASELINE,BASELINE,b2110c31973b
ACC-227,P4,Tail,461,9. Long-Tail Automated Nurture,Automated Nurture,LONG_TAIL_STANDARD,Ready — Automated,Draft Ready,Automation,False,False,PB08_NURTURE,Email / in-app message,Queue automated message (Automated Nurture).,30,Any (repeat) order within 90 days.,"Order placed, unsubscribe, or 2 unanswered dormant messages (pause 6 months).",Rising Tail accounts that cross the Core line re-route automatically.,FEB_SENSITIVE; LOW_CONFIDENCE,Draft ready (not sent),NUR_NEW,"Hi {first_name},

Thanks for ordering with Fleek. As you get started, you can browse available stock in the app whenever suits you, and use Make an Offer if a price doesn't quite work. If you're looking for something specific, reply here and we'll help.

Best,
{sender_name}",,,,,New customer onboarding,Recently Active,New Customer,False,Not Eligible,Lumpy,N/A,No repeat send while the logged action is inside its cadence window.,BASELINE,BASELINE,1a28b6518089
ACC-228,P4,Tail,457,9. Long-Tail Automated Nurture,Automated Nurture,LONG_TAIL_STANDARD,Ready — Automated,Draft Ready,Automation,False,False,PB08_NURTURE,Email / in-app message,Queue automated message (Automated Nurture).,30,Any (repeat) order within 90 days.,"Order placed, unsubscribe, or 2 unanswered dormant messages (pause 6 months).",Rising Tail accounts that cross the Core line re-route automatically.,FEB_SENSITIVE; LOW_CONFIDENCE,Draft ready (not sent),NUR_NEW,"Hi {first_name},

Thanks for ordering with Fleek. As you get started, you can browse available stock in the app whenever suits you, and use Make an Offer if a price doesn't quite work. If you're looking for something specific, reply here and we'll help.

Best,
{sender_name}",,,,,New customer onboarding,Recently Active,New Customer,False,Not Eligible,Lumpy,N/A,No repeat send while the logged action is inside its cadence window.,BASELINE,BASELINE,b4ec099e11b3
ACC-229,P4,Tail,442,9. Long-Tail Automated Nurture,Automated Nurture,LONG_TAIL_STANDARD,Ready — Automated,Draft Ready,Automation,False,False,PB08_NURTURE,Email / in-app message,Queue automated message (Automated Nurture).,30,Any (repeat) order within 90 days.,"Order placed, unsubscribe, or 2 unanswered dormant messages (pause 6 months).",Rising Tail accounts that cross the Core line re-route automatically.,NO_FEB_GMV (Feb unconfirmed); LOW_CONFIDENCE,Draft ready (not sent),NUR_NEW,"Hi {first_name},

Thanks for ordering with Fleek. As you get started, you can browse available stock in the app whenever suits you, and use Make an Offer if a price doesn't quite work. If you're looking for something specific, reply here and we'll help.

Best,
{sender_name}",,,,,New customer onboarding,Recently Active,New Customer,False,Not Eligible,Lumpy,N/A,No repeat send while the logged action is inside its cadence window.,BASELINE,BASELINE,419097fdf4a6
ACC-230,P4,Tail,422,9. Long-Tail Automated Nurture,Automated Nurture,LONG_TAIL_STANDARD,Ready — Automated,Draft Ready,Automation,False,False,PB08_NURTURE,Email / in-app message,Queue automated message (Automated Nurture).,30,Any (repeat) order within 90 days.,"Order placed, unsubscribe, or 2 unanswered dormant messages (pause 6 months).",Rising Tail accounts that cross the Core line re-route automatically.,BORDERLINE_MOMENTUM; H2_SINGLE_MONTH_SPIKE; NO_FEB_GMV (Feb unconfirmed),Draft ready (not sent),NUR_REPEAT,"Hi {first_name},

Thanks for your recent orders with Fleek. A quick reminder that you can browse bundles in the app whenever you're ready for your next buy. If there's something particular you're after, just reply to this message and we'll be happy to help.

Best,
{sender_name}",,,,,Light-touch repeat buyer,Recently Active,Existing Customer,False,Not Eligible,Lumpy,N/A,No repeat send while the logged action is inside its cadence window.,BASELINE,BASELINE,073e91fed835
ACC-231,P4,Tail,416,9. Long-Tail Automated Nurture,Automated Nurture,LONG_TAIL_STANDARD,Ready — Automated,Draft Ready,Automation,False,False,PB08_NURTURE,Email / in-app message,Queue automated message (Automated Nurture).,30,Any (repeat) order within 90 days.,"Order placed, unsubscribe, or 2 unanswered dormant messages (pause 6 months).",Rising Tail accounts that cross the Core line re-route automatically.,LOW_CONFIDENCE,Draft ready (not sent),NUR_REPEAT,"Hi {first_name},

Thanks for your recent orders with Fleek. A quick reminder that you can browse bundles in the app whenever you're ready for your next buy. If there's something particular you're after, just reply to this message and we'll be happy to help.

Best,
{sender_name}",,,,,Light-touch repeat buyer,No Meaningful History,Existing Customer,False,Not Eligible,Lumpy,N/A,No repeat send while the logged action is inside its cadence window.,BASELINE,BASELINE,414d0d5121bb
ACC-232,P4,Tail,399,9. Long-Tail Automated Nurture,Automated Nurture,LONG_TAIL_STANDARD,Ready — Automated,Draft Ready,Automation,False,False,PB08_NURTURE,Email / in-app message,Queue automated message (Automated Nurture).,60,Any (repeat) order within 90 days.,"Order placed, unsubscribe, or 2 unanswered dormant messages (pause 6 months).",Rising Tail accounts that cross the Core line re-route automatically.,LOW_CONFIDENCE,Draft ready (not sent),NUR_DORMANT,"Hi {first_name},

Whenever you're planning your next stock buy, you can browse bundles on the Fleek app at any time. If you're looking for something specific, reply to this message and we'll do our best to help you find it. No pressure, just a friendly reminder that we're here.

Best,
{sender_name}",,,,,Dormant,No Meaningful History,Existing Customer,False,Not Eligible,Lumpy,N/A,No repeat send while the logged action is inside its cadence window.,BASELINE,BASELINE,b5cfa22bc5c2
ACC-233,P4,Tail,395,9. Long-Tail Automated Nurture,Automated Nurture,LONG_TAIL_STANDARD,Ready — Automated,Draft Ready,Automation,False,False,PB08_NURTURE,Email / in-app message,Queue automated message (Automated Nurture).,30,Any (repeat) order within 90 days.,"Order placed, unsubscribe, or 2 unanswered dormant messages (pause 6 months).",Rising Tail accounts that cross the Core line re-route automatically.,LOW_CONFIDENCE,Draft ready (not sent),NUR_ENGAGED,"Hi {first_name},

If you've found items on Fleek that you like, you can check out directly from the product page, or use Make an Offer if the price doesn't quite work for you. If something is holding you back from ordering, reply here and let us know, as we'd be glad to help.

Best,
{sender_name}",,,,,"Engaged, not converting",No Meaningful History,Existing Customer,False,Not Eligible,Lumpy,N/A,No repeat send while the logged action is inside its cadence window.,BASELINE,BASELINE,ce026434ec4e
ACC-234,P4,Tail,393,9. Long-Tail Automated Nurture,Automated Nurture,LONG_TAIL_STANDARD,Ready — Automated,Draft Ready,Automation,False,False,PB08_NURTURE,Email / in-app message,Queue automated message (Automated Nurture).,30,Any (repeat) order within 90 days.,"Order placed, unsubscribe, or 2 unanswered dormant messages (pause 6 months).",Rising Tail accounts that cross the Core line re-route automatically.,FEB_SENSITIVE; LOW_CONFIDENCE,Draft ready (not sent),NUR_NEW,"Hi {first_name},

Thanks for ordering with Fleek. As you get started, you can browse available stock in the app whenever suits you, and use Make an Offer if a price doesn't quite work. If you're looking for something specific, reply here and we'll help.

Best,
{sender_name}",,,,,New customer onboarding,Recently Active,New Customer,False,Not Eligible,Lumpy,N/A,No repeat send while the logged action is inside its cadence window.,BASELINE,BASELINE,413a9e9197ee
ACC-235,P4,Tail,384,9. Long-Tail Automated Nurture,Automated Nurture,LONG_TAIL_STANDARD,Ready — Automated,Draft Ready,Automation,False,False,PB08_NURTURE,Email / in-app message,Queue automated message (Automated Nurture).,30,Any (repeat) order within 90 days.,"Order placed, unsubscribe, or 2 unanswered dormant messages (pause 6 months).",Rising Tail accounts that cross the Core line re-route automatically.,NO_FEB_GMV (Feb unconfirmed); LOW_CONFIDENCE,Draft ready (not sent),NUR_NEW,"Hi {first_name},

Thanks for ordering with Fleek. As you get started, you can browse available stock in the app whenever suits you, and use Make an Offer if a price doesn't quite work. If you're looking for something specific, reply here and we'll help.

Best,
{sender_name}",,,,,New customer onboarding,Recently Active,New Customer,False,Not Eligible,Lumpy,N/A,No repeat send while the logged action is inside its cadence window.,BASELINE,BASELINE,78ad33491e60
ACC-236,P4,Tail,371,9. Long-Tail Automated Nurture,Automated Nurture,LONG_TAIL_STANDARD,Ready — Automated,Draft Ready,Automation,False,False,PB08_NURTURE,Email / in-app message,Queue automated message (Automated Nurture).,30,Any (repeat) order within 90 days.,"Order placed, unsubscribe, or 2 unanswered dormant messages (pause 6 months).",Rising Tail accounts that cross the Core line re-route automatically.,NO_FEB_GMV (Feb unconfirmed); LOW_CONFIDENCE,Draft ready (not sent),NUR_NEW,"Hi {first_name},

Thanks for ordering with Fleek. As you get started, you can browse available stock in the app whenever suits you, and use Make an Offer if a price doesn't quite work. If you're looking for something specific, reply here and we'll help.

Best,
{sender_name}",,,,,New customer onboarding,Recently Active,New Customer,False,Not Eligible,Lumpy,N/A,No repeat send while the logged action is inside its cadence window.,BASELINE,BASELINE,0e32789858d7
ACC-237,P4,Tail,371,9. Long-Tail Automated Nurture,Automated Nurture,LONG_TAIL_STANDARD,Ready — Automated,Draft Ready,Automation,False,False,PB08_NURTURE,Email / in-app message,Queue automated message (Automated Nurture).,30,Any (repeat) order within 90 days.,"Order placed, unsubscribe, or 2 unanswered dormant messages (pause 6 months).",Rising Tail accounts that cross the Core line re-route automatically.,NO_FEB_GMV (Feb unconfirmed); LOW_CONFIDENCE,Draft ready (not sent),NUR_NEW,"Hi {first_name},

Thanks for ordering with Fleek. As you get started, you can browse available stock in the app whenever suits you, and use Make an Offer if a price doesn't quite work. If you're looking for something specific, reply here and we'll help.

Best,
{sender_name}",,,,,New customer onboarding,Recently Active,New Customer,False,Not Eligible,Lumpy,N/A,No repeat send while the logged action is inside its cadence window.,BASELINE,BASELINE,43ef44026794
ACC-238,P4,Tail,353,9. Long-Tail Automated Nurture,Automated Nurture,LONG_TAIL_STANDARD,Ready — Automated,Draft Ready,Automation,False,False,PB08_NURTURE,Email / in-app message,Queue automated message (Automated Nurture).,30,Any (repeat) order within 90 days.,"Order placed, unsubscribe, or 2 unanswered dormant messages (pause 6 months).",Rising Tail accounts that cross the Core line re-route automatically.,NO_FEB_GMV (Feb unconfirmed); LOW_CONFIDENCE,Draft ready (not sent),NUR_NEW,"Hi {first_name},

Thanks for ordering with Fleek. As you get started, you can browse available stock in the app whenever suits you, and use Make an Offer if a price doesn't quite work. If you're looking for something specific, reply here and we'll help.

Best,
{sender_name}",,,,,New customer onboarding,Recently Active,New Customer,False,Not Eligible,Lumpy,N/A,No repeat send while the logged action is inside its cadence window.,BASELINE,BASELINE,a5698e9d2cda
ACC-239,P4,Tail,345,9. Long-Tail Automated Nurture,Automated Nurture,LONG_TAIL_STANDARD,Ready — Automated,Draft Ready,Automation,False,False,PB08_NURTURE,Email / in-app message,Queue automated message (Automated Nurture).,60,Any (repeat) order within 90 days.,"Order placed, unsubscribe, or 2 unanswered dormant messages (pause 6 months).",Rising Tail accounts that cross the Core line re-route automatically.,LOW_CONFIDENCE,Draft ready (not sent),NUR_DORMANT,"Hi {first_name},

Whenever you're planning your next stock buy, you can browse bundles on the Fleek app at any time. If you're looking for something specific, reply to this message and we'll do our best to help you find it. No pressure, just a friendly reminder that we're here.

Best,
{sender_name}",,,,,Dormant,No Meaningful History,Existing Customer,False,Not Eligible,Lumpy,N/A,No repeat send while the logged action is inside its cadence window.,BASELINE,BASELINE,0cec226abbae
ACC-240,P4,Tail,337,9. Long-Tail Automated Nurture,Automated Nurture,LONG_TAIL_STANDARD,Ready — Automated,Draft Ready,Automation,False,False,PB08_NURTURE,Email / in-app message,Queue automated message (Automated Nurture).,30,Any (repeat) order within 90 days.,"Order placed, unsubscribe, or 2 unanswered dormant messages (pause 6 months).",Rising Tail accounts that cross the Core line re-route automatically.,NO_FEB_GMV (Feb unconfirmed); LOW_CONFIDENCE,Draft ready (not sent),NUR_NEW,"Hi {first_name},

Thanks for ordering with Fleek. As you get started, you can browse available stock in the app whenever suits you, and use Make an Offer if a price doesn't quite work. If you're looking for something specific, reply here and we'll help.

Best,
{sender_name}",,,,,New customer onboarding,Recently Active,New Customer,False,Not Eligible,Lumpy,N/A,No repeat send while the logged action is inside its cadence window.,BASELINE,BASELINE,33f61a831ce8
ACC-241,P4,Tail,336,9. Long-Tail Automated Nurture,Automated Nurture,LONG_TAIL_STANDARD,Ready — Automated,Draft Ready,Automation,False,False,PB08_NURTURE,Email / in-app message,Queue automated message (Automated Nurture).,60,Any (repeat) order within 90 days.,"Order placed, unsubscribe, or 2 unanswered dormant messages (pause 6 months).",Rising Tail accounts that cross the Core line re-route automatically.,LOW_CONFIDENCE,Draft ready (not sent),NUR_DORMANT,"Hi {first_name},

Whenever you're planning your next stock buy, you can browse bundles on the Fleek app at any time. If you're looking for something specific, reply to this message and we'll do our best to help you find it. No pressure, just a friendly reminder that we're here.

Best,
{sender_name}",,,,,Dormant,No Meaningful History,Existing Customer,False,Not Eligible,Lumpy,N/A,No repeat send while the logged action is inside its cadence window.,BASELINE,BASELINE,8c4dc46cd074
ACC-242,P4,Tail,332,9. Long-Tail Automated Nurture,Automated Nurture,LONG_TAIL_STANDARD,Ready — Automated,Draft Ready,Automation,False,False,PB08_NURTURE,Email / in-app message,Queue automated message (Automated Nurture).,30,Any (repeat) order within 90 days.,"Order placed, unsubscribe, or 2 unanswered dormant messages (pause 6 months).",Rising Tail accounts that cross the Core line re-route automatically.,NO_FEB_GMV (Feb unconfirmed); LOW_CONFIDENCE,Draft ready (not sent),NUR_NEW,"Hi {first_name},

Thanks for ordering with Fleek. As you get started, you can browse available stock in the app whenever suits you, and use Make an Offer if a price doesn't quite work. If you're looking for something specific, reply here and we'll help.

Best,
{sender_name}",,,,,New customer onboarding,Recently Active,New Customer,False,Not Eligible,Lumpy,N/A,No repeat send while the logged action is inside its cadence window.,BASELINE,BASELINE,7e57d7281d15
ACC-243,P4,Tail,322,9. Long-Tail Automated Nurture,Automated Nurture,LONG_TAIL_STANDARD,Ready — Automated,Draft Ready,Automation,False,False,PB08_NURTURE,Email / in-app message,Queue automated message (Automated Nurture).,30,Any (repeat) order within 90 days.,"Order placed, unsubscribe, or 2 unanswered dormant messages (pause 6 months).",Rising Tail accounts that cross the Core line re-route automatically.,NO_FEB_GMV (Feb unconfirmed); LOW_CONFIDENCE,Draft ready (not sent),NUR_NEW,"Hi {first_name},

Thanks for ordering with Fleek. As you get started, you can browse available stock in the app whenever suits you, and use Make an Offer if a price doesn't quite work. If you're looking for something specific, reply here and we'll help.

Best,
{sender_name}",,,,,New customer onboarding,Recently Active,New Customer,False,Not Eligible,Lumpy,N/A,No repeat send while the logged action is inside its cadence window.,BASELINE,BASELINE,46698e4c9086
ACC-244,P4,Tail,316,9. Long-Tail Automated Nurture,Automated Nurture,LONG_TAIL_STANDARD,Ready — Automated,Draft Ready,Automation,False,False,PB08_NURTURE,Email / in-app message,Queue automated message (Automated Nurture).,60,Any (repeat) order within 90 days.,"Order placed, unsubscribe, or 2 unanswered dormant messages (pause 6 months).",Rising Tail accounts that cross the Core line re-route automatically.,LOW_CONFIDENCE,Draft ready (not sent),NUR_DORMANT,"Hi {first_name},

Whenever you're planning your next stock buy, you can browse bundles on the Fleek app at any time. If you're looking for something specific, reply to this message and we'll do our best to help you find it. No pressure, just a friendly reminder that we're here.

Best,
{sender_name}",,,,,Dormant,No Meaningful History,Existing Customer,False,Not Eligible,Lumpy,N/A,No repeat send while the logged action is inside its cadence window.,BASELINE,BASELINE,43c32c95f95b
ACC-245,P4,Tail,312,9. Long-Tail Automated Nurture,Automated Nurture,LONG_TAIL_STANDARD,Ready — Automated,Draft Ready,Automation,False,False,PB08_NURTURE,Email / in-app message,Queue automated message (Automated Nurture).,60,Any (repeat) order within 90 days.,"Order placed, unsubscribe, or 2 unanswered dormant messages (pause 6 months).",Rising Tail accounts that cross the Core line re-route automatically.,LOW_CONFIDENCE,Draft ready (not sent),NUR_DORMANT,"Hi {first_name},

Whenever you're planning your next stock buy, you can browse bundles on the Fleek app at any time. If you're looking for something specific, reply to this message and we'll do our best to help you find it. No pressure, just a friendly reminder that we're here.

Best,
{sender_name}",,,,,Dormant,No Meaningful History,Existing Customer,False,Not Eligible,Lumpy,N/A,No repeat send while the logged action is inside its cadence window.,BASELINE,BASELINE,121061ba0610
ACC-246,P4,Tail,308,9. Long-Tail Automated Nurture,Automated Nurture,LONG_TAIL_STANDARD,Ready — Automated,Draft Ready,Automation,False,False,PB08_NURTURE,Email / in-app message,Queue automated message (Automated Nurture).,30,Any (repeat) order within 90 days.,"Order placed, unsubscribe, or 2 unanswered dormant messages (pause 6 months).",Rising Tail accounts that cross the Core line re-route automatically.,FEB_SENSITIVE; LOW_CONFIDENCE,Draft ready (not sent),NUR_NEW,"Hi {first_name},

Thanks for ordering with Fleek. As you get started, you can browse available stock in the app whenever suits you, and use Make an Offer if a price doesn't quite work. If you're looking for something specific, reply here and we'll help.

Best,
{sender_name}",,,,,New customer onboarding,Recently Active,New Customer,False,Not Eligible,Lumpy,N/A,No repeat send while the logged action is inside its cadence window.,BASELINE,BASELINE,50d3f2ca43ec
ACC-247,P4,Tail,304,9. Long-Tail Automated Nurture,Automated Nurture,LONG_TAIL_STANDARD,Ready — Automated,Draft Ready,Automation,False,False,PB08_NURTURE,Email / in-app message,Queue automated message (Automated Nurture).,30,Any (repeat) order within 90 days.,"Order placed, unsubscribe, or 2 unanswered dormant messages (pause 6 months).",Rising Tail accounts that cross the Core line re-route automatically.,NO_FEB_GMV (Feb unconfirmed); LOW_CONFIDENCE,Draft ready (not sent),NUR_NEW,"Hi {first_name},

Thanks for ordering with Fleek. As you get started, you can browse available stock in the app whenever suits you, and use Make an Offer if a price doesn't quite work. If you're looking for something specific, reply here and we'll help.

Best,
{sender_name}",,,,,New customer onboarding,Recently Active,New Customer,False,Not Eligible,Lumpy,N/A,No repeat send while the logged action is inside its cadence window.,BASELINE,BASELINE,c432a6ed9894
ACC-248,P4,Tail,303,9. Long-Tail Automated Nurture,Automated Nurture,LONG_TAIL_STANDARD,Ready — Automated,Draft Ready,Automation,False,False,PB08_NURTURE,Email / in-app message,Queue automated message (Automated Nurture).,60,Any (repeat) order within 90 days.,"Order placed, unsubscribe, or 2 unanswered dormant messages (pause 6 months).",Rising Tail accounts that cross the Core line re-route automatically.,LOW_CONFIDENCE,Draft ready (not sent),NUR_DORMANT,"Hi {first_name},

Whenever you're planning your next stock buy, you can browse handpicked stock on the Fleek app at any time. If you're looking for something specific, reply to this message and we'll do our best to help you find it. No pressure, just a friendly reminder that we're here.

Best,
{sender_name}",,,,,Dormant,No Meaningful History,Existing Customer,False,Not Eligible,Lumpy,N/A,No repeat send while the logged action is inside its cadence window.,BASELINE,BASELINE,3eed98a78375
ACC-249,P4,Tail,298,9. Long-Tail Automated Nurture,Automated Nurture,LONG_TAIL_STANDARD,Ready — Automated,Draft Ready,Automation,False,False,PB08_NURTURE,Email / in-app message,Queue automated message (Automated Nurture).,60,Any (repeat) order within 90 days.,"Order placed, unsubscribe, or 2 unanswered dormant messages (pause 6 months).",Rising Tail accounts that cross the Core line re-route automatically.,LOW_CONFIDENCE,Draft ready (not sent),NUR_DORMANT,"Hi {first_name},

Whenever you're planning your next stock buy, you can browse bundles on the Fleek app at any time. If you're looking for something specific, reply to this message and we'll do our best to help you find it. No pressure, just a friendly reminder that we're here.

Best,
{sender_name}",,,,,Dormant,No Meaningful History,Existing Customer,False,Not Eligible,Lumpy,N/A,No repeat send while the logged action is inside its cadence window.,BASELINE,BASELINE,c8d4829c2cd8
ACC-250,P4,Tail,294,9. Long-Tail Automated Nurture,Automated Nurture,LONG_TAIL_STANDARD,Ready — Automated,Draft Ready,Automation,False,False,PB08_NURTURE,Email / in-app message,Queue automated message (Automated Nurture).,60,Any (repeat) order within 90 days.,"Order placed, unsubscribe, or 2 unanswered dormant messages (pause 6 months).",Rising Tail accounts that cross the Core line re-route automatically.,LOW_CONFIDENCE,Draft ready (not sent),NUR_DORMANT,"Hi {first_name},

Whenever you're planning your next stock buy, you can browse bundles on the Fleek app at any time. If you're looking for something specific, reply to this message and we'll do our best to help you find it. No pressure, just a friendly reminder that we're here.

Best,
{sender_name}",,,,,Dormant,No Meaningful History,Existing Customer,False,Not Eligible,Lumpy,N/A,No repeat send while the logged action is inside its cadence window.,BASELINE,BASELINE,a405b65d81e0
ACC-251,P4,Tail,281,9. Long-Tail Automated Nurture,Automated Nurture,LONG_TAIL_STANDARD,Ready — Automated,Draft Ready,Automation,False,False,PB08_NURTURE,Email / in-app message,Queue automated message (Automated Nurture).,60,Any (repeat) order within 90 days.,"Order placed, unsubscribe, or 2 unanswered dormant messages (pause 6 months).",Rising Tail accounts that cross the Core line re-route automatically.,LOW_CONFIDENCE,Draft ready (not sent),NUR_DORMANT,"Hi {first_name},

Whenever you're planning your next stock buy, you can browse handpicked stock on the Fleek app at any time. If you're looking for something specific, reply to this message and we'll do our best to help you find it. No pressure, just a friendly reminder that we're here.

Best,
{sender_name}",,,,,Dormant,No Meaningful History,Existing Customer,False,Not Eligible,Lumpy,N/A,No repeat send while the logged action is inside its cadence window.,BASELINE,BASELINE,0af2daa28eec
ACC-252,P4,Tail,279,9. Long-Tail Automated Nurture,Automated Nurture,LONG_TAIL_STANDARD,Ready — Automated,Draft Ready,Automation,False,False,PB08_NURTURE,Email / in-app message,Queue automated message (Automated Nurture).,30,Any (repeat) order within 90 days.,"Order placed, unsubscribe, or 2 unanswered dormant messages (pause 6 months).",Rising Tail accounts that cross the Core line re-route automatically.,FEB_SENSITIVE; LOW_CONFIDENCE,Draft ready (not sent),NUR_NEW,"Hi {first_name},

Thanks for ordering with Fleek. As you get started, you can browse available stock in the app whenever suits you, and use Make an Offer if a price doesn't quite work. If you're looking for something specific, reply here and we'll help.

Best,
{sender_name}",,,,,New customer onboarding,Recently Active,New Customer,False,Not Eligible,Lumpy,N/A,No repeat send while the logged action is inside its cadence window.,BASELINE,BASELINE,e03f850245c4
ACC-253,P4,Tail,274,9. Long-Tail Automated Nurture,Automated Nurture,LONG_TAIL_STANDARD,Ready — Automated,Draft Ready,Automation,False,False,PB08_NURTURE,Email / in-app message,Queue automated message (Automated Nurture).,30,Any (repeat) order within 90 days.,"Order placed, unsubscribe, or 2 unanswered dormant messages (pause 6 months).",Rising Tail accounts that cross the Core line re-route automatically.,NO_FEB_GMV (Feb unconfirmed); LOW_CONFIDENCE,Draft ready (not sent),NUR_NEW,"Hi {first_name},

Thanks for ordering with Fleek. As you get started, you can browse available stock in the app whenever suits you, and use Make an Offer if a price doesn't quite work. If you're looking for something specific, reply here and we'll help.

Best,
{sender_name}",,,,,New customer onboarding,Recently Active,New Customer,False,Not Eligible,Lumpy,N/A,No repeat send while the logged action is inside its cadence window.,BASELINE,BASELINE,e0780da40176
ACC-254,P4,Tail,270,9. Long-Tail Automated Nurture,Automated Nurture,LONG_TAIL_STANDARD,Ready — Automated,Draft Ready,Automation,False,False,PB08_NURTURE,Email / in-app message,Queue automated message (Automated Nurture).,60,Any (repeat) order within 90 days.,"Order placed, unsubscribe, or 2 unanswered dormant messages (pause 6 months).",Rising Tail accounts that cross the Core line re-route automatically.,LOW_CONFIDENCE,Draft ready (not sent),NUR_DORMANT,"Hi {first_name},

Whenever you're planning your next stock buy, you can browse bundles on the Fleek app at any time. If you're looking for something specific, reply to this message and we'll do our best to help you find it. No pressure, just a friendly reminder that we're here.

Best,
{sender_name}",,,,,Dormant,No Meaningful History,Existing Customer,False,Not Eligible,Lumpy,N/A,No repeat send while the logged action is inside its cadence window.,BASELINE,BASELINE,f5e0b31443c4
ACC-255,P4,Tail,269,9. Long-Tail Automated Nurture,Automated Nurture,LONG_TAIL_STANDARD,Ready — Automated,Draft Ready,Automation,False,False,PB08_NURTURE,Email / in-app message,Queue automated message (Automated Nurture).,30,Any (repeat) order within 90 days.,"Order placed, unsubscribe, or 2 unanswered dormant messages (pause 6 months).",Rising Tail accounts that cross the Core line re-route automatically.,LOW_CONFIDENCE,Draft ready (not sent),NUR_NEW,"Hi {first_name},

Thanks for ordering with Fleek. As you get started, you can browse available stock in the app whenever suits you, and use Make an Offer if a price doesn't quite work. If you're looking for something specific, reply here and we'll help.

Best,
{sender_name}",,,,,New customer onboarding,No Meaningful History,New Customer,False,Not Eligible,Lumpy,N/A,No repeat send while the logged action is inside its cadence window.,BASELINE,BASELINE,5753b3213ae2
ACC-256,P3,Tail,263,9. Long-Tail Automated Nurture,Discovery-to-Offer Enablement,BROWSING_LOW_OFFERS,Ready — Automated,Draft Ready,Automation,False,False,PB05_DISCOVERY_TO_OFFER,Email / in-app message,Queue automated message (Discovery-to-Offer Enablement).,14,3+ offers within 90 days and ideally an order afterwards (association only - no offer-acceptance data).,"Offers reach 3, or two messages sent, or account becomes inactive/declining.",None (automated). Re-routes automatically if momentum turns Declining/Lapsed.,LOW_CONFIDENCE,Draft ready (not sent),DTO,"Hi {first_name},

If you spot an item you like on Fleek but the price doesn't quite work for you, you can use Make an Offer directly from the product page to propose your own price. It's a simple way to negotiate on stock you're already looking at, and you stay in control of what you pay.

Best,
{sender_name}",,,,,,Recently Active,New Customer,False,Not Eligible,Lumpy,N/A,No re-send while the action is already logged for this NBA; eligible again only after the NBA changes.,BASELINE,BASELINE,a18f3158b1a0
ACC-257,P4,Tail,260,9. Long-Tail Automated Nurture,Automated Nurture,LONG_TAIL_STANDARD,Ready — Automated,Draft Ready,Automation,False,False,PB08_NURTURE,Email / in-app message,Queue automated message (Automated Nurture).,60,Any (repeat) order within 90 days.,"Order placed, unsubscribe, or 2 unanswered dormant messages (pause 6 months).",Rising Tail accounts that cross the Core line re-route automatically.,LOW_CONFIDENCE,Draft ready (not sent),NUR_DORMANT,"Hi {first_name},

Whenever you're planning your next stock buy, you can browse bundles on the Fleek app at any time. If you're looking for something specific, reply to this message and we'll do our best to help you find it. No pressure, just a friendly reminder that we're here.

Best,
{sender_name}",,,,,Dormant,No Meaningful History,Existing Customer,False,Not Eligible,Lumpy,N/A,No repeat send while the logged action is inside its cadence window.,BASELINE,BASELINE,7503815ad16b
ACC-258,P4,Tail,246,9. Long-Tail Automated Nurture,Automated Nurture,LONG_TAIL_STANDARD,Ready — Automated,Draft Ready,Automation,False,False,PB08_NURTURE,Email / in-app message,Queue automated message (Automated Nurture).,60,Any (repeat) order within 90 days.,"Order placed, unsubscribe, or 2 unanswered dormant messages (pause 6 months).",Rising Tail accounts that cross the Core line re-route automatically.,LOW_CONFIDENCE,Draft ready (not sent),NUR_DORMANT,"Hi {first_name},

Whenever you're planning your next stock buy, you can browse bundles on the Fleek app at any time. If you're looking for something specific, reply to this message and we'll do our best to help you find it. No pressure, just a friendly reminder that we're here.

Best,
{sender_name}",,,,,Dormant,No Meaningful History,Existing Customer,False,Not Eligible,Lumpy,N/A,No repeat send while the logged action is inside its cadence window.,BASELINE,BASELINE,fedf5d9d5851
ACC-259,P4,Tail,242,9. Long-Tail Automated Nurture,Automated Nurture,LONG_TAIL_STANDARD,Ready — Automated,Draft Ready,Automation,False,False,PB08_NURTURE,Email / in-app message,Queue automated message (Automated Nurture).,30,Any (repeat) order within 90 days.,"Order placed, unsubscribe, or 2 unanswered dormant messages (pause 6 months).",Rising Tail accounts that cross the Core line re-route automatically.,FEB_SENSITIVE; LOW_CONFIDENCE,Draft ready (not sent),NUR_NEW,"Hi {first_name},

Thanks for ordering with Fleek. As you get started, you can browse available stock in the app whenever suits you, and use Make an Offer if a price doesn't quite work. If you're looking for something specific, reply here and we'll help.

Best,
{sender_name}",,,,,New customer onboarding,Recently Active,New Customer,False,Not Eligible,Lumpy,N/A,No repeat send while the logged action is inside its cadence window.,BASELINE,BASELINE,8e6abd168068
ACC-260,P4,Tail,216,9. Long-Tail Automated Nurture,Automated Nurture,LONG_TAIL_STANDARD,Ready — Automated,Draft Ready,Automation,False,False,PB08_NURTURE,Email / in-app message,Queue automated message (Automated Nurture).,60,Any (repeat) order within 90 days.,"Order placed, unsubscribe, or 2 unanswered dormant messages (pause 6 months).",Rising Tail accounts that cross the Core line re-route automatically.,LOW_CONFIDENCE,Draft ready (not sent),NUR_DORMANT,"Hi {first_name},

Whenever you're planning your next stock buy, you can browse bundles and handpicked stock on the Fleek app at any time. If you're looking for something specific, reply to this message and we'll do our best to help you find it. No pressure, just a friendly reminder that we're here.

Best,
{sender_name}",,,,,Dormant,No Meaningful History,Existing Customer,False,Not Eligible,Lumpy,N/A,No repeat send while the logged action is inside its cadence window.,BASELINE,BASELINE,c6285f384356
ACC-261,P4,Tail,216,9. Long-Tail Automated Nurture,Automated Nurture,LONG_TAIL_STANDARD,Ready — Automated,Draft Ready,Automation,False,False,PB08_NURTURE,Email / in-app message,Queue automated message (Automated Nurture).,60,Any (repeat) order within 90 days.,"Order placed, unsubscribe, or 2 unanswered dormant messages (pause 6 months).",Rising Tail accounts that cross the Core line re-route automatically.,LOW_CONFIDENCE,Draft ready (not sent),NUR_DORMANT,"Hi {first_name},

Whenever you're planning your next stock buy, you can browse bundles on the Fleek app at any time. If you're looking for something specific, reply to this message and we'll do our best to help you find it. No pressure, just a friendly reminder that we're here.

Best,
{sender_name}",,,,,Dormant,No Meaningful History,Existing Customer,False,Not Eligible,Lumpy,N/A,No repeat send while the logged action is inside its cadence window.,BASELINE,BASELINE,1d8c8054350c
ACC-262,P4,Tail,212,9. Long-Tail Automated Nurture,Automated Nurture,LONG_TAIL_STANDARD,Ready — Automated,Draft Ready,Automation,False,False,PB08_NURTURE,Email / in-app message,Queue automated message (Automated Nurture).,30,Any (repeat) order within 90 days.,"Order placed, unsubscribe, or 2 unanswered dormant messages (pause 6 months).",Rising Tail accounts that cross the Core line re-route automatically.,NO_FEB_GMV (Feb unconfirmed); LOW_CONFIDENCE,Draft ready (not sent),NUR_NEW,"Hi {first_name},

Thanks for ordering with Fleek. As you get started, you can browse available stock in the app whenever suits you, and use Make an Offer if a price doesn't quite work. If you're looking for something specific, reply here and we'll help.

Best,
{sender_name}",,,,,New customer onboarding,Recently Active,New Customer,False,Not Eligible,Lumpy,N/A,No repeat send while the logged action is inside its cadence window.,BASELINE,BASELINE,0c0eb5c98b7c
ACC-263,P4,Tail,211,9. Long-Tail Automated Nurture,Automated Nurture,LONG_TAIL_STANDARD,Ready — Automated,Draft Ready,Automation,False,False,PB08_NURTURE,Email / in-app message,Queue automated message (Automated Nurture).,30,Any (repeat) order within 90 days.,"Order placed, unsubscribe, or 2 unanswered dormant messages (pause 6 months).",Rising Tail accounts that cross the Core line re-route automatically.,FEB_SENSITIVE; LOW_CONFIDENCE,Draft ready (not sent),NUR_NEW,"Hi {first_name},

Thanks for ordering with Fleek. As you get started, you can browse available stock in the app whenever suits you, and use Make an Offer if a price doesn't quite work. If you're looking for something specific, reply here and we'll help.

Best,
{sender_name}",,,,,New customer onboarding,Recently Active,New Customer,False,Not Eligible,Lumpy,N/A,No repeat send while the logged action is inside its cadence window.,BASELINE,BASELINE,3d2fe57828d3
ACC-264,P4,Tail,209,9. Long-Tail Automated Nurture,Automated Nurture,LONG_TAIL_STANDARD,Ready — Automated,Draft Ready,Automation,False,False,PB08_NURTURE,Email / in-app message,Queue automated message (Automated Nurture).,30,Any (repeat) order within 90 days.,"Order placed, unsubscribe, or 2 unanswered dormant messages (pause 6 months).",Rising Tail accounts that cross the Core line re-route automatically.,NO_FEB_GMV (Feb unconfirmed); LOW_CONFIDENCE,Draft ready (not sent),NUR_NEW,"Hi {first_name},

Thanks for ordering with Fleek. As you get started, you can browse available stock in the app whenever suits you, and use Make an Offer if a price doesn't quite work. If you're looking for something specific, reply here and we'll help.

Best,
{sender_name}",,,,,New customer onboarding,Recently Active,New Customer,False,Not Eligible,Lumpy,N/A,No repeat send while the logged action is inside its cadence window.,BASELINE,BASELINE,2f6ee405dab0
ACC-265,P4,Tail,196,9. Long-Tail Automated Nurture,Automated Nurture,LONG_TAIL_STANDARD,Ready — Automated,Draft Ready,Automation,False,False,PB08_NURTURE,Email / in-app message,Queue automated message (Automated Nurture).,30,Any (repeat) order within 90 days.,"Order placed, unsubscribe, or 2 unanswered dormant messages (pause 6 months).",Rising Tail accounts that cross the Core line re-route automatically.,NO_FEB_GMV (Feb unconfirmed); LOW_CONFIDENCE,Draft ready (not sent),NUR_NEW,"Hi {first_name},

Thanks for ordering with Fleek. As you get started, you can browse available stock in the app whenever suits you, and use Make an Offer if a price doesn't quite work. If you're looking for something specific, reply here and we'll help.

Best,
{sender_name}",,,,,New customer onboarding,Recently Active,New Customer,False,Not Eligible,Lumpy,N/A,No repeat send while the logged action is inside its cadence window.,BASELINE,BASELINE,4daa0f149895
ACC-266,P4,Tail,188,9. Long-Tail Automated Nurture,Automated Nurture,LONG_TAIL_STANDARD,Ready — Automated,Draft Ready,Automation,False,False,PB08_NURTURE,Email / in-app message,Queue automated message (Automated Nurture).,60,Any (repeat) order within 90 days.,"Order placed, unsubscribe, or 2 unanswered dormant messages (pause 6 months).",Rising Tail accounts that cross the Core line re-route automatically.,LOW_CONFIDENCE,Draft ready (not sent),NUR_DORMANT,"Hi {first_name},

Whenever you're planning your next stock buy, you can browse bundles on the Fleek app at any time. If you're looking for something specific, reply to this message and we'll do our best to help you find it. No pressure, just a friendly reminder that we're here.

Best,
{sender_name}",,,,,Dormant,No Meaningful History,Existing Customer,False,Not Eligible,Lumpy,N/A,No repeat send while the logged action is inside its cadence window.,BASELINE,BASELINE,6ff88212f5a0
ACC-267,P4,Tail,186,9. Long-Tail Automated Nurture,Automated Nurture,LONG_TAIL_STANDARD,Ready — Automated,Draft Ready,Automation,False,False,PB08_NURTURE,Email / in-app message,Queue automated message (Automated Nurture).,60,Any (repeat) order within 90 days.,"Order placed, unsubscribe, or 2 unanswered dormant messages (pause 6 months).",Rising Tail accounts that cross the Core line re-route automatically.,LOW_CONFIDENCE,Draft ready (not sent),NUR_DORMANT,"Hi {first_name},

Whenever you're planning your next stock buy, you can browse bundles on the Fleek app at any time. If you're looking for something specific, reply to this message and we'll do our best to help you find it. No pressure, just a friendly reminder that we're here.

Best,
{sender_name}",,,,,Dormant,No Meaningful History,Existing Customer,False,Not Eligible,Lumpy,N/A,No repeat send while the logged action is inside its cadence window.,BASELINE,BASELINE,d08d70ae4476
ACC-268,P4,Tail,182,9. Long-Tail Automated Nurture,Automated Nurture,LONG_TAIL_STANDARD,Ready — Automated,Draft Ready,Automation,False,False,PB08_NURTURE,Email / in-app message,Queue automated message (Automated Nurture).,30,Any (repeat) order within 90 days.,"Order placed, unsubscribe, or 2 unanswered dormant messages (pause 6 months).",Rising Tail accounts that cross the Core line re-route automatically.,NO_FEB_GMV (Feb unconfirmed); LOW_CONFIDENCE,Draft ready (not sent),NUR_NEW,"Hi {first_name},

Thanks for ordering with Fleek. As you get started, you can browse available stock in the app whenever suits you, and use Make an Offer if a price doesn't quite work. If you're looking for something specific, reply here and we'll help.

Best,
{sender_name}",,,,,New customer onboarding,Recently Active,New Customer,False,Not Eligible,Lumpy,N/A,No repeat send while the logged action is inside its cadence window.,BASELINE,BASELINE,8c88facd38b2
ACC-269,P4,Tail,181,9. Long-Tail Automated Nurture,Automated Nurture,LONG_TAIL_STANDARD,Ready — Automated,Draft Ready,Automation,False,False,PB08_NURTURE,Email / in-app message,Queue automated message (Automated Nurture).,30,Any (repeat) order within 90 days.,"Order placed, unsubscribe, or 2 unanswered dormant messages (pause 6 months).",Rising Tail accounts that cross the Core line re-route automatically.,NO_FEB_GMV (Feb unconfirmed); LOW_CONFIDENCE,Draft ready (not sent),NUR_NEW,"Hi {first_name},

Thanks for ordering with Fleek. As you get started, you can browse available stock in the app whenever suits you, and use Make an Offer if a price doesn't quite work. If you're looking for something specific, reply here and we'll help.

Best,
{sender_name}",,,,,New customer onboarding,Recently Active,New Customer,False,Not Eligible,Lumpy,N/A,No repeat send while the logged action is inside its cadence window.,BASELINE,BASELINE,97539148fc1c
ACC-270,P4,Tail,180,9. Long-Tail Automated Nurture,Automated Nurture,LONG_TAIL_STANDARD,Ready — Automated,Draft Ready,Automation,False,False,PB08_NURTURE,Email / in-app message,Queue automated message (Automated Nurture).,60,Any (repeat) order within 90 days.,"Order placed, unsubscribe, or 2 unanswered dormant messages (pause 6 months).",Rising Tail accounts that cross the Core line re-route automatically.,LOW_CONFIDENCE,Draft ready (not sent),NUR_DORMANT,"Hi {first_name},

Whenever you're planning your next stock buy, you can browse bundles on the Fleek app at any time. If you're looking for something specific, reply to this message and we'll do our best to help you find it. No pressure, just a friendly reminder that we're here.

Best,
{sender_name}",,,,,Dormant,No Meaningful History,Existing Customer,False,Not Eligible,Lumpy,N/A,No repeat send while the logged action is inside its cadence window.,BASELINE,BASELINE,0a43e8b9b526
ACC-271,P4,Tail,173,9. Long-Tail Automated Nurture,Automated Nurture,LONG_TAIL_STANDARD,Ready — Automated,Draft Ready,Automation,False,False,PB08_NURTURE,Email / in-app message,Queue automated message (Automated Nurture).,60,Any (repeat) order within 90 days.,"Order placed, unsubscribe, or 2 unanswered dormant messages (pause 6 months).",Rising Tail accounts that cross the Core line re-route automatically.,LOW_CONFIDENCE,Draft ready (not sent),NUR_DORMANT,"Hi {first_name},

Whenever you're planning your next stock buy, you can browse bundles on the Fleek app at any time. If you're looking for something specific, reply to this message and we'll do our best to help you find it. No pressure, just a friendly reminder that we're here.

Best,
{sender_name}",,,,,Dormant,No Meaningful History,Existing Customer,False,Not Eligible,Lumpy,N/A,No repeat send while the logged action is inside its cadence window.,BASELINE,BASELINE,8c6cc87d80c7
ACC-272,P4,Tail,170,9. Long-Tail Automated Nurture,Automated Nurture,LONG_TAIL_STANDARD,Ready — Automated,Draft Ready,Automation,False,False,PB08_NURTURE,Email / in-app message,Queue automated message (Automated Nurture).,30,Any (repeat) order within 90 days.,"Order placed, unsubscribe, or 2 unanswered dormant messages (pause 6 months).",Rising Tail accounts that cross the Core line re-route automatically.,LOW_CONFIDENCE,Draft ready (not sent),NUR_NEW,"Hi {first_name},

Thanks for ordering with Fleek. As you get started, you can browse available stock in the app whenever suits you, and use Make an Offer if a price doesn't quite work. If you're looking for something specific, reply here and we'll help.

Best,
{sender_name}",,,,,New customer onboarding,No Meaningful History,New Customer,False,Not Eligible,Lumpy,N/A,No repeat send while the logged action is inside its cadence window.,BASELINE,BASELINE,72b6c23e8f65
ACC-273,P4,Tail,154,9. Long-Tail Automated Nurture,Automated Nurture,LONG_TAIL_STANDARD,Ready — Automated,Draft Ready,Automation,False,False,PB08_NURTURE,Email / in-app message,Queue automated message (Automated Nurture).,30,Any (repeat) order within 90 days.,"Order placed, unsubscribe, or 2 unanswered dormant messages (pause 6 months).",Rising Tail accounts that cross the Core line re-route automatically.,NO_FEB_GMV (Feb unconfirmed); LOW_CONFIDENCE,Draft ready (not sent),NUR_NEW,"Hi {first_name},

Thanks for ordering with Fleek. As you get started, you can browse available stock in the app whenever suits you, and use Make an Offer if a price doesn't quite work. If you're looking for something specific, reply here and we'll help.

Best,
{sender_name}",,,,,New customer onboarding,Recently Active,New Customer,False,Not Eligible,Lumpy,N/A,No repeat send while the logged action is inside its cadence window.,BASELINE,BASELINE,b83e15e68e61
ACC-274,P4,Tail,147,9. Long-Tail Automated Nurture,Automated Nurture,LONG_TAIL_STANDARD,Ready — Automated,Draft Ready,Automation,False,False,PB08_NURTURE,Email / in-app message,Queue automated message (Automated Nurture).,30,Any (repeat) order within 90 days.,"Order placed, unsubscribe, or 2 unanswered dormant messages (pause 6 months).",Rising Tail accounts that cross the Core line re-route automatically.,NO_FEB_GMV (Feb unconfirmed); LOW_CONFIDENCE,Draft ready (not sent),NUR_NEW,"Hi {first_name},

Thanks for ordering with Fleek. As you get started, you can browse available stock in the app whenever suits you, and use Make an Offer if a price doesn't quite work. If you're looking for something specific, reply here and we'll help.

Best,
{sender_name}",,,,,New customer onboarding,Recently Active,New Customer,False,Not Eligible,Lumpy,N/A,No repeat send while the logged action is inside its cadence window.,BASELINE,BASELINE,de7f3136de62
ACC-275,P4,Tail,143,9. Long-Tail Automated Nurture,Automated Nurture,LONG_TAIL_STANDARD,Ready — Automated,Draft Ready,Automation,False,False,PB08_NURTURE,Email / in-app message,Queue automated message (Automated Nurture).,30,Any (repeat) order within 90 days.,"Order placed, unsubscribe, or 2 unanswered dormant messages (pause 6 months).",Rising Tail accounts that cross the Core line re-route automatically.,FEB_SENSITIVE; LOW_CONFIDENCE,Draft ready (not sent),NUR_NEW,"Hi {first_name},

Thanks for ordering with Fleek. As you get started, you can browse available stock in the app whenever suits you, and use Make an Offer if a price doesn't quite work. If you're looking for something specific, reply here and we'll help.

Best,
{sender_name}",,,,,New customer onboarding,Recently Active,New Customer,False,Not Eligible,Lumpy,N/A,No repeat send while the logged action is inside its cadence window.,BASELINE,BASELINE,2975b85d4de0
ACC-276,P4,Tail,142,9. Long-Tail Automated Nurture,Automated Nurture,LONG_TAIL_STANDARD,Ready — Automated,Draft Ready,Automation,False,False,PB08_NURTURE,Email / in-app message,Queue automated message (Automated Nurture).,30,Any (repeat) order within 90 days.,"Order placed, unsubscribe, or 2 unanswered dormant messages (pause 6 months).",Rising Tail accounts that cross the Core line re-route automatically.,NO_FEB_GMV (Feb unconfirmed); LOW_CONFIDENCE,Draft ready (not sent),NUR_NEW,"Hi {first_name},

Thanks for ordering with Fleek. As you get started, you can browse available stock in the app whenever suits you, and use Make an Offer if a price doesn't quite work. If you're looking for something specific, reply here and we'll help.

Best,
{sender_name}",,,,,New customer onboarding,Recently Active,New Customer,False,Not Eligible,Lumpy,N/A,No repeat send while the logged action is inside its cadence window.,BASELINE,BASELINE,bad0550cc134
ACC-277,P4,Tail,140,9. Long-Tail Automated Nurture,Automated Nurture,LONG_TAIL_STANDARD,Ready — Automated,Draft Ready,Automation,False,False,PB08_NURTURE,Email / in-app message,Queue automated message (Automated Nurture).,30,Any (repeat) order within 90 days.,"Order placed, unsubscribe, or 2 unanswered dormant messages (pause 6 months).",Rising Tail accounts that cross the Core line re-route automatically.,FEB_SENSITIVE; LOW_CONFIDENCE,Draft ready (not sent),NUR_NEW,"Hi {first_name},

Thanks for ordering with Fleek. As you get started, you can browse available stock in the app whenever suits you, and use Make an Offer if a price doesn't quite work. If you're looking for something specific, reply here and we'll help.

Best,
{sender_name}",,,,,New customer onboarding,Recently Active,New Customer,False,Not Eligible,Lumpy,N/A,No repeat send while the logged action is inside its cadence window.,BASELINE,BASELINE,f0be33fe782d
ACC-278,P4,Tail,138,9. Long-Tail Automated Nurture,Automated Nurture,LONG_TAIL_STANDARD,Ready — Automated,Draft Ready,Automation,False,False,PB08_NURTURE,Email / in-app message,Queue automated message (Automated Nurture).,60,Any (repeat) order within 90 days.,"Order placed, unsubscribe, or 2 unanswered dormant messages (pause 6 months).",Rising Tail accounts that cross the Core line re-route automatically.,LOW_CONFIDENCE,Draft ready (not sent),NUR_DORMANT,"Hi {first_name},

Whenever you're planning your next stock buy, you can browse bundles on the Fleek app at any time. If you're looking for something specific, reply to this message and we'll do our best to help you find it. No pressure, just a friendly reminder that we're here.

Best,
{sender_name}",,,,,Dormant,No Meaningful History,Existing Customer,False,Not Eligible,Lumpy,N/A,No repeat send while the logged action is inside its cadence window.,BASELINE,BASELINE,20b43632104f
ACC-279,P4,Tail,131,9. Long-Tail Automated Nurture,Automated Nurture,LONG_TAIL_STANDARD,Ready — Automated,Draft Ready,Automation,False,False,PB08_NURTURE,Email / in-app message,Queue automated message (Automated Nurture).,30,Any (repeat) order within 90 days.,"Order placed, unsubscribe, or 2 unanswered dormant messages (pause 6 months).",Rising Tail accounts that cross the Core line re-route automatically.,LOW_CONFIDENCE,Draft ready (not sent),NUR_NEW,"Hi {first_name},

Thanks for ordering with Fleek. As you get started, you can browse available stock in the app whenever suits you, and use Make an Offer if a price doesn't quite work. If you're looking for something specific, reply here and we'll help.

Best,
{sender_name}",,,,,New customer onboarding,No Meaningful History,New Customer,False,Not Eligible,Lumpy,N/A,No repeat send while the logged action is inside its cadence window.,BASELINE,BASELINE,dbc1e7c4b206
ACC-280,P4,Tail,123,9. Long-Tail Automated Nurture,Automated Nurture,LONG_TAIL_STANDARD,Ready — Automated,Draft Ready,Automation,False,False,PB08_NURTURE,Email / in-app message,Queue automated message (Automated Nurture).,30,Any (repeat) order within 90 days.,"Order placed, unsubscribe, or 2 unanswered dormant messages (pause 6 months).",Rising Tail accounts that cross the Core line re-route automatically.,NO_FEB_GMV (Feb unconfirmed); LOW_CONFIDENCE,Draft ready (not sent),NUR_NEW,"Hi {first_name},

Thanks for ordering with Fleek. As you get started, you can browse available stock in the app whenever suits you, and use Make an Offer if a price doesn't quite work. If you're looking for something specific, reply here and we'll help.

Best,
{sender_name}",,,,,New customer onboarding,Recently Active,New Customer,False,Not Eligible,Lumpy,N/A,No repeat send while the logged action is inside its cadence window.,BASELINE,BASELINE,f0434e268b14
ACC-281,P4,Tail,119,9. Long-Tail Automated Nurture,Automated Nurture,LONG_TAIL_STANDARD,Ready — Automated,Draft Ready,Automation,False,False,PB08_NURTURE,Email / in-app message,Queue automated message (Automated Nurture).,60,Any (repeat) order within 90 days.,"Order placed, unsubscribe, or 2 unanswered dormant messages (pause 6 months).",Rising Tail accounts that cross the Core line re-route automatically.,LOW_CONFIDENCE,Draft ready (not sent),NUR_DORMANT,"Hi {first_name},

Whenever you're planning your next stock buy, you can browse bundles on the Fleek app at any time. If you're looking for something specific, reply to this message and we'll do our best to help you find it. No pressure, just a friendly reminder that we're here.

Best,
{sender_name}",,,,,Dormant,No Meaningful History,Existing Customer,False,Not Eligible,Lumpy,N/A,No repeat send while the logged action is inside its cadence window.,BASELINE,BASELINE,6b4ed2d1c17a
ACC-282,P4,Tail,118,9. Long-Tail Automated Nurture,Automated Nurture,LONG_TAIL_STANDARD,Ready — Automated,Draft Ready,Automation,False,False,PB08_NURTURE,Email / in-app message,Queue automated message (Automated Nurture).,30,Any (repeat) order within 90 days.,"Order placed, unsubscribe, or 2 unanswered dormant messages (pause 6 months).",Rising Tail accounts that cross the Core line re-route automatically.,NO_FEB_GMV (Feb unconfirmed); LOW_CONFIDENCE,Draft ready (not sent),NUR_NEW,"Hi {first_name},

Thanks for ordering with Fleek. As you get started, you can browse available stock in the app whenever suits you, and use Make an Offer if a price doesn't quite work. If you're looking for something specific, reply here and we'll help.

Best,
{sender_name}",,,,,New customer onboarding,Recently Active,New Customer,False,Not Eligible,Lumpy,N/A,No repeat send while the logged action is inside its cadence window.,BASELINE,BASELINE,4dc075fceb04
ACC-283,P4,Tail,112,9. Long-Tail Automated Nurture,Automated Nurture,LONG_TAIL_STANDARD,Ready — Automated,Draft Ready,Automation,False,False,PB08_NURTURE,Email / in-app message,Queue automated message (Automated Nurture).,60,Any (repeat) order within 90 days.,"Order placed, unsubscribe, or 2 unanswered dormant messages (pause 6 months).",Rising Tail accounts that cross the Core line re-route automatically.,LOW_CONFIDENCE,Draft ready (not sent),NUR_DORMANT,"Hi {first_name},

Whenever you're planning your next stock buy, you can browse bundles on the Fleek app at any time. If you're looking for something specific, reply to this message and we'll do our best to help you find it. No pressure, just a friendly reminder that we're here.

Best,
{sender_name}",,,,,Dormant,No Meaningful History,Existing Customer,False,Not Eligible,Lumpy,N/A,No repeat send while the logged action is inside its cadence window.,BASELINE,BASELINE,3cf26b6622ae
ACC-284,P4,Tail,104,9. Long-Tail Automated Nurture,Automated Nurture,LONG_TAIL_STANDARD,Ready — Automated,Draft Ready,Automation,False,False,PB08_NURTURE,Email / in-app message,Queue automated message (Automated Nurture).,30,Any (repeat) order within 90 days.,"Order placed, unsubscribe, or 2 unanswered dormant messages (pause 6 months).",Rising Tail accounts that cross the Core line re-route automatically.,FEB_SENSITIVE; LOW_CONFIDENCE,Draft ready (not sent),NUR_NEW,"Hi {first_name},

Thanks for ordering with Fleek. As you get started, you can browse available stock in the app whenever suits you, and use Make an Offer if a price doesn't quite work. If you're looking for something specific, reply here and we'll help.

Best,
{sender_name}",,,,,New customer onboarding,Recently Active,New Customer,False,Not Eligible,Lumpy,N/A,No repeat send while the logged action is inside its cadence window.,BASELINE,BASELINE,53c54b0e772a
ACC-285,P4,Tail,98,9. Long-Tail Automated Nurture,Automated Nurture,LONG_TAIL_STANDARD,Ready — Automated,Draft Ready,Automation,False,False,PB08_NURTURE,Email / in-app message,Queue automated message (Automated Nurture).,30,Any (repeat) order within 90 days.,"Order placed, unsubscribe, or 2 unanswered dormant messages (pause 6 months).",Rising Tail accounts that cross the Core line re-route automatically.,FEB_SENSITIVE; LOW_CONFIDENCE,Draft ready (not sent),NUR_NEW,"Hi {first_name},

Thanks for ordering with Fleek. As you get started, you can browse available stock in the app whenever suits you, and use Make an Offer if a price doesn't quite work. If you're looking for something specific, reply here and we'll help.

Best,
{sender_name}",,,,,New customer onboarding,Recently Active,New Customer,False,Not Eligible,Lumpy,N/A,No repeat send while the logged action is inside its cadence window.,BASELINE,BASELINE,a73d380e0674
ACC-286,P4,Tail,96,9. Long-Tail Automated Nurture,Automated Nurture,LONG_TAIL_STANDARD,Ready — Automated,Draft Ready,Automation,False,False,PB08_NURTURE,Email / in-app message,Queue automated message (Automated Nurture).,60,Any (repeat) order within 90 days.,"Order placed, unsubscribe, or 2 unanswered dormant messages (pause 6 months).",Rising Tail accounts that cross the Core line re-route automatically.,LOW_CONFIDENCE,Draft ready (not sent),NUR_DORMANT,"Hi {first_name},

Whenever you're planning your next stock buy, you can browse bundles on the Fleek app at any time. If you're looking for something specific, reply to this message and we'll do our best to help you find it. No pressure, just a friendly reminder that we're here.

Best,
{sender_name}",,,,,Dormant,No Meaningful History,Existing Customer,False,Not Eligible,Lumpy,N/A,No repeat send while the logged action is inside its cadence window.,BASELINE,BASELINE,9c7445698aea
ACC-287,P4,Tail,94,9. Long-Tail Automated Nurture,Automated Nurture,LONG_TAIL_STANDARD,Ready — Automated,Draft Ready,Automation,False,False,PB08_NURTURE,Email / in-app message,Queue automated message (Automated Nurture).,30,Any (repeat) order within 90 days.,"Order placed, unsubscribe, or 2 unanswered dormant messages (pause 6 months).",Rising Tail accounts that cross the Core line re-route automatically.,LOW_CONFIDENCE,Draft ready (not sent),NUR_NEW,"Hi {first_name},

Thanks for ordering with Fleek. As you get started, you can browse available stock in the app whenever suits you, and use Make an Offer if a price doesn't quite work. If you're looking for something specific, reply here and we'll help.

Best,
{sender_name}",,,,,New customer onboarding,No Meaningful History,New Customer,False,Not Eligible,Lumpy,N/A,No repeat send while the logged action is inside its cadence window.,BASELINE,BASELINE,b76893060cb5
ACC-288,P4,Tail,88,9. Long-Tail Automated Nurture,Automated Nurture,LONG_TAIL_STANDARD,Ready — Automated,Draft Ready,Automation,False,False,PB08_NURTURE,Email / in-app message,Queue automated message (Automated Nurture).,60,Any (repeat) order within 90 days.,"Order placed, unsubscribe, or 2 unanswered dormant messages (pause 6 months).",Rising Tail accounts that cross the Core line re-route automatically.,LOW_CONFIDENCE,Draft ready (not sent),NUR_DORMANT,"Hi {first_name},

Whenever you're planning your next stock buy, you can browse bundles on the Fleek app at any time. If you're looking for something specific, reply to this message and we'll do our best to help you find it. No pressure, just a friendly reminder that we're here.

Best,
{sender_name}",,,,,Dormant,No Meaningful History,Existing Customer,False,Not Eligible,Lumpy,N/A,No repeat send while the logged action is inside its cadence window.,BASELINE,BASELINE,27ce6185e812
ACC-289,P4,Tail,87,9. Long-Tail Automated Nurture,Automated Nurture,LONG_TAIL_STANDARD,Ready — Automated,Draft Ready,Automation,False,False,PB08_NURTURE,Email / in-app message,Queue automated message (Automated Nurture).,30,Any (repeat) order within 90 days.,"Order placed, unsubscribe, or 2 unanswered dormant messages (pause 6 months).",Rising Tail accounts that cross the Core line re-route automatically.,FEB_SENSITIVE; LOW_CONFIDENCE,Draft ready (not sent),NUR_NEW,"Hi {first_name},

Thanks for ordering with Fleek. As you get started, you can browse available stock in the app whenever suits you, and use Make an Offer if a price doesn't quite work. If you're looking for something specific, reply here and we'll help.

Best,
{sender_name}",,,,,New customer onboarding,Recently Active,New Customer,False,Not Eligible,Lumpy,N/A,No repeat send while the logged action is inside its cadence window.,BASELINE,BASELINE,27bf7e51bb66
ACC-290,P4,Tail,86,9. Long-Tail Automated Nurture,Automated Nurture,LONG_TAIL_STANDARD,Ready — Automated,Draft Ready,Automation,False,False,PB08_NURTURE,Email / in-app message,Queue automated message (Automated Nurture).,30,Any (repeat) order within 90 days.,"Order placed, unsubscribe, or 2 unanswered dormant messages (pause 6 months).",Rising Tail accounts that cross the Core line re-route automatically.,NO_FEB_GMV (Feb unconfirmed); LOW_CONFIDENCE,Draft ready (not sent),NUR_NEW,"Hi {first_name},

Thanks for ordering with Fleek. As you get started, you can browse available stock in the app whenever suits you, and use Make an Offer if a price doesn't quite work. If you're looking for something specific, reply here and we'll help.

Best,
{sender_name}",,,,,New customer onboarding,Recently Active,New Customer,False,Not Eligible,Lumpy,N/A,No repeat send while the logged action is inside its cadence window.,BASELINE,BASELINE,e660fd25a3e6
ACC-291,P4,Tail,84,9. Long-Tail Automated Nurture,Automated Nurture,LONG_TAIL_STANDARD,Ready — Automated,Draft Ready,Automation,False,False,PB08_NURTURE,Email / in-app message,Queue automated message (Automated Nurture).,30,Any (repeat) order within 90 days.,"Order placed, unsubscribe, or 2 unanswered dormant messages (pause 6 months).",Rising Tail accounts that cross the Core line re-route automatically.,NO_FEB_GMV (Feb unconfirmed); LOW_CONFIDENCE,Draft ready (not sent),NUR_NEW,"Hi {first_name},

Thanks for ordering with Fleek. As you get started, you can browse available stock in the app whenever suits you, and use Make an Offer if a price doesn't quite work. If you're looking for something specific, reply here and we'll help.

Best,
{sender_name}",,,,,New customer onboarding,Recently Active,New Customer,False,Not Eligible,Lumpy,N/A,No repeat send while the logged action is inside its cadence window.,BASELINE,BASELINE,e5d70530d239
ACC-292,P4,Tail,84,9. Long-Tail Automated Nurture,Automated Nurture,LONG_TAIL_STANDARD,Ready — Automated,Draft Ready,Automation,False,False,PB08_NURTURE,Email / in-app message,Queue automated message (Automated Nurture).,60,Any (repeat) order within 90 days.,"Order placed, unsubscribe, or 2 unanswered dormant messages (pause 6 months).",Rising Tail accounts that cross the Core line re-route automatically.,LOW_CONFIDENCE,Draft ready (not sent),NUR_DORMANT,"Hi {first_name},

Whenever you're planning your next stock buy, you can browse bundles on the Fleek app at any time. If you're looking for something specific, reply to this message and we'll do our best to help you find it. No pressure, just a friendly reminder that we're here.

Best,
{sender_name}",,,,,Dormant,No Meaningful History,Existing Customer,False,Not Eligible,Lumpy,N/A,No repeat send while the logged action is inside its cadence window.,BASELINE,BASELINE,54c4d054a411
ACC-293,P4,Tail,82,9. Long-Tail Automated Nurture,Automated Nurture,LONG_TAIL_STANDARD,Ready — Automated,Draft Ready,Automation,False,False,PB08_NURTURE,Email / in-app message,Queue automated message (Automated Nurture).,30,Any (repeat) order within 90 days.,"Order placed, unsubscribe, or 2 unanswered dormant messages (pause 6 months).",Rising Tail accounts that cross the Core line re-route automatically.,FEB_SENSITIVE; LOW_CONFIDENCE,Draft ready (not sent),NUR_NEW,"Hi {first_name},

Thanks for ordering with Fleek. As you get started, you can browse available stock in the app whenever suits you, and use Make an Offer if a price doesn't quite work. If you're looking for something specific, reply here and we'll help.

Best,
{sender_name}",,,,,New customer onboarding,Recently Active,New Customer,False,Not Eligible,Lumpy,N/A,No repeat send while the logged action is inside its cadence window.,BASELINE,BASELINE,97dd1559bb91
ACC-294,P4,Tail,78,9. Long-Tail Automated Nurture,Automated Nurture,LONG_TAIL_STANDARD,Ready — Automated,Draft Ready,Automation,False,False,PB08_NURTURE,Email / in-app message,Queue automated message (Automated Nurture).,60,Any (repeat) order within 90 days.,"Order placed, unsubscribe, or 2 unanswered dormant messages (pause 6 months).",Rising Tail accounts that cross the Core line re-route automatically.,LOW_CONFIDENCE,Draft ready (not sent),NUR_DORMANT,"Hi {first_name},

Whenever you're planning your next stock buy, you can browse bundles on the Fleek app at any time. If you're looking for something specific, reply to this message and we'll do our best to help you find it. No pressure, just a friendly reminder that we're here.

Best,
{sender_name}",,,,,Dormant,No Meaningful History,Existing Customer,False,Not Eligible,Lumpy,N/A,No repeat send while the logged action is inside its cadence window.,BASELINE,BASELINE,9a44e9ce58e2
ACC-295,P4,Tail,75,9. Long-Tail Automated Nurture,Automated Nurture,LONG_TAIL_STANDARD,Ready — Automated,Draft Ready,Automation,False,False,PB08_NURTURE,Email / in-app message,Queue automated message (Automated Nurture).,60,Any (repeat) order within 90 days.,"Order placed, unsubscribe, or 2 unanswered dormant messages (pause 6 months).",Rising Tail accounts that cross the Core line re-route automatically.,LOW_CONFIDENCE,Draft ready (not sent),NUR_DORMANT,"Hi {first_name},

Whenever you're planning your next stock buy, you can browse bundles on the Fleek app at any time. If you're looking for something specific, reply to this message and we'll do our best to help you find it. No pressure, just a friendly reminder that we're here.

Best,
{sender_name}",,,,,Dormant,No Meaningful History,Existing Customer,False,Not Eligible,Lumpy,N/A,No repeat send while the logged action is inside its cadence window.,BASELINE,BASELINE,89e21a5eefbe
ACC-296,P4,Tail,67,9. Long-Tail Automated Nurture,Automated Nurture,LONG_TAIL_STANDARD,Ready — Automated,Draft Ready,Automation,False,False,PB08_NURTURE,Email / in-app message,Queue automated message (Automated Nurture).,30,Any (repeat) order within 90 days.,"Order placed, unsubscribe, or 2 unanswered dormant messages (pause 6 months).",Rising Tail accounts that cross the Core line re-route automatically.,FEB_SENSITIVE; LOW_CONFIDENCE,Draft ready (not sent),NUR_NEW,"Hi {first_name},

Thanks for ordering with Fleek. As you get started, you can browse available stock in the app whenever suits you, and use Make an Offer if a price doesn't quite work. If you're looking for something specific, reply here and we'll help.

Best,
{sender_name}",,,,,New customer onboarding,Recently Active,New Customer,False,Not Eligible,Lumpy,N/A,No repeat send while the logged action is inside its cadence window.,BASELINE,BASELINE,68e45acd40e2
ACC-297,P4,Tail,61,9. Long-Tail Automated Nurture,Automated Nurture,LONG_TAIL_STANDARD,Ready — Automated,Draft Ready,Automation,False,False,PB08_NURTURE,Email / in-app message,Queue automated message (Automated Nurture).,60,Any (repeat) order within 90 days.,"Order placed, unsubscribe, or 2 unanswered dormant messages (pause 6 months).",Rising Tail accounts that cross the Core line re-route automatically.,LOW_CONFIDENCE,Draft ready (not sent),NUR_DORMANT,"Hi {first_name},

Whenever you're planning your next stock buy, you can browse bundles on the Fleek app at any time. If you're looking for something specific, reply to this message and we'll do our best to help you find it. No pressure, just a friendly reminder that we're here.

Best,
{sender_name}",,,,,Dormant,No Meaningful History,Existing Customer,False,Not Eligible,Lumpy,N/A,No repeat send while the logged action is inside its cadence window.,BASELINE,BASELINE,74bfd559930a
ACC-298,P4,Tail,61,9. Long-Tail Automated Nurture,Automated Nurture,LONG_TAIL_STANDARD,Ready — Automated,Draft Ready,Automation,False,False,PB08_NURTURE,Email / in-app message,Queue automated message (Automated Nurture).,30,Any (repeat) order within 90 days.,"Order placed, unsubscribe, or 2 unanswered dormant messages (pause 6 months).",Rising Tail accounts that cross the Core line re-route automatically.,FEB_SENSITIVE; LOW_CONFIDENCE,Draft ready (not sent),NUR_NEW,"Hi {first_name},

Thanks for ordering with Fleek. As you get started, you can browse available stock in the app whenever suits you, and use Make an Offer if a price doesn't quite work. If you're looking for something specific, reply here and we'll help.

Best,
{sender_name}",,,,,New customer onboarding,Recently Active,New Customer,False,Not Eligible,Lumpy,N/A,No repeat send while the logged action is inside its cadence window.,BASELINE,BASELINE,ed0bbfe11383
ACC-299,P4,Tail,58,9. Long-Tail Automated Nurture,Automated Nurture,LONG_TAIL_STANDARD,Ready — Automated,Draft Ready,Automation,False,False,PB08_NURTURE,Email / in-app message,Queue automated message (Automated Nurture).,60,Any (repeat) order within 90 days.,"Order placed, unsubscribe, or 2 unanswered dormant messages (pause 6 months).",Rising Tail accounts that cross the Core line re-route automatically.,LOW_CONFIDENCE,Draft ready (not sent),NUR_DORMANT,"Hi {first_name},

Whenever you're planning your next stock buy, you can browse bundles on the Fleek app at any time. If you're looking for something specific, reply to this message and we'll do our best to help you find it. No pressure, just a friendly reminder that we're here.

Best,
{sender_name}",,,,,Dormant,No Meaningful History,Existing Customer,False,Not Eligible,Lumpy,N/A,No repeat send while the logged action is inside its cadence window.,BASELINE,BASELINE,df7ada32eab2
ACC-300,P4,Tail,34,9. Long-Tail Automated Nurture,Automated Nurture,LONG_TAIL_STANDARD,Ready — Automated,Draft Ready,Automation,False,False,PB08_NURTURE,Email / in-app message,Queue automated message (Automated Nurture).,30,Any (repeat) order within 90 days.,"Order placed, unsubscribe, or 2 unanswered dormant messages (pause 6 months).",Rising Tail accounts that cross the Core line re-route automatically.,FEB_SENSITIVE; LOW_CONFIDENCE,Draft ready (not sent),NUR_NEW,"Hi {first_name},

Thanks for ordering with Fleek. As you get started, you can browse available stock in the app whenever suits you, and use Make an Offer if a price doesn't quite work. If you're looking for something specific, reply here and we'll help.

Best,
{sender_name}",,,,,New customer onboarding,Recently Active,New Customer,False,Not Eligible,Lumpy,N/A,No repeat send while the logged action is inside its cadence window.,BASELINE,BASELINE,c657541d685a
