account_id,attention_priority,value_tier,gmv_total_6m,action_segment,primary_nba,nba_reason_code,execution_status,action_state,owner_role,named_owner_required,notify_am_before_send,playbook_id,recommended_channel,first_action,follow_up_days,success_condition,stop_condition,escalation_condition,guardrail_codes,draft_status,message_template_id,draft_customer_message,internal_task_brief,secondary_test,secondary_test_arm,secondary_test_draft,nurture_subcontext,recent_activity_status,lifecycle_context,rising_tail_watchlist,phase1_rollout_status,buyer_cadence,migration_progress_status,next_rerun_behaviour,change_type,change_flags,generated_action
ACC-001,P2,Key,170132,1. Migration Candidate,Guided Self-Serve Migration,MIGRATION_KEY_SIGNOFF,Human Sign-Off Required,Awaiting Sign-Off,Portfolio Lead + Account Manager,False,False,PB03_GUIDED_MIGRATION,AM call + in-app walkthrough; automated milestone tracking,Portfolio Lead + AM sign-off decision on a gradual self-serve shift.,15,"Day 90: Self-Serve Capability Demonstrated (>=25 PDP views, >=6 app days, self-serve share above baseline) with GMV guardrail held.",GMV guardrail breached (At Risk) -> restore high-touch support; no behaviour change at day 90 -> reassess suitability.,At Risk at day 45; any Key account change; customer pushback on the change.,KEY_SIGNOFF; BORDERLINE_MOMENTUM; FEB_SENSITIVE,Withheld until sign-off is recorded,,,"WHY NOW: Key broker-reliant account with healthy spend; downside risk too large for automated initiation.
WHAT WE KNOW:
- Key, Broker-Reliant, Account Managed; £170,132 6m GMV; Retailer, United Kingdom; tenure 26 months.
- Momentum: Stable (Sep-Nov £93,545 -> Dec-Feb £76,587); Recently Active (last GMV month: February); 46 orders over 6 month(s).
- Dependency: High (broker reliance 69%; 32 AM-placed / 14 self-serve orders).
- Engagement: 2 product views, 3 app days, 0 offer(s), 139 Fleek chats, 3 video requests; basket Mixed.
- Warnings: KEY_SIGNOFF; BORDERLINE_MOMENTUM; FEB_SENSITIVE.
WHAT TO DO: Portfolio Lead and AM decide whether a gradual self-serve shift is appropriate. Record approve / decline and conditions.
WHAT NOT TO DO: No migration communication before sign-off.
SUCCESS: Day 90: Self-Serve Capability Demonstrated (>=25 PDP views, >=6 app days, self-serve share above baseline) with GMV guardrail held.",,,,,Recently Active,Existing Customer,False,Not Eligible,Regular,Baseline,"Enter 90-day monitoring inputs; migration_progress_status updates (Baseline/Progressing/Capability/At Risk). Day-90 outcomes: Capability Demonstrated, Progressing - Extend, At Risk - Restore support, No Change - Reassess.",NO_MATERIAL_CHANGE,,
ACC-002,P1,Key,70650,3. Win-Back / Verify,Verify Demand / Win-Back,LAPSED_THIN_HISTORY,Ready — Human,Draft Ready,Account Manager,False,False,PB02_VERIFY_WINBACK,"Personal email from AM, then call","Send cadence check-in (verify, don't assume churn).",14,"Cadence recorded and account reclassified, or a new order within 90 days (60 days for recent-inactivity checks).",Customer confirms infrequent/seasonal buying (set a reminder for their window) or confirms churn (log reason).,Key account with no response after 2 attempts -> Portfolio Lead.,MATERIAL_BROKER_INCONSISTENCY; LOW_CONFIDENCE,Draft ready (not sent),VERIFY_CADENCE,"Hi {first_name},

Thanks for your previous orders with Fleek. I wanted to check how you usually plan your stock buying (seasonal, project by project, or ongoing) so we can get in touch at the right moments rather than too often. Happy to talk on a quick call, or just reply here with what works for you.

Best,
{sender_name}","WHY NOW: Apparent lapse rests on 1-2 orders or one buying month; cadence is unknown.
WHAT WE KNOW:
- Key, Broker-Reliant, Account Managed; £70,650 6m GMV; Reseller, United States; tenure 10 months.
- Momentum: Lapsed; No Meaningful History (last GMV month: October); 2 orders over 2 month(s).
- Dependency: High (broker reliance 70%; 1 AM-placed / 1 self-serve orders).
- Engagement: 6 product views, 2 app days, 2 offer(s), 12 Fleek chats, 0 video requests; basket Handpick-only.
- Warnings: MATERIAL_BROKER_INCONSISTENCY; LOW_CONFIDENCE.
WHAT TO DO: Do not assume churn. Verify expected purchase frequency first, then set the next contact window.
WHAT NOT TO DO: Do not treat as churn or run a discount-led win-back.
SUCCESS: Cadence recorded and account reclassified, or a new order within 90 days (60 days for recent-inactivity checks).",,,,,No Meaningful History,Existing Customer,False,Not Eligible,Lumpy,N/A,"If an order appears, the account re-segments automatically; if confirmed seasonal, suppress re-contact until the stated window.",NO_MATERIAL_CHANGE,,
ACC-003,P2,Key,41039,1. Migration Candidate,Guided Self-Serve Migration,MIGRATION_KEY_SIGNOFF,Human Sign-Off Required,Awaiting Sign-Off,Portfolio Lead + Account Manager,False,False,PB03_GUIDED_MIGRATION,AM call + in-app walkthrough; automated milestone tracking,Portfolio Lead + AM sign-off decision on a gradual self-serve shift.,15,"Day 90: Self-Serve Capability Demonstrated (>=25 PDP views, >=6 app days, self-serve share above baseline) with GMV guardrail held.",GMV guardrail breached (At Risk) -> restore high-touch support; no behaviour change at day 90 -> reassess suitability.,At Risk at day 45; any Key account change; customer pushback on the change.,KEY_SIGNOFF; BORDERLINE_MOMENTUM; FEB_SENSITIVE,Withheld until sign-off is recorded,,,"WHY NOW: Key broker-reliant account with healthy spend; downside risk too large for automated initiation.
WHAT WE KNOW:
- Key, Broker-Reliant, Account Managed; £41,039 6m GMV; Reseller, Germany; tenure 16 months.
- Momentum: Stable (Sep-Nov £22,792 -> Dec-Feb £18,249); Recently Active (last GMV month: February); 36 orders over 6 month(s).
- Dependency: High (broker reliance 74%; 27 AM-placed / 9 self-serve orders).
- Engagement: 5 product views, 1 app days, 2 offer(s), 129 Fleek chats, 18 video requests; basket Mixed.
- Warnings: KEY_SIGNOFF; BORDERLINE_MOMENTUM; FEB_SENSITIVE.
WHAT TO DO: Portfolio Lead and AM decide whether a gradual self-serve shift is appropriate. Record approve / decline and conditions.
WHAT NOT TO DO: No migration communication before sign-off.
SUCCESS: Day 90: Self-Serve Capability Demonstrated (>=25 PDP views, >=6 app days, self-serve share above baseline) with GMV guardrail held.",,,,,Recently Active,Existing Customer,False,Not Eligible,Regular,Baseline,"Enter 90-day monitoring inputs; migration_progress_status updates (Baseline/Progressing/Capability/At Risk). Day-90 outcomes: Capability Demonstrated, Progressing - Extend, At Risk - Restore support, No Change - Reassess.",NO_MATERIAL_CHANGE,,
ACC-004,P2,Key,27099,1. Migration Candidate,Guided Self-Serve Migration,MIGRATION_KEY_SIGNOFF,Human Sign-Off Required,Awaiting Sign-Off,Portfolio Lead + Account Manager,False,False,PB03_GUIDED_MIGRATION,AM call + in-app walkthrough; automated milestone tracking,Portfolio Lead + AM sign-off decision on a gradual self-serve shift.,15,"Day 90: Self-Serve Capability Demonstrated (>=25 PDP views, >=6 app days, self-serve share above baseline) with GMV guardrail held.",GMV guardrail breached (At Risk) -> restore high-touch support; no behaviour change at day 90 -> reassess suitability.,At Risk at day 45; any Key account change; customer pushback on the change.,KEY_SIGNOFF; BORDERLINE_MOMENTUM,Withheld until sign-off is recorded,,,"WHY NOW: Key broker-reliant account with healthy spend; downside risk too large for automated initiation.
WHAT WE KNOW:
- Key, Broker-Reliant, Account Managed; £27,099 6m GMV; Reseller, Australia; tenure 22 months.
- Momentum: Stable (Sep-Nov £14,705 -> Dec-Feb £12,395); Recently Active (last GMV month: February); 19 orders over 6 month(s).
- Dependency: High (broker reliance 62%; 12 AM-placed / 7 self-serve orders).
- Engagement: 3 product views, 8 app days, 2 offer(s), 20 Fleek chats, 1 video requests; basket Handpick-only.
- Warnings: KEY_SIGNOFF; BORDERLINE_MOMENTUM.
WHAT TO DO: Portfolio Lead and AM decide whether a gradual self-serve shift is appropriate. Record approve / decline and conditions.
WHAT NOT TO DO: No migration communication before sign-off.
SUCCESS: Day 90: Self-Serve Capability Demonstrated (>=25 PDP views, >=6 app days, self-serve share above baseline) with GMV guardrail held.",,,,,Recently Active,Existing Customer,False,Not Eligible,Regular,Baseline,"Enter 90-day monitoring inputs; migration_progress_status updates (Baseline/Progressing/Capability/At Risk). Day-90 outcomes: Capability Demonstrated, Progressing - Extend, At Risk - Restore support, No Change - Reassess.",NO_MATERIAL_CHANGE,,
ACC-005,P0,Key,24555,2. Protect / Retain First,Retention Conversation,DECLINING_KEY_CORE,HOLD — Critical Data Issue,On Hold,Portfolio Lead,False,False,PB01_RETENTION,"Personal email from AM, then call",Portfolio Lead resolves the Duplicate status; no contact until cleared.,7,"Root cause logged and next-90-day GMV back to at least the Sep-Nov (H1) level, or the decline arrested.","Customer confirms a planned pause/seasonal gap (log cadence), or no response after 2 attempts (escalate).","No response after 2 attempts, or Key account with further decline -> Portfolio Lead.",CRITICAL_DATA_BLOCKER,Withheld: account on HOLD (critical data issue),,,"WHY NOW: Commercially important, broker-led spend is falling.
WHAT WE KNOW:
- Key, Broker-Reliant, Account Managed; £24,555 6m GMV; Retailer, United Kingdom; tenure 41 months.
- Momentum: Declining (Sep-Nov £17,529 -> Dec-Feb £7,025); Recently Active (last GMV month: February); 14 orders over 5 month(s).
- Dependency: Medium (broker reliance 50%; 7 AM-placed / 7 self-serve orders).
- Engagement: 10 product views, 8 app days, 1 offer(s), 100 Fleek chats, 0 video requests; basket Mixed.
- Warnings: CRITICAL_DATA_BLOCKER.
WHAT TO DO: Resolve the Duplicate status (find/merge the matching record, confirm GMV is not double-counted) before any contact. Underlying action once cleared: Retention Conversation.
WHAT NOT TO DO: No outbound communication while on HOLD.
SUCCESS: Root cause logged and next-90-day GMV back to at least the Sep-Nov (H1) level, or the decline arrested.",,,,,Recently Active,Existing Customer,False,Not Eligible,Regular,N/A,"Stay in playbook while momentum is Declining; exit when momentum is Stable/Growing for a full run; if the account lapses, NBA moves to Verify/Win-Back.",NO_MATERIAL_CHANGE,,
ACC-006,P2,Key,27405,1. Migration Candidate,Guided Self-Serve Migration,MIGRATION_KEY_SIGNOFF,Human Sign-Off Required,Awaiting Sign-Off,Portfolio Lead + Account Manager,False,False,PB03_GUIDED_MIGRATION,AM call + in-app walkthrough; automated milestone tracking,Portfolio Lead + AM sign-off decision on a gradual self-serve shift.,15,"Day 90: Self-Serve Capability Demonstrated (>=25 PDP views, >=6 app days, self-serve share above baseline) with GMV guardrail held.",GMV guardrail breached (At Risk) -> restore high-touch support; no behaviour change at day 90 -> reassess suitability.,At Risk at day 45; any Key account change; customer pushback on the change.,KEY_SIGNOFF,Withheld until sign-off is recorded,,,"WHY NOW: Key broker-reliant account with healthy spend; downside risk too large for automated initiation.
WHAT WE KNOW:
- Key, Broker-Reliant, Account Managed; £27,405 6m GMV; Reseller, Germany; tenure 7 months.
- Momentum: Growing (Sep-Nov £8,249 -> Dec-Feb £19,156); Recently Active (last GMV month: February); 16 orders over 5 month(s).
- Dependency: High (broker reliance 64%; 11 AM-placed / 5 self-serve orders).
- Engagement: 26 product views, 3 app days, 1 offer(s), 115 Fleek chats, 24 video requests; basket Handpick-only.
- Warnings: KEY_SIGNOFF.
WHAT TO DO: Portfolio Lead and AM decide whether a gradual self-serve shift is appropriate. Record approve / decline and conditions.
WHAT NOT TO DO: No migration communication before sign-off.
SUCCESS: Day 90: Self-Serve Capability Demonstrated (>=25 PDP views, >=6 app days, self-serve share above baseline) with GMV guardrail held.",,,,,Recently Active,Existing Customer,False,Not Eligible,Regular,Baseline,"Enter 90-day monitoring inputs; migration_progress_status updates (Baseline/Progressing/Capability/At Risk). Day-90 outcomes: Capability Demonstrated, Progressing - Extend, At Risk - Restore support, No Change - Reassess.",NO_MATERIAL_CHANGE,DATA_UPDATED,
ACC-007,P2,Key,22089,1. Migration Candidate,Guided Self-Serve Migration,MIGRATION_KEY_SIGNOFF,Human Sign-Off Required,Awaiting Sign-Off,Portfolio Lead + Account Manager,False,False,PB03_GUIDED_MIGRATION,AM call + in-app walkthrough; automated milestone tracking,Portfolio Lead + AM sign-off decision on a gradual self-serve shift.,15,"Day 90: Self-Serve Capability Demonstrated (>=25 PDP views, >=6 app days, self-serve share above baseline) with GMV guardrail held.",GMV guardrail breached (At Risk) -> restore high-touch support; no behaviour change at day 90 -> reassess suitability.,At Risk at day 45; any Key account change; customer pushback on the change.,KEY_SIGNOFF,Withheld until sign-off is recorded,,,"WHY NOW: Key broker-reliant account with healthy spend; downside risk too large for automated initiation.
WHAT WE KNOW:
- Key, Broker-Reliant, Account Managed; £22,089 6m GMV; Reseller, Austria; tenure 10 months.
- Momentum: Growing (Sep-Nov £5,524 -> Dec-Feb £16,565); Recently Active (last GMV month: February); 23 orders over 5 month(s).
- Dependency: High (broker reliance 72%; 17 AM-placed / 6 self-serve orders).
- Engagement: 1 product views, 1 app days, 0 offer(s), 69 Fleek chats, 2 video requests; basket Mixed.
- Warnings: KEY_SIGNOFF.
WHAT TO DO: Portfolio Lead and AM decide whether a gradual self-serve shift is appropriate. Record approve / decline and conditions.
WHAT NOT TO DO: No migration communication before sign-off.
SUCCESS: Day 90: Self-Serve Capability Demonstrated (>=25 PDP views, >=6 app days, self-serve share above baseline) with GMV guardrail held.",,,,,Recently Active,Existing Customer,False,Not Eligible,Regular,Baseline,"Enter 90-day monitoring inputs; migration_progress_status updates (Baseline/Progressing/Capability/At Risk). Day-90 outcomes: Capability Demonstrated, Progressing - Extend, At Risk - Restore support, No Change - Reassess.",NO_MATERIAL_CHANGE,,
ACC-008,P1,Key,22265,2. Protect / Retain First,Retention Conversation,DECLINING_KEY_CORE,Ready — Human,Draft Ready,Account Manager,False,False,PB01_RETENTION,"Personal email from AM, then call",Read brief; send outreach to book a review call.,7,"Root cause logged and next-90-day GMV back to at least the Sep-Nov (H1) level, or the decline arrested.","Customer confirms a planned pause/seasonal gap (log cadence), or no response after 2 attempts (escalate).","No response after 2 attempts, or Key account with further decline -> Portfolio Lead.",BORDERLINE_MOMENTUM; MATERIAL_BROKER_INCONSISTENCY,Draft ready (not sent),RET_AM,"Hi {first_name},

I'd like to set up a short call to review how sourcing through Fleek is working for you at the moment and what you're planning to buy over the next few months. It will help me make sure the stock I source for you (bundles and handpicked stock) is the right fit. Would sometime later this week or early next week suit you?

Best,
{sender_name}","WHY NOW: Commercially important, broker-led spend is falling.
WHAT WE KNOW:
- Key, Broker-Reliant, Account Managed; £22,265 6m GMV; Retailer, Sweden; tenure 15 months.
- Momentum: Declining (Sep-Nov £12,458 -> Dec-Feb £9,808); Recently Active (last GMV month: February); 17 orders over 5 month(s).
- Dependency: High (broker reliance 66%; 10 AM-placed / 7 self-serve orders).
- Engagement: 35 product views, 4 app days, 0 offer(s), 29 Fleek chats, 1 video requests; basket Mixed.
- Warnings: BORDERLINE_MOMENTUM; MATERIAL_BROKER_INCONSISTENCY.
WHAT TO DO: Book a conversation. Explore stock availability, price, assortment fit, buying cadence, competitor/offline wholesaler use and operational friction. Agree a recovery plan.
WHAT NOT TO DO: Do not reduce AM support or push migration; do not suggest the customer is at fault; do not propose chat/video/feature usage as the fix.
SUCCESS: Root cause logged and next-90-day GMV back to at least the Sep-Nov (H1) level, or the decline arrested.",,,,,Recently Active,Existing Customer,False,Not Eligible,Regular,N/A,"Stay in playbook while momentum is Declining; exit when momentum is Stable/Growing for a full run; if the account lapses, NBA moves to Verify/Win-Back.",NO_MATERIAL_CHANGE,GUARDRAILS_CHANGED;DATA_UPDATED,
ACC-009,P1,Key,18652,2. Protect / Retain First,Retention Conversation,DECLINING_KEY_CORE,Ready — Human,Draft Ready,Account Manager,False,False,PB01_RETENTION,"Personal email from AM, then call",Read brief; send outreach to book a review call.,7,"Root cause logged and next-90-day GMV back to at least the Sep-Nov (H1) level, or the decline arrested.","Customer confirms a planned pause/seasonal gap (log cadence), or no response after 2 attempts (escalate).","No response after 2 attempts, or Key account with further decline -> Portfolio Lead.",,Draft ready (not sent),RET_AM,"Hi {first_name},

I'd like to set up a short call to review how sourcing through Fleek is working for you at the moment and what you're planning to buy over the next few months. It will help me make sure the stock I source for you (bundles and handpicked stock) is the right fit. Would sometime later this week or early next week suit you?

Best,
{sender_name}","WHY NOW: Commercially important, broker-led spend is falling.
WHAT WE KNOW:
- Key, Broker-Reliant, Account Managed; £18,652 6m GMV; Reseller, United Kingdom; tenure 8 months.
- Momentum: Declining (Sep-Nov £12,807 -> Dec-Feb £5,845); Recently Active (last GMV month: February); 35 orders over 6 month(s).
- Dependency: High (broker reliance 68%; 24 AM-placed / 11 self-serve orders).
- Engagement: 2 product views, 1 app days, 1 offer(s), 30 Fleek chats, 0 video requests; basket Mixed.
WHAT TO DO: Book a conversation. Explore stock availability, price, assortment fit, buying cadence, competitor/offline wholesaler use and operational friction. Agree a recovery plan.
WHAT NOT TO DO: Do not reduce AM support or push migration; do not suggest the customer is at fault; do not propose chat/video/feature usage as the fix.
SUCCESS: Root cause logged and next-90-day GMV back to at least the Sep-Nov (H1) level, or the decline arrested.",,,,,Recently Active,Existing Customer,False,Not Eligible,Regular,N/A,"Stay in playbook while momentum is Declining; exit when momentum is Stable/Growing for a full run; if the account lapses, NBA moves to Verify/Win-Back.",NO_MATERIAL_CHANGE,,
ACC-010,P1,Key,17026,2. Protect / Retain First,Retention Conversation,DECLINING_KEY_CORE,Ready — Human,Draft Ready,Account Manager,False,False,PB01_RETENTION,"Personal email from AM, then call",Read brief; send outreach to book a review call.,7,"Root cause logged and next-90-day GMV back to at least the Sep-Nov (H1) level, or the decline arrested.","Customer confirms a planned pause/seasonal gap (log cadence), or no response after 2 attempts (escalate).","No response after 2 attempts, or Key account with further decline -> Portfolio Lead.",,Draft ready (not sent),RET_AM,"Hi {first_name},

I'd like to set up a short call to review how sourcing through Fleek is working for you at the moment and what you're planning to buy over the next few months. It will help me make sure the stock I source for you (handpicked stock) is the right fit. Would sometime later this week or early next week suit you?

Best,
{sender_name}","WHY NOW: Commercially important, broker-led spend is falling.
WHAT WE KNOW:
- Key, Broker-Reliant, Account Managed; £17,026 6m GMV; Reseller, Portugal; tenure 10 months.
- Momentum: Declining (Sep-Nov £11,150 -> Dec-Feb £5,876); Recently Active (last GMV month: February); 13 orders over 6 month(s).
- Dependency: High (broker reliance 69%; 9 AM-placed / 4 self-serve orders).
- Engagement: 1 product views, 1 app days, 0 offer(s), 40 Fleek chats, 0 video requests; basket Handpick-only.
WHAT TO DO: Book a conversation. Explore stock availability, price, assortment fit, buying cadence, competitor/offline wholesaler use and operational friction. Agree a recovery plan.
WHAT NOT TO DO: Do not reduce AM support or push migration; do not suggest the customer is at fault; do not propose chat/video/feature usage as the fix.
SUCCESS: Root cause logged and next-90-day GMV back to at least the Sep-Nov (H1) level, or the decline arrested.",,,,,Recently Active,Existing Customer,False,Not Eligible,Regular,N/A,"Stay in playbook while momentum is Declining; exit when momentum is Stable/Growing for a full run; if the account lapses, NBA moves to Verify/Win-Back.",NO_MATERIAL_CHANGE,,
ACC-011,P2,Key,15600,4. Establish / Re-establish / Observe,Establish / Re-establish,RETURNED_CUSTOMER,Ready — Human,Draft Ready,Account Manager,False,False,PB04_ESTABLISH,"Personal email from AM, then call",Send welcome-back outreach; book a call.,10,New: 2+ orders across 2+ months within 90 days. Returned: orders in at least 2 of the next 3 months.,Second order placed (new) or cadence agreed (returned).,Returned Key account with no response after 2 attempts -> Portfolio Lead.,MATERIAL_BROKER_INCONSISTENCY; LOW_CONFIDENCE,Draft ready (not sent),EST_RETURNED,"Hi {first_name},

Great to see you ordering with Fleek again. I'd love to catch up on what you're sourcing at the moment and how often you're planning to buy, so we can make sure the right handpicked stock is in front of you. Would a quick call in the next week or two work?

Best,
{sender_name}","WHY NOW: Long-tenured customer returned in Dec-Feb after no Sep-Nov spend.
WHAT WE KNOW:
- Key, Broker-Reliant, Account Managed; £15,600 6m GMV; Reseller, France; tenure 34 months.
- Momentum: H2 Active / No H1 GMV; No Meaningful History (last GMV month: December); 1 orders over 1 month(s).
- Dependency: Medium (broker reliance 50%; 1 AM-placed / 0 self-serve orders).
- Engagement: 14 product views, 6 app days, 1 offer(s), 50 Fleek chats, 0 video requests; basket Handpick-only.
- Warnings: MATERIAL_BROKER_INCONSISTENCY; LOW_CONFIDENCE.
WHAT TO DO: Welcome-back conversation: what brought them back, what they are sourcing now, how often they plan to buy.
WHAT NOT TO DO: Do not treat them as a brand-new customer.
SUCCESS: New: 2+ orders across 2+ months within 90 days. Returned: orders in at least 2 of the next 3 months.",,,,,No Meaningful History,Returned Customer,False,Not Eligible,Lumpy,N/A,Once H1/H2 history exists the account leaves this playbook automatically via re-segmentation.,NO_MATERIAL_CHANGE,,
ACC-012,P2,Key,14611,1. Migration Candidate,Guided Self-Serve Migration,MIGRATION_KEY_SIGNOFF,Human Sign-Off Required,Awaiting Sign-Off,Portfolio Lead + Account Manager,False,False,PB03_GUIDED_MIGRATION,AM call + in-app walkthrough; automated milestone tracking,Portfolio Lead + AM sign-off decision on a gradual self-serve shift.,15,"Day 90: Self-Serve Capability Demonstrated (>=25 PDP views, >=6 app days, self-serve share above baseline) with GMV guardrail held.",GMV guardrail breached (At Risk) -> restore high-touch support; no behaviour change at day 90 -> reassess suitability.,At Risk at day 45; any Key account change; customer pushback on the change.,KEY_SIGNOFF; MATERIAL_BROKER_INCONSISTENCY,Withheld until sign-off is recorded,,,"WHY NOW: Key broker-reliant account with healthy spend; downside risk too large for automated initiation.
WHAT WE KNOW:
- Key, Broker-Reliant, Account Managed; £14,611 6m GMV; Reseller, United Kingdom; tenure 17 months.
- Momentum: Growing (Sep-Nov £6,126 -> Dec-Feb £8,485); Recently Active (last GMV month: February); 28 orders over 6 month(s).
- Dependency: High (broker reliance 59%; 17 AM-placed / 11 self-serve orders).
- Engagement: 3 product views, 2 app days, 0 offer(s), 182 Fleek chats, 1 video requests; basket Mixed.
- Warnings: KEY_SIGNOFF; MATERIAL_BROKER_INCONSISTENCY.
WHAT TO DO: Portfolio Lead and AM decide whether a gradual self-serve shift is appropriate. Record approve / decline and conditions.
WHAT NOT TO DO: No migration communication before sign-off.
SUCCESS: Day 90: Self-Serve Capability Demonstrated (>=25 PDP views, >=6 app days, self-serve share above baseline) with GMV guardrail held.",,,,,Recently Active,Existing Customer,False,Not Eligible,Regular,Baseline,"Enter 90-day monitoring inputs; migration_progress_status updates (Baseline/Progressing/Capability/At Risk). Day-90 outcomes: Capability Demonstrated, Progressing - Extend, At Risk - Restore support, No Change - Reassess.",NO_MATERIAL_CHANGE,,
ACC-013,P1,Key,14315,2. Protect / Retain First,Retention Conversation,DECLINING_KEY_CORE,Ready — Human,Draft Ready,Account Manager,False,False,PB01_RETENTION,"Personal email from AM, then call",Read brief; send outreach to book a review call.,7,"Root cause logged and next-90-day GMV back to at least the Sep-Nov (H1) level, or the decline arrested.","Customer confirms a planned pause/seasonal gap (log cadence), or no response after 2 attempts (escalate).","No response after 2 attempts, or Key account with further decline -> Portfolio Lead.",,Draft ready (not sent),RET_AM,"Hi {first_name},

I'd like to set up a short call to review how sourcing through Fleek is working for you at the moment and what you're planning to buy over the next few months. It will help me make sure the stock I source for you (bundles and handpicked stock) is the right fit. Would sometime later this week or early next week suit you?

Best,
{sender_name}","WHY NOW: Commercially important, broker-led spend is falling.
WHAT WE KNOW:
- Key, Broker-Reliant, Account Managed; £14,315 6m GMV; Reseller, United Kingdom; tenure 17 months.
- Momentum: Declining (Sep-Nov £9,966 -> Dec-Feb £4,350); Recently Active (last GMV month: February); 21 orders over 5 month(s).
- Dependency: Medium (broker reliance 59%; 12 AM-placed / 9 self-serve orders).
- Engagement: 5 product views, 8 app days, 1 offer(s), 36 Fleek chats, 0 video requests; basket Mixed.
WHAT TO DO: Book a conversation. Explore stock availability, price, assortment fit, buying cadence, competitor/offline wholesaler use and operational friction. Agree a recovery plan.
WHAT NOT TO DO: Do not reduce AM support or push migration; do not suggest the customer is at fault; do not propose chat/video/feature usage as the fix.
SUCCESS: Root cause logged and next-90-day GMV back to at least the Sep-Nov (H1) level, or the decline arrested.",,,,,Recently Active,Existing Customer,False,Not Eligible,Regular,N/A,"Stay in playbook while momentum is Declining; exit when momentum is Stable/Growing for a full run; if the account lapses, NBA moves to Verify/Win-Back.",NO_MATERIAL_CHANGE,,
ACC-014,P1,Key,11721,2. Protect / Retain First,Retention Conversation,DECLINING_KEY_CORE,Ready — Human,Draft Ready,Account Manager,False,False,PB01_RETENTION,"Personal email from AM, then call",Read brief; send outreach to book a review call.,7,"Root cause logged and next-90-day GMV back to at least the Sep-Nov (H1) level, or the decline arrested.","Customer confirms a planned pause/seasonal gap (log cadence), or no response after 2 attempts (escalate).","No response after 2 attempts, or Key account with further decline -> Portfolio Lead.",,Draft ready (not sent),RET_AM,"Hi {first_name},

I'd like to set up a short call to review how sourcing through Fleek is working for you at the moment and what you're planning to buy over the next few months. It will help me make sure the stock I source for you (bundles and handpicked stock) is the right fit. Would sometime later this week or early next week suit you?

Best,
{sender_name}","WHY NOW: Commercially important, broker-led spend is falling.
WHAT WE KNOW:
- Key, Broker-Reliant, Account Managed; £11,721 6m GMV; Reseller, United States; tenure 8 months.
- Momentum: Declining (Sep-Nov £7,060 -> Dec-Feb £4,661); Recently Active (last GMV month: February); 27 orders over 6 month(s).
- Dependency: High (broker reliance 81%; 22 AM-placed / 5 self-serve orders).
- Engagement: 1 product views, 5 app days, 0 offer(s), 64 Fleek chats, 36 video requests; basket Mixed.
WHAT TO DO: Book a conversation. Explore stock availability, price, assortment fit, buying cadence, competitor/offline wholesaler use and operational friction. Agree a recovery plan.
WHAT NOT TO DO: Do not reduce AM support or push migration; do not suggest the customer is at fault; do not propose chat/video/feature usage as the fix.
SUCCESS: Root cause logged and next-90-day GMV back to at least the Sep-Nov (H1) level, or the decline arrested.",,,,,Recently Active,Existing Customer,False,Not Eligible,Regular,N/A,"Stay in playbook while momentum is Declining; exit when momentum is Stable/Growing for a full run; if the account lapses, NBA moves to Verify/Win-Back.",NO_MATERIAL_CHANGE,,
ACC-015,P1,Key,11481,3. Win-Back / Verify,Verify Demand / Win-Back,LAPSED_ESTABLISHED,Ready — Human,Draft Ready,Account Manager,False,False,PB02_VERIFY_WINBACK,"Personal email from AM, then call",Send win-back check-in.,14,"Cadence recorded and account reclassified, or a new order within 90 days (60 days for recent-inactivity checks).",Customer confirms infrequent/seasonal buying (set a reminder for their window) or confirms churn (log reason).,Key account with no response after 2 attempts -> Portfolio Lead.,,Draft ready (not sent),WINBACK,"Hi {first_name},

It's been a little while since we last caught up, so I wanted to check in on your buying plans for the coming months. If you're sourcing bundles and handpicked stock again soon, I'd be glad to talk through what you're looking for and how we can help. Would a quick call be useful?

Best,
{sender_name}","WHY NOW: Established buyer with a repeat pattern has had no GMV since November or earlier.
WHAT WE KNOW:
- Key, Broker-Reliant, Account Managed; £11,481 6m GMV; Reseller, United Kingdom; tenure 13 months.
- Momentum: Lapsed; Recent Inactivity (last GMV month: November); 8 orders over 3 month(s).
- Dependency: High (broker reliance 64%; 5 AM-placed / 3 self-serve orders).
- Engagement: 5 product views, 6 app days, 1 offer(s), 96 Fleek chats, 0 video requests; basket Mixed.
WHAT TO DO: Win-back conversation about upcoming buying needs and what would bring them back.
WHAT NOT TO DO: Do not say 'you churned' or 'you've stopped buying'.
SUCCESS: Cadence recorded and account reclassified, or a new order within 90 days (60 days for recent-inactivity checks).",,,,,Recent Inactivity,Existing Customer,False,Not Eligible,Regular,N/A,"If an order appears, the account re-segments automatically; if confirmed seasonal, suppress re-contact until the stated window.",NO_MATERIAL_CHANGE,,
ACC-016,P2,Key,11252,1. Migration Candidate,Guided Self-Serve Migration,MIGRATION_KEY_SIGNOFF,Human Sign-Off Required,Awaiting Sign-Off,Portfolio Lead + Account Manager,False,False,PB03_GUIDED_MIGRATION,AM call + in-app walkthrough; automated milestone tracking,Portfolio Lead + AM sign-off decision on a gradual self-serve shift.,15,"Day 90: Self-Serve Capability Demonstrated (>=25 PDP views, >=6 app days, self-serve share above baseline) with GMV guardrail held.",GMV guardrail breached (At Risk) -> restore high-touch support; no behaviour change at day 90 -> reassess suitability.,At Risk at day 45; any Key account change; customer pushback on the change.,KEY_SIGNOFF; NO_FEB_GMV (Feb unconfirmed),Withheld until sign-off is recorded,,,"WHY NOW: Key broker-reliant account with healthy spend; downside risk too large for automated initiation.
WHAT WE KNOW:
- Key, Broker-Reliant, Account Managed; £11,252 6m GMV; Reseller, Australia; tenure 10 months.
- Momentum: Growing (Sep-Nov £4,217 -> Dec-Feb £7,035); Recently Active (last GMV month: January); 26 orders over 5 month(s).
- Dependency: High (broker reliance 68%; 18 AM-placed / 8 self-serve orders).
- Engagement: 4 product views, 1 app days, 1 offer(s), 16 Fleek chats, 3 video requests; basket Bundle-only.
- Warnings: KEY_SIGNOFF; NO_FEB_GMV (Feb unconfirmed).
WHAT TO DO: Portfolio Lead and AM decide whether a gradual self-serve shift is appropriate. Record approve / decline and conditions.
WHAT NOT TO DO: No migration communication before sign-off.
SUCCESS: Day 90: Self-Serve Capability Demonstrated (>=25 PDP views, >=6 app days, self-serve share above baseline) with GMV guardrail held.",,,,,Recently Active,Existing Customer,False,Not Eligible,Regular,Baseline,"Enter 90-day monitoring inputs; migration_progress_status updates (Baseline/Progressing/Capability/At Risk). Day-90 outcomes: Capability Demonstrated, Progressing - Extend, At Risk - Restore support, No Change - Reassess.",NO_MATERIAL_CHANGE,,
ACC-017,P1,Key,10950,2. Protect / Retain First,Retention Conversation,DECLINING_KEY_CORE,Ready — Human,Draft Ready,Account Manager,False,False,PB01_RETENTION,"Personal email from AM, then call",Read brief; send outreach to book a review call.,7,"Root cause logged and next-90-day GMV back to at least the Sep-Nov (H1) level, or the decline arrested.","Customer confirms a planned pause/seasonal gap (log cadence), or no response after 2 attempts (escalate).","No response after 2 attempts, or Key account with further decline -> Portfolio Lead.",H2_SINGLE_MONTH_SPIKE,Draft ready (not sent),RET_AM,"Hi {first_name},

I'd like to set up a short call to review how sourcing through Fleek is working for you at the moment and what you're planning to buy over the next few months. It will help me make sure the stock I source for you (bundles and handpicked stock) is the right fit. Would sometime later this week or early next week suit you?

Best,
{sender_name}","WHY NOW: Commercially important, broker-led spend is falling.
WHAT WE KNOW:
- Key, Broker-Reliant, Account Managed; £10,950 6m GMV; Reseller, United Kingdom; tenure 18 months.
- Momentum: Declining (Sep-Nov £7,711 -> Dec-Feb £3,238); Recently Active (last GMV month: February); 37 orders over 5 month(s).
- Dependency: High (broker reliance 78%; 29 AM-placed / 8 self-serve orders).
- Engagement: 2 product views, 4 app days, 1 offer(s), 55 Fleek chats, 1 video requests; basket Mixed.
- Warnings: H2_SINGLE_MONTH_SPIKE.
WHAT TO DO: Book a conversation. Explore stock availability, price, assortment fit, buying cadence, competitor/offline wholesaler use and operational friction. Agree a recovery plan.
WHAT NOT TO DO: Do not reduce AM support or push migration; do not suggest the customer is at fault; do not propose chat/video/feature usage as the fix.
SUCCESS: Root cause logged and next-90-day GMV back to at least the Sep-Nov (H1) level, or the decline arrested.",,,,,Recently Active,Existing Customer,False,Not Eligible,Regular,N/A,"Stay in playbook while momentum is Declining; exit when momentum is Stable/Growing for a full run; if the account lapses, NBA moves to Verify/Win-Back.",NO_MATERIAL_CHANGE,,
ACC-018,P1,Core,8613,2. Protect / Retain First,Retention Conversation,DECLINING_KEY_CORE,Ready — Human,Draft Ready,Account Manager,False,False,PB01_RETENTION,"Personal email from AM, then call",Read brief; send outreach to book a review call.,7,"Root cause logged and next-90-day GMV back to at least the Sep-Nov (H1) level, or the decline arrested.","Customer confirms a planned pause/seasonal gap (log cadence), or no response after 2 attempts (escalate).","No response after 2 attempts, or Key account with further decline -> Portfolio Lead.",FEB_SENSITIVE; NO_FEB_GMV (Feb unconfirmed),Draft ready (not sent),RET_AM,"Hi {first_name},

I'd like to set up a short call to review how sourcing through Fleek is working for you at the moment and what you're planning to buy over the next few months. It will help me make sure the stock I source for you (bundles) is the right fit. Would sometime later this week or early next week suit you?

Best,
{sender_name}","WHY NOW: Commercially important, broker-led spend is falling.
WHAT WE KNOW:
- Core, Broker-Reliant, Account Managed; £8,613 6m GMV; Reseller, United Kingdom; tenure 10 months.
- Momentum: Declining (Sep-Nov £5,605 -> Dec-Feb £3,010); Recently Active (last GMV month: January); 11 orders over 5 month(s).
- Dependency: High (broker reliance 74%; 8 AM-placed / 3 self-serve orders).
- Engagement: 10 product views, 3 app days, 0 offer(s), 1 Fleek chats, 0 video requests; basket Bundle-only.
- Warnings: FEB_SENSITIVE; NO_FEB_GMV (Feb unconfirmed).
WHAT TO DO: Book a conversation. Explore stock availability, price, assortment fit, buying cadence, competitor/offline wholesaler use and operational friction. Agree a recovery plan.
WHAT NOT TO DO: Do not reduce AM support or push migration; do not suggest the customer is at fault; do not propose chat/video/feature usage as the fix.
SUCCESS: Root cause logged and next-90-day GMV back to at least the Sep-Nov (H1) level, or the decline arrested.",,,,,Recently Active,Existing Customer,False,Not Eligible,Regular,N/A,"Stay in playbook while momentum is Declining; exit when momentum is Stable/Growing for a full run; if the account lapses, NBA moves to Verify/Win-Back.",NO_MATERIAL_CHANGE,,
ACC-019,P2,Core,7716,1. Migration Candidate,Guided Self-Serve Migration,MIGRATION_PHASE1_READY,Ready — Hybrid,Draft Ready,Account Manager,False,False,PB03_GUIDED_MIGRATION,AM call + in-app walkthrough; automated milestone tracking,Day 0: AM walkthrough call on independent stock discovery.,15,"Day 90: Self-Serve Capability Demonstrated (>=25 PDP views, >=6 app days, self-serve share above baseline) with GMV guardrail held.",GMV guardrail breached (At Risk) -> restore high-touch support; no behaviour change at day 90 -> reassess suitability.,At Risk at day 45; any Key account change; customer pushback on the change.,,Draft ready (not sent),MIG_DAY0,"Hi {first_name},

Alongside the stock I source for you, I'd like to show you how to browse Fleek's full range directly in the app, so you can look through handpicked stock whenever it suits you, make an offer where it fits and place orders yourself. I'm still here for anything you need. Could we do a short walkthrough together this week?

Best,
{sender_name}","WHY NOW: Broker-reliant Core account with healthy, regular spend and repeat self-serve checkout, but little independent browsing.
WHAT WE KNOW:
- Core, Broker-Reliant, Account Managed; £7,716 6m GMV; Reseller, United States; tenure 10 months.
- Momentum: Growing (Sep-Nov £1,446 -> Dec-Feb £6,269); Recently Active (last GMV month: February); 7 orders over 5 month(s).
- Dependency: High (broker reliance 59%; 4 AM-placed / 3 self-serve orders).
- Engagement: 15 product views, 2 app days, 1 offer(s), 16 Fleek chats, 12 video requests; basket Handpick-only.
WHAT TO DO: Run the Phase 1 plan: Day 0 app walkthrough focused on finding stock independently; check-in Day 15-30; formal review Day 45; outcome Day 90.
WHAT NOT TO DO: Do not remove AM support; do not mention cost reduction or 'migration'.
SUCCESS: Day 90: Self-Serve Capability Demonstrated (>=25 PDP views, >=6 app days, self-serve share above baseline) with GMV guardrail held.",,,,,Recently Active,Existing Customer,False,Ready,Regular,Baseline,"Enter 90-day monitoring inputs; migration_progress_status updates (Baseline/Progressing/Capability/At Risk). Day-90 outcomes: Capability Demonstrated, Progressing - Extend, At Risk - Restore support, No Change - Reassess.",NO_MATERIAL_CHANGE,,
ACC-020,P2,Core,6452,1. Migration Candidate,Guided Self-Serve Migration,MIGRATION_PHASE1_REVIEW,Human Review Required,Awaiting Human Review,Account Manager,False,False,PB03_GUIDED_MIGRATION,AM call + in-app walkthrough; automated milestone tracking,AM resolves the Phase 1 guardrail(s) before any customer contact.,15,"Day 90: Self-Serve Capability Demonstrated (>=25 PDP views, >=6 app days, self-serve share above baseline) with GMV guardrail held.",GMV guardrail breached (At Risk) -> restore high-touch support; no behaviour change at day 90 -> reassess suitability.,At Risk at day 45; any Key account change; customer pushback on the change.,PHASE1_MANUAL_REVIEW; LUMPY_CADENCE; MATERIAL_BROKER_INCONSISTENCY; H2_SINGLE_MONTH_SPIKE,Withheld until human review is complete,,,"WHY NOW: Meets Phase 1 entry criteria but a guardrail (borderline/February-sensitive momentum, lumpy cadence or broker % inconsistency) must be resolved.
WHAT WE KNOW:
- Core, Broker-Reliant, Account Managed; £6,452 6m GMV; Reseller, France; tenure 31 months.
- Momentum: Stable (Sep-Nov £3,474 -> Dec-Feb £2,978); Recently Active (last GMV month: February); 3 orders over 3 month(s).
- Dependency: Medium (broker reliance 48%; 1 AM-placed / 2 self-serve orders).
- Engagement: 3 product views, 7 app days, 0 offer(s), 14 Fleek chats, 2 video requests; basket Mixed.
- Warnings: PHASE1_MANUAL_REVIEW; LUMPY_CADENCE; MATERIAL_BROKER_INCONSISTENCY; H2_SINGLE_MONTH_SPIKE.
WHAT TO DO: Resolve the listed guardrail(s) (verify order history / momentum), then decide Ready or not suitable. Record the decision.
WHAT NOT TO DO: Do not contact the customer about self-serve changes until review is complete.
SUCCESS: Day 90: Self-Serve Capability Demonstrated (>=25 PDP views, >=6 app days, self-serve share above baseline) with GMV guardrail held.",,,,,Recently Active,Existing Customer,False,Manual Review,Lumpy,Baseline,"Enter 90-day monitoring inputs; migration_progress_status updates (Baseline/Progressing/Capability/At Risk). Day-90 outcomes: Capability Demonstrated, Progressing - Extend, At Risk - Restore support, No Change - Reassess.",NO_MATERIAL_CHANGE,,
ACC-021,P1,Core,6199,2. Protect / Retain First,Retention Conversation,DECLINING_KEY_CORE,Ready — Human,Draft Ready,Account Manager,False,False,PB01_RETENTION,"Personal email from AM, then call",Read brief; send outreach to book a review call.,7,"Root cause logged and next-90-day GMV back to at least the Sep-Nov (H1) level, or the decline arrested.","Customer confirms a planned pause/seasonal gap (log cadence), or no response after 2 attempts (escalate).","No response after 2 attempts, or Key account with further decline -> Portfolio Lead.",,Draft ready (not sent),RET_AM,"Hi {first_name},

I'd like to set up a short call to review how sourcing through Fleek is working for you at the moment and what you're planning to buy over the next few months. It will help me make sure the stock I source for you (bundles and handpicked stock) is the right fit. Would sometime later this week or early next week suit you?

Best,
{sender_name}","WHY NOW: Commercially important, broker-led spend is falling.
WHAT WE KNOW:
- Core, Broker-Reliant, Account Managed; £6,199 6m GMV; Reseller, France; tenure 7 months.
- Momentum: Declining (Sep-Nov £3,866 -> Dec-Feb £2,332); Recently Active (last GMV month: February); 19 orders over 6 month(s).
- Dependency: High (broker reliance 64%; 12 AM-placed / 7 self-serve orders).
- Engagement: 2 product views, 6 app days, 1 offer(s), 19 Fleek chats, 13 video requests; basket Mixed.
WHAT TO DO: Book a conversation. Explore stock availability, price, assortment fit, buying cadence, competitor/offline wholesaler use and operational friction. Agree a recovery plan.
WHAT NOT TO DO: Do not reduce AM support or push migration; do not suggest the customer is at fault; do not propose chat/video/feature usage as the fix.
SUCCESS: Root cause logged and next-90-day GMV back to at least the Sep-Nov (H1) level, or the decline arrested.",,,,,Recently Active,Existing Customer,False,Not Eligible,Regular,N/A,"Stay in playbook while momentum is Declining; exit when momentum is Stable/Growing for a full run; if the account lapses, NBA moves to Verify/Win-Back.",NO_MATERIAL_CHANGE,,
ACC-022,P1,Core,6140,2. Protect / Retain First,Retention Conversation,DECLINING_KEY_CORE,Ready — Human,Draft Ready,Account Manager,False,False,PB01_RETENTION,"Personal email from AM, then call",Read brief; send outreach to book a review call.,7,"Root cause logged and next-90-day GMV back to at least the Sep-Nov (H1) level, or the decline arrested.","Customer confirms a planned pause/seasonal gap (log cadence), or no response after 2 attempts (escalate).","No response after 2 attempts, or Key account with further decline -> Portfolio Lead.",H2_SINGLE_MONTH_SPIKE,Draft ready (not sent),RET_AM,"Hi {first_name},

I'd like to set up a short call to review how sourcing through Fleek is working for you at the moment and what you're planning to buy over the next few months. It will help me make sure the stock I source for you (bundles) is the right fit. Would sometime later this week or early next week suit you?

Best,
{sender_name}","WHY NOW: Commercially important, broker-led spend is falling.
WHAT WE KNOW:
- Core, Broker-Reliant, Account Managed; £6,140 6m GMV; Reseller, United States; tenure 21 months.
- Momentum: Declining (Sep-Nov £4,539 -> Dec-Feb £1,601); Recent Inactivity (last GMV month: December); 7 orders over 3 month(s).
- Dependency: Medium (broker reliance 49%; 3 AM-placed / 4 self-serve orders).
- Engagement: 12 product views, 4 app days, 2 offer(s), 33 Fleek chats, 2 video requests; basket Bundle-only.
- Warnings: H2_SINGLE_MONTH_SPIKE.
WHAT TO DO: Book a conversation. Explore stock availability, price, assortment fit, buying cadence, competitor/offline wholesaler use and operational friction. Agree a recovery plan.
WHAT NOT TO DO: Do not reduce AM support or push migration; do not suggest the customer is at fault; do not propose chat/video/feature usage as the fix.
SUCCESS: Root cause logged and next-90-day GMV back to at least the Sep-Nov (H1) level, or the decline arrested.",,,,,Recent Inactivity,Existing Customer,False,Not Eligible,Regular,N/A,"Stay in playbook while momentum is Declining; exit when momentum is Stable/Growing for a full run; if the account lapses, NBA moves to Verify/Win-Back.",NO_MATERIAL_CHANGE,,
ACC-023,P1,Core,5727,2. Protect / Retain First,Retention Conversation,DECLINING_KEY_CORE,Ready — Human,Draft Ready,Account Manager,False,False,PB01_RETENTION,"Personal email from AM, then call",Read brief; send outreach to book a review call.,7,"Root cause logged and next-90-day GMV back to at least the Sep-Nov (H1) level, or the decline arrested.","Customer confirms a planned pause/seasonal gap (log cadence), or no response after 2 attempts (escalate).","No response after 2 attempts, or Key account with further decline -> Portfolio Lead.",FEB_SENSITIVE; H2_SINGLE_MONTH_SPIKE,Draft ready (not sent),RET_AM,"Hi {first_name},

I'd like to set up a short call to review how sourcing through Fleek is working for you at the moment and what you're planning to buy over the next few months. It will help me make sure the stock I source for you (handpicked stock) is the right fit. Would sometime later this week or early next week suit you?

Best,
{sender_name}","WHY NOW: Commercially important, broker-led spend is falling.
WHAT WE KNOW:
- Core, Broker-Reliant, Account Managed; £5,727 6m GMV; Reseller, France; tenure 43 months.
- Momentum: Declining (Sep-Nov £4,800 -> Dec-Feb £927); Recently Active (last GMV month: February); 4 orders over 4 month(s).
- Dependency: High (broker reliance 64%; 3 AM-placed / 1 self-serve orders).
- Engagement: 10 product views, 0 app days, 1 offer(s), 9 Fleek chats, 0 video requests; basket Handpick-only.
- Warnings: FEB_SENSITIVE; H2_SINGLE_MONTH_SPIKE.
WHAT TO DO: Book a conversation. Explore stock availability, price, assortment fit, buying cadence, competitor/offline wholesaler use and operational friction. Agree a recovery plan.
WHAT NOT TO DO: Do not reduce AM support or push migration; do not suggest the customer is at fault; do not propose chat/video/feature usage as the fix.
SUCCESS: Root cause logged and next-90-day GMV back to at least the Sep-Nov (H1) level, or the decline arrested.",,,,,Recently Active,Existing Customer,False,Not Eligible,Lumpy,N/A,"Stay in playbook while momentum is Declining; exit when momentum is Stable/Growing for a full run; if the account lapses, NBA moves to Verify/Win-Back.",NO_MATERIAL_CHANGE,,
ACC-024,P2,Core,5214,1. Migration Candidate,Guided Self-Serve Migration,MIGRATION_PHASE1_REVIEW,Human Review Required,Awaiting Human Review,Account Manager,False,False,PB03_GUIDED_MIGRATION,AM call + in-app walkthrough; automated milestone tracking,AM resolves the Phase 1 guardrail(s) before any customer contact.,15,"Day 90: Self-Serve Capability Demonstrated (>=25 PDP views, >=6 app days, self-serve share above baseline) with GMV guardrail held.",GMV guardrail breached (At Risk) -> restore high-touch support; no behaviour change at day 90 -> reassess suitability.,At Risk at day 45; any Key account change; customer pushback on the change.,PHASE1_MANUAL_REVIEW; BORDERLINE_MOMENTUM,Withheld until human review is complete,,,"WHY NOW: Meets Phase 1 entry criteria but a guardrail (borderline/February-sensitive momentum, lumpy cadence or broker % inconsistency) must be resolved.
WHAT WE KNOW:
- Core, Broker-Reliant, Account Managed; £5,214 6m GMV; Reseller, United Kingdom; tenure 11 months.
- Momentum: Stable (Sep-Nov £2,883 -> Dec-Feb £2,330); Recently Active (last GMV month: February); 14 orders over 5 month(s).
- Dependency: High (broker reliance 64%; 9 AM-placed / 5 self-serve orders).
- Engagement: 12 product views, 6 app days, 2 offer(s), 27 Fleek chats, 0 video requests; basket Bundle-only.
- Warnings: PHASE1_MANUAL_REVIEW; BORDERLINE_MOMENTUM.
WHAT TO DO: Resolve the listed guardrail(s) (verify order history / momentum), then decide Ready or not suitable. Record the decision.
WHAT NOT TO DO: Do not contact the customer about self-serve changes until review is complete.
SUCCESS: Day 90: Self-Serve Capability Demonstrated (>=25 PDP views, >=6 app days, self-serve share above baseline) with GMV guardrail held.",,,,,Recently Active,Existing Customer,False,Manual Review,Regular,Baseline,"Enter 90-day monitoring inputs; migration_progress_status updates (Baseline/Progressing/Capability/At Risk). Day-90 outcomes: Capability Demonstrated, Progressing - Extend, At Risk - Restore support, No Change - Reassess.",NO_MATERIAL_CHANGE,,
ACC-025,P2,Core,5014,6. Growth Opportunity,Reinforce Successful Behaviour,HEALTHY_STRONG_SELF_SERVE,Ready — Automated,Draft Ready,Automation,False,True,PB06_REINFORCE,Email / in-app message,Queue automated message (Reinforce Successful Behaviour).,30,"GMV run-rate maintained or higher, with GMV in each month of the next quarter.",Account shows Recent Inactivity (playbook must not run) or momentum turns Declining.,Recent Inactivity -> Verify check (human).,H2_SINGLE_MONTH_SPIKE,Draft ready (not sent),REINFORCE,"Hi {first_name},

Thanks for being an active Fleek buyer. Just a quick note to keep an eye on the app for bundles and handpicked stock that fits your range, and to let you know we're here if there's anything specific you're trying to source. Reply any time and we'll help.

Best,
{sender_name}",,,,,,Recently Active,Existing Customer,False,Not Eligible,Regular,N/A,Suppressed if Recent Inactivity; otherwise no repeat inside 30 days.,NO_MATERIAL_CHANGE,,
ACC-026,P1,Core,4772,3. Win-Back / Verify,Verify Demand / Win-Back,LAPSED_THIN_HISTORY,Ready — Human,Draft Ready,Account Manager,False,False,PB02_VERIFY_WINBACK,"Personal email from AM, then call","Send cadence check-in (verify, don't assume churn).",14,"Cadence recorded and account reclassified, or a new order within 90 days (60 days for recent-inactivity checks).",Customer confirms infrequent/seasonal buying (set a reminder for their window) or confirms churn (log reason).,Key account with no response after 2 attempts -> Portfolio Lead.,LOW_CONFIDENCE,Draft ready (not sent),VERIFY_CADENCE,"Hi {first_name},

Thanks for your previous orders with Fleek. I wanted to check how you usually plan your stock buying (seasonal, project by project, or ongoing) so we can get in touch at the right moments rather than too often. Happy to talk on a quick call, or just reply here with what works for you.

Best,
{sender_name}","WHY NOW: Apparent lapse rests on 1-2 orders or one buying month; cadence is unknown.
WHAT WE KNOW:
- Core, Broker-Reliant, Account Managed; £4,772 6m GMV; Reseller, Germany; tenure 9 months.
- Momentum: Lapsed; No Meaningful History (last GMV month: November); 2 orders over 2 month(s).
- Dependency: High (broker reliance 82%; 2 AM-placed / 0 self-serve orders).
- Engagement: 0 product views, 1 app days, 2 offer(s), 6 Fleek chats, 0 video requests; basket Bundle-only.
- Warnings: LOW_CONFIDENCE.
WHAT TO DO: Do not assume churn. Verify expected purchase frequency first, then set the next contact window.
WHAT NOT TO DO: Do not treat as churn or run a discount-led win-back.
SUCCESS: Cadence recorded and account reclassified, or a new order within 90 days (60 days for recent-inactivity checks).",,,,,No Meaningful History,Existing Customer,False,Not Eligible,Lumpy,N/A,"If an order appears, the account re-segments automatically; if confirmed seasonal, suppress re-contact until the stated window.",NO_MATERIAL_CHANGE,,
ACC-027,P2,Core,4678,1. Migration Candidate,Guided Self-Serve Migration,MIGRATION_PHASE1_READY,Ready — Hybrid,Draft Ready,Account Manager,False,False,PB03_GUIDED_MIGRATION,AM call + in-app walkthrough; automated milestone tracking,Day 0: AM walkthrough call on independent stock discovery.,15,"Day 90: Self-Serve Capability Demonstrated (>=25 PDP views, >=6 app days, self-serve share above baseline) with GMV guardrail held.",GMV guardrail breached (At Risk) -> restore high-touch support; no behaviour change at day 90 -> reassess suitability.,At Risk at day 45; any Key account change; customer pushback on the change.,NO_FEB_GMV (Feb unconfirmed),Draft ready (not sent),MIG_DAY0,"Hi {first_name},

Alongside the stock I source for you, I'd like to show you how to browse Fleek's full range directly in the app, so you can look through bundles whenever it suits you, make an offer where it fits and place orders yourself. I'm still here for anything you need. Could we do a short walkthrough together this week?

Best,
{sender_name}","WHY NOW: Broker-reliant Core account with healthy, regular spend and repeat self-serve checkout, but little independent browsing.
WHAT WE KNOW:
- Core, Broker-Reliant, Account Managed; £4,678 6m GMV; Retailer, Australia; tenure 30 months.
- Momentum: Stable (Sep-Nov £2,280 -> Dec-Feb £2,398); Recently Active (last GMV month: January); 25 orders over 5 month(s).
- Dependency: High (broker reliance 73%; 18 AM-placed / 7 self-serve orders).
- Engagement: 14 product views, 3 app days, 1 offer(s), 4 Fleek chats, 0 video requests; basket Bundle-only.
- Warnings: NO_FEB_GMV (Feb unconfirmed).
WHAT TO DO: Run the Phase 1 plan: Day 0 app walkthrough focused on finding stock independently; check-in Day 15-30; formal review Day 45; outcome Day 90.
WHAT NOT TO DO: Do not remove AM support; do not mention cost reduction or 'migration'.
SUCCESS: Day 90: Self-Serve Capability Demonstrated (>=25 PDP views, >=6 app days, self-serve share above baseline) with GMV guardrail held.",,,,,Recently Active,Existing Customer,False,Ready,Regular,Baseline,"Enter 90-day monitoring inputs; migration_progress_status updates (Baseline/Progressing/Capability/At Risk). Day-90 outcomes: Capability Demonstrated, Progressing - Extend, At Risk - Restore support, No Change - Reassess.",NO_MATERIAL_CHANGE,,
ACC-028,P1,Core,4639,2. Protect / Retain First,Retention Conversation,DECLINING_KEY_CORE,Ready — Human,Draft Ready,Account Manager,False,False,PB01_RETENTION,"Personal email from AM, then call",Read brief; send outreach to book a review call.,7,"Root cause logged and next-90-day GMV back to at least the Sep-Nov (H1) level, or the decline arrested.","Customer confirms a planned pause/seasonal gap (log cadence), or no response after 2 attempts (escalate).","No response after 2 attempts, or Key account with further decline -> Portfolio Lead.",H2_SINGLE_MONTH_SPIKE; NO_FEB_GMV (Feb unconfirmed),Draft ready (not sent),RET_AM,"Hi {first_name},

I'd like to set up a short call to review how sourcing through Fleek is working for you at the moment and what you're planning to buy over the next few months. It will help me make sure the stock I source for you (handpicked stock) is the right fit. Would sometime later this week or early next week suit you?

Best,
{sender_name}","WHY NOW: Commercially important, broker-led spend is falling.
WHAT WE KNOW:
- Core, Broker-Reliant, Account Managed; £4,639 6m GMV; Reseller, Netherlands; tenure 11 months.
- Momentum: Declining (Sep-Nov £3,271 -> Dec-Feb £1,368); Recently Active (last GMV month: January); 7 orders over 4 month(s).
- Dependency: High (broker reliance 48%; 3 AM-placed / 4 self-serve orders).
- Engagement: 8 product views, 4 app days, 1 offer(s), 35 Fleek chats, 0 video requests; basket Handpick-only.
- Warnings: H2_SINGLE_MONTH_SPIKE; NO_FEB_GMV (Feb unconfirmed).
WHAT TO DO: Book a conversation. Explore stock availability, price, assortment fit, buying cadence, competitor/offline wholesaler use and operational friction. Agree a recovery plan.
WHAT NOT TO DO: Do not reduce AM support or push migration; do not suggest the customer is at fault; do not propose chat/video/feature usage as the fix.
SUCCESS: Root cause logged and next-90-day GMV back to at least the Sep-Nov (H1) level, or the decline arrested.",,,,,Recently Active,Existing Customer,False,Not Eligible,Regular,N/A,"Stay in playbook while momentum is Declining; exit when momentum is Stable/Growing for a full run; if the account lapses, NBA moves to Verify/Win-Back.",NO_MATERIAL_CHANGE,,
ACC-029,P3,Core,4513,1. Migration Candidate,Guided Self-Serve Migration,MIGRATION_PRE_ENTRY,Ready — Human,Draft Ready,Account Manager,False,False,PB03_GUIDED_MIGRATION,AM call + in-app walkthrough; automated milestone tracking,AM encourages a second self-serve checkout.,15,"Day 90: Self-Serve Capability Demonstrated (>=25 PDP views, >=6 app days, self-serve share above baseline) with GMV guardrail held.",GMV guardrail breached (At Risk) -> restore high-touch support; no behaviour change at day 90 -> reassess suitability.,At Risk at day 45; any Key account change; customer pushback on the change.,MATERIAL_BROKER_INCONSISTENCY,Draft ready (not sent),MIG_PREENTRY,"Hi {first_name},

A quick tip: whenever you spot something you like while browsing the Fleek app, you can place the order directly there, at a time that suits you. I'll keep sourcing for you as usual, so nothing changes on my side. Let me know if a short walkthrough of the app would be helpful.

Best,
{sender_name}","WHY NOW: Broker-reliant Core account with healthy spend but only one self-serve order.
WHAT WE KNOW:
- Core, Broker-Reliant, Account Managed; £4,513 6m GMV; Reseller, United Kingdom; tenure 6 months.
- Momentum: Growing (Sep-Nov £496 -> Dec-Feb £4,018); Recently Active (last GMV month: February); 5 orders over 4 month(s).
- Dependency: High (broker reliance 78%; 4 AM-placed / 1 self-serve orders).
- Engagement: 10 product views, 6 app days, 0 offer(s), 3 Fleek chats, 0 video requests; basket Mixed.
- Warnings: MATERIAL_BROKER_INCONSISTENCY.
WHAT TO DO: Encourage a second self-serve checkout on stock the customer already wants; keep sourcing as usual; re-assess for Phase 1 next run.
WHAT NOT TO DO: Do not reduce sourcing support.
SUCCESS: Day 90: Self-Serve Capability Demonstrated (>=25 PDP views, >=6 app days, self-serve share above baseline) with GMV guardrail held.",,,,,Recently Active,Existing Customer,False,Not Eligible,Regular,Baseline,"Enter 90-day monitoring inputs; migration_progress_status updates (Baseline/Progressing/Capability/At Risk). Day-90 outcomes: Capability Demonstrated, Progressing - Extend, At Risk - Restore support, No Change - Reassess.",NO_MATERIAL_CHANGE,,
ACC-030,P2,Core,4415,1. Migration Candidate,Guided Self-Serve Migration,MIGRATION_PHASE1_READY,Ready — Hybrid,Draft Ready,Account Manager,False,False,PB03_GUIDED_MIGRATION,AM call + in-app walkthrough; automated milestone tracking,Day 0: AM walkthrough call on independent stock discovery.,15,"Day 90: Self-Serve Capability Demonstrated (>=25 PDP views, >=6 app days, self-serve share above baseline) with GMV guardrail held.",GMV guardrail breached (At Risk) -> restore high-touch support; no behaviour change at day 90 -> reassess suitability.,At Risk at day 45; any Key account change; customer pushback on the change.,H2_SINGLE_MONTH_SPIKE; NO_FEB_GMV (Feb unconfirmed),Draft ready (not sent),MIG_DAY0,"Hi {first_name},

Alongside the stock I source for you, I'd like to show you how to browse Fleek's full range directly in the app, so you can look through bundles and handpicked stock whenever it suits you, make an offer where it fits and place orders yourself. I'm still here for anything you need. Could we do a short walkthrough together this week?

Best,
{sender_name}","WHY NOW: Broker-reliant Core account with healthy, regular spend and repeat self-serve checkout, but little independent browsing.
WHAT WE KNOW:
- Core, Broker-Reliant, Account Managed; £4,415 6m GMV; Reseller, United Kingdom; tenure 48 months.
- Momentum: Growing (Sep-Nov £902 -> Dec-Feb £3,513); Recently Active (last GMV month: January); 5 orders over 4 month(s).
- Dependency: High (broker reliance 68%; 3 AM-placed / 2 self-serve orders).
- Engagement: 2 product views, 2 app days, 0 offer(s), 15 Fleek chats, 1 video requests; basket Mixed.
- Warnings: H2_SINGLE_MONTH_SPIKE; NO_FEB_GMV (Feb unconfirmed).
WHAT TO DO: Run the Phase 1 plan: Day 0 app walkthrough focused on finding stock independently; check-in Day 15-30; formal review Day 45; outcome Day 90.
WHAT NOT TO DO: Do not remove AM support; do not mention cost reduction or 'migration'.
SUCCESS: Day 90: Self-Serve Capability Demonstrated (>=25 PDP views, >=6 app days, self-serve share above baseline) with GMV guardrail held.",,,,,Recently Active,Existing Customer,False,Ready,Regular,Baseline,"Enter 90-day monitoring inputs; migration_progress_status updates (Baseline/Progressing/Capability/At Risk). Day-90 outcomes: Capability Demonstrated, Progressing - Extend, At Risk - Restore support, No Change - Reassess.",NO_MATERIAL_CHANGE,,
ACC-031,P2,Core,4372,1. Migration Candidate,Guided Self-Serve Migration,MIGRATION_PHASE1_READY,Ready — Hybrid,Draft Ready,Account Manager,False,False,PB03_GUIDED_MIGRATION,AM call + in-app walkthrough; automated milestone tracking,Day 0: AM walkthrough call on independent stock discovery.,15,"Day 90: Self-Serve Capability Demonstrated (>=25 PDP views, >=6 app days, self-serve share above baseline) with GMV guardrail held.",GMV guardrail breached (At Risk) -> restore high-touch support; no behaviour change at day 90 -> reassess suitability.,At Risk at day 45; any Key account change; customer pushback on the change.,,Draft ready (not sent),MIG_DAY0,"Hi {first_name},

Alongside the stock I source for you, I'd like to show you how to browse Fleek's full range directly in the app, so you can look through bundles and handpicked stock whenever it suits you, make an offer where it fits and place orders yourself. I'm still here for anything you need. Could we do a short walkthrough together this week?

Best,
{sender_name}","WHY NOW: Broker-reliant Core account with healthy, regular spend and repeat self-serve checkout, but little independent browsing.
WHAT WE KNOW:
- Core, Broker-Reliant, Account Managed; £4,372 6m GMV; Reseller, France; tenure 9 months.
- Momentum: Growing (Sep-Nov £1,194 -> Dec-Feb £3,178); Recently Active (last GMV month: February); 8 orders over 3 month(s).
- Dependency: High (broker reliance 79%; 6 AM-placed / 2 self-serve orders).
- Engagement: 1 product views, 5 app days, 1 offer(s), 34 Fleek chats, 1 video requests; basket Mixed.
WHAT TO DO: Run the Phase 1 plan: Day 0 app walkthrough focused on finding stock independently; check-in Day 15-30; formal review Day 45; outcome Day 90.
WHAT NOT TO DO: Do not remove AM support; do not mention cost reduction or 'migration'.
SUCCESS: Day 90: Self-Serve Capability Demonstrated (>=25 PDP views, >=6 app days, self-serve share above baseline) with GMV guardrail held.",,,,,Recently Active,Existing Customer,False,Ready,Regular,Baseline,"Enter 90-day monitoring inputs; migration_progress_status updates (Baseline/Progressing/Capability/At Risk). Day-90 outcomes: Capability Demonstrated, Progressing - Extend, At Risk - Restore support, No Change - Reassess.",NO_MATERIAL_CHANGE,,
ACC-032,P1,Core,4179,3. Win-Back / Verify,Verify Demand / Win-Back,LAPSED_THIN_HISTORY,Ready — Human,Draft Ready,Account Manager,False,False,PB02_VERIFY_WINBACK,"Personal email from AM, then call","Send cadence check-in (verify, don't assume churn).",14,"Cadence recorded and account reclassified, or a new order within 90 days (60 days for recent-inactivity checks).",Customer confirms infrequent/seasonal buying (set a reminder for their window) or confirms churn (log reason).,Key account with no response after 2 attempts -> Portfolio Lead.,LOW_CONFIDENCE,Draft ready (not sent),VERIFY_CADENCE,"Hi {first_name},

Thanks for your previous orders with Fleek. I wanted to check how you usually plan your stock buying (seasonal, project by project, or ongoing) so we can get in touch at the right moments rather than too often. Happy to talk on a quick call, or just reply here with what works for you.

Best,
{sender_name}","WHY NOW: Apparent lapse rests on 1-2 orders or one buying month; cadence is unknown.
WHAT WE KNOW:
- Core, Broker-Reliant, Account Managed; £4,179 6m GMV; Reseller, France; tenure 12 months.
- Momentum: Lapsed; No Meaningful History (last GMV month: November); 2 orders over 2 month(s).
- Dependency: High (broker reliance 80%; 2 AM-placed / 0 self-serve orders).
- Engagement: 10 product views, 1 app days, 1 offer(s), 64 Fleek chats, 0 video requests; basket Handpick-only.
- Warnings: LOW_CONFIDENCE.
WHAT TO DO: Do not assume churn. Verify expected purchase frequency first, then set the next contact window.
WHAT NOT TO DO: Do not treat as churn or run a discount-led win-back.
SUCCESS: Cadence recorded and account reclassified, or a new order within 90 days (60 days for recent-inactivity checks).",,,,,No Meaningful History,Existing Customer,False,Not Eligible,Lumpy,N/A,"If an order appears, the account re-segments automatically; if confirmed seasonal, suppress re-contact until the stated window.",NO_MATERIAL_CHANGE,,
ACC-033,P2,Core,3925,1. Migration Candidate,Guided Self-Serve Migration,MIGRATION_PHASE1_REVIEW,Human Review Required,Awaiting Human Review,Account Manager,False,False,PB03_GUIDED_MIGRATION,AM call + in-app walkthrough; automated milestone tracking,AM resolves the Phase 1 guardrail(s) before any customer contact.,15,"Day 90: Self-Serve Capability Demonstrated (>=25 PDP views, >=6 app days, self-serve share above baseline) with GMV guardrail held.",GMV guardrail breached (At Risk) -> restore high-touch support; no behaviour change at day 90 -> reassess suitability.,At Risk at day 45; any Key account change; customer pushback on the change.,PHASE1_MANUAL_REVIEW; BORDERLINE_MOMENTUM,Withheld until human review is complete,,,"WHY NOW: Meets Phase 1 entry criteria but a guardrail (borderline/February-sensitive momentum, lumpy cadence or broker % inconsistency) must be resolved.
WHAT WE KNOW:
- Core, Broker-Reliant, Account Managed; £3,925 6m GMV; Reseller, Netherlands; tenure 7 months.
- Momentum: Stable (Sep-Nov £2,126 -> Dec-Feb £1,799); Recently Active (last GMV month: February); 8 orders over 5 month(s).
- Dependency: Medium (broker reliance 54%; 4 AM-placed / 4 self-serve orders).
- Engagement: 12 product views, 2 app days, 2 offer(s), 14 Fleek chats, 0 video requests; basket Bundle-only.
- Warnings: PHASE1_MANUAL_REVIEW; BORDERLINE_MOMENTUM.
WHAT TO DO: Resolve the listed guardrail(s) (verify order history / momentum), then decide Ready or not suitable. Record the decision.
WHAT NOT TO DO: Do not contact the customer about self-serve changes until review is complete.
SUCCESS: Day 90: Self-Serve Capability Demonstrated (>=25 PDP views, >=6 app days, self-serve share above baseline) with GMV guardrail held.",,,,,Recently Active,Existing Customer,False,Manual Review,Regular,Baseline,"Enter 90-day monitoring inputs; migration_progress_status updates (Baseline/Progressing/Capability/At Risk). Day-90 outcomes: Capability Demonstrated, Progressing - Extend, At Risk - Restore support, No Change - Reassess.",NO_MATERIAL_CHANGE,,
ACC-034,P3,Core,3913,1. Migration Candidate,Guided Self-Serve Migration,MIGRATION_PRE_ENTRY,Ready — Human,Draft Ready,Account Manager,False,False,PB03_GUIDED_MIGRATION,AM call + in-app walkthrough; automated milestone tracking,AM encourages a second self-serve checkout.,15,"Day 90: Self-Serve Capability Demonstrated (>=25 PDP views, >=6 app days, self-serve share above baseline) with GMV guardrail held.",GMV guardrail breached (At Risk) -> restore high-touch support; no behaviour change at day 90 -> reassess suitability.,At Risk at day 45; any Key account change; customer pushback on the change.,LUMPY_CADENCE; MATERIAL_BROKER_INCONSISTENCY; H2_SINGLE_MONTH_SPIKE; NO_FEB_GMV (Feb unconfirmed),Draft ready (not sent),MIG_PREENTRY,"Hi {first_name},

A quick tip: whenever you spot something you like while browsing the Fleek app, you can place the order directly there, at a time that suits you. I'll keep sourcing for you as usual, so nothing changes on my side. Let me know if a short walkthrough of the app would be helpful.

Best,
{sender_name}","WHY NOW: Broker-reliant Core account with healthy spend but only one self-serve order.
WHAT WE KNOW:
- Core, Broker-Reliant, Account Managed; £3,913 6m GMV; Reseller, Germany; tenure 7 months.
- Momentum: Stable (Sep-Nov £1,941 -> Dec-Feb £1,971); Recently Active (last GMV month: January); 4 orders over 4 month(s).
- Dependency: High (broker reliance 82%; 3 AM-placed / 1 self-serve orders).
- Engagement: 9 product views, 5 app days, 1 offer(s), 76 Fleek chats, 0 video requests; basket Handpick-only.
- Warnings: LUMPY_CADENCE; MATERIAL_BROKER_INCONSISTENCY; H2_SINGLE_MONTH_SPIKE; NO_FEB_GMV (Feb unconfirmed).
WHAT TO DO: Encourage a second self-serve checkout on stock the customer already wants; keep sourcing as usual; re-assess for Phase 1 next run.
WHAT NOT TO DO: Do not reduce sourcing support.
SUCCESS: Day 90: Self-Serve Capability Demonstrated (>=25 PDP views, >=6 app days, self-serve share above baseline) with GMV guardrail held.",,,,,Recently Active,Existing Customer,False,Not Eligible,Lumpy,Baseline,"Enter 90-day monitoring inputs; migration_progress_status updates (Baseline/Progressing/Capability/At Risk). Day-90 outcomes: Capability Demonstrated, Progressing - Extend, At Risk - Restore support, No Change - Reassess.",NO_MATERIAL_CHANGE,,
ACC-035,P1,Core,3906,2. Protect / Retain First,Retention Conversation,DECLINING_KEY_CORE,Ready — Human,Draft Ready,Account Manager,False,False,PB01_RETENTION,"Personal email from AM, then call",Read brief; send outreach to book a review call.,7,"Root cause logged and next-90-day GMV back to at least the Sep-Nov (H1) level, or the decline arrested.","Customer confirms a planned pause/seasonal gap (log cadence), or no response after 2 attempts (escalate).","No response after 2 attempts, or Key account with further decline -> Portfolio Lead.",MATERIAL_BROKER_INCONSISTENCY; H2_SINGLE_MONTH_SPIKE; NO_FEB_GMV (Feb unconfirmed),Draft ready (not sent),RET_AM,"Hi {first_name},

I'd like to set up a short call to review how sourcing through Fleek is working for you at the moment and what you're planning to buy over the next few months. It will help me make sure the stock I source for you (handpicked stock) is the right fit. Would sometime later this week or early next week suit you?

Best,
{sender_name}","WHY NOW: Commercially important, broker-led spend is falling.
WHAT WE KNOW:
- Core, Broker-Reliant, Account Managed; £3,906 6m GMV; Reseller, United Kingdom; tenure 19 months.
- Momentum: Declining (Sep-Nov £2,595 -> Dec-Feb £1,311); Recently Active (last GMV month: January); 5 orders over 3 month(s).
- Dependency: Medium (broker reliance 55%; 3 AM-placed / 2 self-serve orders).
- Engagement: 11 product views, 6 app days, 0 offer(s), 86 Fleek chats, 3 video requests; basket Handpick-only.
- Warnings: MATERIAL_BROKER_INCONSISTENCY; H2_SINGLE_MONTH_SPIKE; NO_FEB_GMV (Feb unconfirmed).
WHAT TO DO: Book a conversation. Explore stock availability, price, assortment fit, buying cadence, competitor/offline wholesaler use and operational friction. Agree a recovery plan.
WHAT NOT TO DO: Do not reduce AM support or push migration; do not suggest the customer is at fault; do not propose chat/video/feature usage as the fix.
SUCCESS: Root cause logged and next-90-day GMV back to at least the Sep-Nov (H1) level, or the decline arrested.",,,,,Recently Active,Existing Customer,False,Not Eligible,Regular,N/A,"Stay in playbook while momentum is Declining; exit when momentum is Stable/Growing for a full run; if the account lapses, NBA moves to Verify/Win-Back.",NO_MATERIAL_CHANGE,,
ACC-036,P2,Core,3879,1. Migration Candidate,Guided Self-Serve Migration,MIGRATION_PHASE1_REVIEW,Human Review Required,Awaiting Human Review,Account Manager,False,False,PB03_GUIDED_MIGRATION,AM call + in-app walkthrough; automated milestone tracking,AM resolves the Phase 1 guardrail(s) before any customer contact.,15,"Day 90: Self-Serve Capability Demonstrated (>=25 PDP views, >=6 app days, self-serve share above baseline) with GMV guardrail held.",GMV guardrail breached (At Risk) -> restore high-touch support; no behaviour change at day 90 -> reassess suitability.,At Risk at day 45; any Key account change; customer pushback on the change.,PHASE1_MANUAL_REVIEW; LUMPY_CADENCE; H2_SINGLE_MONTH_SPIKE; NO_FEB_GMV (Feb unconfirmed),Withheld until human review is complete,,,"WHY NOW: Meets Phase 1 entry criteria but a guardrail (borderline/February-sensitive momentum, lumpy cadence or broker % inconsistency) must be resolved.
WHAT WE KNOW:
- Core, Broker-Reliant, Account Managed; £3,879 6m GMV; Retailer, United Kingdom; tenure 13 months.
- Momentum: Growing (Sep-Nov £369 -> Dec-Feb £3,510); Recently Active (last GMV month: January); 37 orders over 2 month(s).
- Dependency: High (broker reliance 76%; 28 AM-placed / 9 self-serve orders).
- Engagement: 2 product views, 6 app days, 1 offer(s), 22 Fleek chats, 0 video requests; basket Mixed.
- Warnings: PHASE1_MANUAL_REVIEW; LUMPY_CADENCE; H2_SINGLE_MONTH_SPIKE; NO_FEB_GMV (Feb unconfirmed).
WHAT TO DO: Resolve the listed guardrail(s) (verify order history / momentum), then decide Ready or not suitable. Record the decision.
WHAT NOT TO DO: Do not contact the customer about self-serve changes until review is complete.
SUCCESS: Day 90: Self-Serve Capability Demonstrated (>=25 PDP views, >=6 app days, self-serve share above baseline) with GMV guardrail held.",,,,,Recently Active,Existing Customer,False,Manual Review,Lumpy,Baseline,"Enter 90-day monitoring inputs; migration_progress_status updates (Baseline/Progressing/Capability/At Risk). Day-90 outcomes: Capability Demonstrated, Progressing - Extend, At Risk - Restore support, No Change - Reassess.",NO_MATERIAL_CHANGE,,
ACC-037,P1,Core,3863,2. Protect / Retain First,Retention Conversation,DECLINING_KEY_CORE,Ready — Human,Draft Ready,Account Manager,False,False,PB01_RETENTION,"Personal email from AM, then call",Read brief; send outreach to book a review call.,7,"Root cause logged and next-90-day GMV back to at least the Sep-Nov (H1) level, or the decline arrested.","Customer confirms a planned pause/seasonal gap (log cadence), or no response after 2 attempts (escalate).","No response after 2 attempts, or Key account with further decline -> Portfolio Lead.",,Draft ready (not sent),RET_AM,"Hi {first_name},

I'd like to set up a short call to review how sourcing through Fleek is working for you at the moment and what you're planning to buy over the next few months. It will help me make sure the stock I source for you (bundles and handpicked stock) is the right fit. Would sometime later this week or early next week suit you?

Best,
{sender_name}","WHY NOW: Commercially important, broker-led spend is falling.
WHAT WE KNOW:
- Core, Broker-Reliant, Account Managed; £3,863 6m GMV; Reseller, Belgium; tenure 11 months.
- Momentum: Declining (Sep-Nov £2,595 -> Dec-Feb £1,267); Recently Active (last GMV month: February); 7 orders over 4 month(s).
- Dependency: High (broker reliance 84%; 6 AM-placed / 1 self-serve orders).
- Engagement: 8 product views, 2 app days, 1 offer(s), 55 Fleek chats, 0 video requests; basket Mixed.
WHAT TO DO: Book a conversation. Explore stock availability, price, assortment fit, buying cadence, competitor/offline wholesaler use and operational friction. Agree a recovery plan.
WHAT NOT TO DO: Do not reduce AM support or push migration; do not suggest the customer is at fault; do not propose chat/video/feature usage as the fix.
SUCCESS: Root cause logged and next-90-day GMV back to at least the Sep-Nov (H1) level, or the decline arrested.",,,,,Recently Active,Existing Customer,False,Not Eligible,Regular,N/A,"Stay in playbook while momentum is Declining; exit when momentum is Stable/Growing for a full run; if the account lapses, NBA moves to Verify/Win-Back.",NO_MATERIAL_CHANGE,,
ACC-038,P1,Core,3702,8. Retention / Reactivation,Verify Demand / Win-Back,LAPSED_THIN_HISTORY,Ready — Human,Draft Ready,Account Manager,False,False,PB02_VERIFY_WINBACK,"Personal email from AM, then call","Send cadence check-in (verify, don't assume churn).",14,"Cadence recorded and account reclassified, or a new order within 90 days (60 days for recent-inactivity checks).",Customer confirms infrequent/seasonal buying (set a reminder for their window) or confirms churn (log reason).,Key account with no response after 2 attempts -> Portfolio Lead.,LOW_CONFIDENCE,Draft ready (not sent),VERIFY_CADENCE,"Hi {first_name},

Thanks for your previous orders with Fleek. I wanted to check how you usually plan your stock buying (seasonal, project by project, or ongoing) so we can get in touch at the right moments rather than too often. Happy to talk on a quick call, or just reply here with what works for you.

Best,
{sender_name}","WHY NOW: Apparent lapse rests on 1-2 orders or one buying month; cadence is unknown.
WHAT WE KNOW:
- Core, AM-Owned / Self-Serving, Account Managed; £3,702 6m GMV; Retailer, United Kingdom; tenure 32 months.
- Momentum: Lapsed; No Meaningful History (last GMV month: October); 2 orders over 2 month(s).
- Dependency: Low (broker reliance 4%; 0 AM-placed / 2 self-serve orders).
- Engagement: 78 product views, 16 app days, 2 offer(s), 37 Fleek chats, 0 video requests; basket Handpick-only.
- Warnings: LOW_CONFIDENCE.
WHAT TO DO: Do not assume churn. Verify expected purchase frequency first, then set the next contact window.
WHAT NOT TO DO: Do not treat as churn or run a discount-led win-back.
SUCCESS: Cadence recorded and account reclassified, or a new order within 90 days (60 days for recent-inactivity checks).",,,,,No Meaningful History,Existing Customer,False,Not Eligible,Lumpy,N/A,"If an order appears, the account re-segments automatically; if confirmed seasonal, suppress re-contact until the stated window.",NO_MATERIAL_CHANGE,,
ACC-039,P3,Core,3626,1. Migration Candidate,Guided Self-Serve Migration,MIGRATION_PRE_ENTRY,Ready — Human,Draft Ready,Account Manager,False,False,PB03_GUIDED_MIGRATION,AM call + in-app walkthrough; automated milestone tracking,AM encourages a second self-serve checkout.,15,"Day 90: Self-Serve Capability Demonstrated (>=25 PDP views, >=6 app days, self-serve share above baseline) with GMV guardrail held.",GMV guardrail breached (At Risk) -> restore high-touch support; no behaviour change at day 90 -> reassess suitability.,At Risk at day 45; any Key account change; customer pushback on the change.,LUMPY_CADENCE; FEB_SENSITIVE; H2_SINGLE_MONTH_SPIKE,Draft ready (not sent),MIG_PREENTRY,"Hi {first_name},

A quick tip: whenever you spot something you like while browsing the Fleek app, you can place the order directly there, at a time that suits you. I'll keep sourcing for you as usual, so nothing changes on my side. Let me know if a short walkthrough of the app would be helpful.

Best,
{sender_name}","WHY NOW: Broker-reliant Core account with healthy spend but only one self-serve order.
WHAT WE KNOW:
- Core, Broker-Reliant, Account Managed; £3,626 6m GMV; Reseller, France; tenure 22 months.
- Momentum: Growing (Sep-Nov £1,453 -> Dec-Feb £2,173); Recently Active (last GMV month: February); 4 orders over 3 month(s).
- Dependency: High (broker reliance 70%; 3 AM-placed / 1 self-serve orders).
- Engagement: 11 product views, 5 app days, 1 offer(s), 159 Fleek chats, 1 video requests; basket Mixed.
- Warnings: LUMPY_CADENCE; FEB_SENSITIVE; H2_SINGLE_MONTH_SPIKE.
WHAT TO DO: Encourage a second self-serve checkout on stock the customer already wants; keep sourcing as usual; re-assess for Phase 1 next run.
WHAT NOT TO DO: Do not reduce sourcing support.
SUCCESS: Day 90: Self-Serve Capability Demonstrated (>=25 PDP views, >=6 app days, self-serve share above baseline) with GMV guardrail held.",,,,,Recently Active,Existing Customer,False,Not Eligible,Lumpy,Baseline,"Enter 90-day monitoring inputs; migration_progress_status updates (Baseline/Progressing/Capability/At Risk). Day-90 outcomes: Capability Demonstrated, Progressing - Extend, At Risk - Restore support, No Change - Reassess.",NO_MATERIAL_CHANGE,,
ACC-040,P1,Core,3579,2. Protect / Retain First,Retention Conversation,DECLINING_KEY_CORE,Ready — Human,Draft Ready,Account Manager,False,False,PB01_RETENTION,"Personal email from AM, then call",Read brief; send outreach to book a review call.,7,"Root cause logged and next-90-day GMV back to at least the Sep-Nov (H1) level, or the decline arrested.","Customer confirms a planned pause/seasonal gap (log cadence), or no response after 2 attempts (escalate).","No response after 2 attempts, or Key account with further decline -> Portfolio Lead.",FEB_SENSITIVE; H2_SINGLE_MONTH_SPIKE,Draft ready (not sent),RET_AM,"Hi {first_name},

I'd like to set up a short call to review how sourcing through Fleek is working for you at the moment and what you're planning to buy over the next few months. It will help me make sure the stock I source for you (handpicked stock) is the right fit. Would sometime later this week or early next week suit you?

Best,
{sender_name}","WHY NOW: Commercially important, broker-led spend is falling.
WHAT WE KNOW:
- Core, Broker-Reliant, Account Managed; £3,579 6m GMV; Reseller, United States; tenure 12 months.
- Momentum: Declining (Sep-Nov £2,692 -> Dec-Feb £887); Recently Active (last GMV month: February); 6 orders over 3 month(s).
- Dependency: High (broker reliance 72%; 4 AM-placed / 2 self-serve orders).
- Engagement: 13 product views, 6 app days, 1 offer(s), 8 Fleek chats, 1 video requests; basket Handpick-only.
- Warnings: FEB_SENSITIVE; H2_SINGLE_MONTH_SPIKE.
WHAT TO DO: Book a conversation. Explore stock availability, price, assortment fit, buying cadence, competitor/offline wholesaler use and operational friction. Agree a recovery plan.
WHAT NOT TO DO: Do not reduce AM support or push migration; do not suggest the customer is at fault; do not propose chat/video/feature usage as the fix.
SUCCESS: Root cause logged and next-90-day GMV back to at least the Sep-Nov (H1) level, or the decline arrested.",,,,,Recently Active,Existing Customer,False,Not Eligible,Regular,N/A,"Stay in playbook while momentum is Declining; exit when momentum is Stable/Growing for a full run; if the account lapses, NBA moves to Verify/Win-Back.",NO_MATERIAL_CHANGE,,
ACC-041,P1,Core,3549,2. Protect / Retain First,Retention Conversation,DECLINING_KEY_CORE,Ready — Human,Draft Ready,Account Manager,False,False,PB01_RETENTION,"Personal email from AM, then call",Read brief; send outreach to book a review call.,7,"Root cause logged and next-90-day GMV back to at least the Sep-Nov (H1) level, or the decline arrested.","Customer confirms a planned pause/seasonal gap (log cadence), or no response after 2 attempts (escalate).","No response after 2 attempts, or Key account with further decline -> Portfolio Lead.",MATERIAL_BROKER_INCONSISTENCY; NO_FEB_GMV (Feb unconfirmed),Draft ready (not sent),RET_AM,"Hi {first_name},

I'd like to set up a short call to review how sourcing through Fleek is working for you at the moment and what you're planning to buy over the next few months. It will help me make sure the stock I source for you (bundles and handpicked stock) is the right fit. Would sometime later this week or early next week suit you?

Best,
{sender_name}","WHY NOW: Commercially important, broker-led spend is falling.
WHAT WE KNOW:
- Core, Broker-Reliant, Account Managed; £3,549 6m GMV; Reseller, France; tenure 28 months.
- Momentum: Declining (Sep-Nov £2,505 -> Dec-Feb £1,045); Recently Active (last GMV month: January); 7 orders over 5 month(s).
- Dependency: High (broker reliance 61%; 4 AM-placed / 3 self-serve orders).
- Engagement: 2 product views, 6 app days, 0 offer(s), 25 Fleek chats, 0 video requests; basket Mixed.
- Warnings: MATERIAL_BROKER_INCONSISTENCY; NO_FEB_GMV (Feb unconfirmed).
WHAT TO DO: Book a conversation. Explore stock availability, price, assortment fit, buying cadence, competitor/offline wholesaler use and operational friction. Agree a recovery plan.
WHAT NOT TO DO: Do not reduce AM support or push migration; do not suggest the customer is at fault; do not propose chat/video/feature usage as the fix.
SUCCESS: Root cause logged and next-90-day GMV back to at least the Sep-Nov (H1) level, or the decline arrested.",,,,,Recently Active,Existing Customer,False,Not Eligible,Regular,N/A,"Stay in playbook while momentum is Declining; exit when momentum is Stable/Growing for a full run; if the account lapses, NBA moves to Verify/Win-Back.",NO_MATERIAL_CHANGE,,
ACC-042,P1,Core,3478,8. Retention / Reactivation,Verify Demand / Win-Back,LAPSED_THIN_HISTORY,Ready — Human,Draft Ready,Account Manager,False,False,PB02_VERIFY_WINBACK,"Personal email from AM, then call","Send cadence check-in (verify, don't assume churn).",14,"Cadence recorded and account reclassified, or a new order within 90 days (60 days for recent-inactivity checks).",Customer confirms infrequent/seasonal buying (set a reminder for their window) or confirms churn (log reason).,Key account with no response after 2 attempts -> Portfolio Lead.,LOW_CONFIDENCE,Draft ready (not sent),VERIFY_CADENCE,"Hi {first_name},

Thanks for your previous orders with Fleek. I wanted to check how you usually plan your stock buying (seasonal, project by project, or ongoing) so we can get in touch at the right moments rather than too often. Happy to talk on a quick call, or just reply here with what works for you.

Best,
{sender_name}","WHY NOW: Apparent lapse rests on 1-2 orders or one buying month; cadence is unknown.
WHAT WE KNOW:
- Core, AM-Owned / Self-Serving, Account Managed; £3,478 6m GMV; Reseller, Switzerland; tenure 34 months.
- Momentum: Lapsed; No Meaningful History (last GMV month: September); 1 orders over 1 month(s).
- Dependency: Low (broker reliance 6%; 0 AM-placed / 1 self-serve orders).
- Engagement: 1 product views, 1 app days, 0 offer(s), 53 Fleek chats, 0 video requests; basket Handpick-only.
- Warnings: LOW_CONFIDENCE.
WHAT TO DO: Do not assume churn. Verify expected purchase frequency first, then set the next contact window.
WHAT NOT TO DO: Do not treat as churn or run a discount-led win-back.
SUCCESS: Cadence recorded and account reclassified, or a new order within 90 days (60 days for recent-inactivity checks).",,,,,No Meaningful History,Existing Customer,False,Not Eligible,Lumpy,N/A,"If an order appears, the account re-segments automatically; if confirmed seasonal, suppress re-contact until the stated window.",NO_MATERIAL_CHANGE,,
ACC-043,P1,Core,3434,2. Protect / Retain First,Retention Conversation,DECLINING_KEY_CORE,Ready — Human,Draft Ready,Account Manager,False,False,PB01_RETENTION,"Personal email from AM, then call",Read brief; send outreach to book a review call.,7,"Root cause logged and next-90-day GMV back to at least the Sep-Nov (H1) level, or the decline arrested.","Customer confirms a planned pause/seasonal gap (log cadence), or no response after 2 attempts (escalate).","No response after 2 attempts, or Key account with further decline -> Portfolio Lead.",H2_SINGLE_MONTH_SPIKE; NO_FEB_GMV (Feb unconfirmed),Draft ready (not sent),RET_AM,"Hi {first_name},

I'd like to set up a short call to review how sourcing through Fleek is working for you at the moment and what you're planning to buy over the next few months. It will help me make sure the stock I source for you (bundles and handpicked stock) is the right fit. Would sometime later this week or early next week suit you?

Best,
{sender_name}","WHY NOW: Commercially important, broker-led spend is falling.
WHAT WE KNOW:
- Core, Broker-Reliant, Account Managed; £3,434 6m GMV; Reseller, France; tenure 20 months.
- Momentum: Declining (Sep-Nov £2,455 -> Dec-Feb £980); Recently Active (last GMV month: January); 5 orders over 3 month(s).
- Dependency: High (broker reliance 64%; 3 AM-placed / 2 self-serve orders).
- Engagement: 3 product views, 5 app days, 1 offer(s), 36 Fleek chats, 0 video requests; basket Mixed.
- Warnings: H2_SINGLE_MONTH_SPIKE; NO_FEB_GMV (Feb unconfirmed).
WHAT TO DO: Book a conversation. Explore stock availability, price, assortment fit, buying cadence, competitor/offline wholesaler use and operational friction. Agree a recovery plan.
WHAT NOT TO DO: Do not reduce AM support or push migration; do not suggest the customer is at fault; do not propose chat/video/feature usage as the fix.
SUCCESS: Root cause logged and next-90-day GMV back to at least the Sep-Nov (H1) level, or the decline arrested.",,,,,Recently Active,Existing Customer,False,Not Eligible,Regular,N/A,"Stay in playbook while momentum is Declining; exit when momentum is Stable/Growing for a full run; if the account lapses, NBA moves to Verify/Win-Back.",NO_MATERIAL_CHANGE,,
ACC-044,P1,Core,3383,3. Win-Back / Verify,Verify Demand / Win-Back,LAPSED_THIN_HISTORY,Ready — Human,Draft Ready,Account Manager,False,False,PB02_VERIFY_WINBACK,"Personal email from AM, then call","Send cadence check-in (verify, don't assume churn).",14,"Cadence recorded and account reclassified, or a new order within 90 days (60 days for recent-inactivity checks).",Customer confirms infrequent/seasonal buying (set a reminder for their window) or confirms churn (log reason).,Key account with no response after 2 attempts -> Portfolio Lead.,,Draft ready (not sent),VERIFY_CADENCE,"Hi {first_name},

Thanks for your previous orders with Fleek. I wanted to check how you usually plan your stock buying (seasonal, project by project, or ongoing) so we can get in touch at the right moments rather than too often. Happy to talk on a quick call, or just reply here with what works for you.

Best,
{sender_name}","WHY NOW: Apparent lapse rests on 1-2 orders or one buying month; cadence is unknown.
WHAT WE KNOW:
- Core, Broker-Reliant, Account Managed; £3,383 6m GMV; Retailer, France; tenure 8 months.
- Momentum: Lapsed; No Meaningful History (last GMV month: September); 3 orders over 1 month(s).
- Dependency: High (broker reliance 66%; 2 AM-placed / 1 self-serve orders).
- Engagement: 3 product views, 0 app days, 1 offer(s), 8 Fleek chats, 0 video requests; basket Bundle-only.
WHAT TO DO: Do not assume churn. Verify expected purchase frequency first, then set the next contact window.
WHAT NOT TO DO: Do not treat as churn or run a discount-led win-back.
SUCCESS: Cadence recorded and account reclassified, or a new order within 90 days (60 days for recent-inactivity checks).",,,,,No Meaningful History,Existing Customer,False,Not Eligible,Lumpy,N/A,"If an order appears, the account re-segments automatically; if confirmed seasonal, suppress re-contact until the stated window.",NO_MATERIAL_CHANGE,,
ACC-045,P1,Core,3331,2. Protect / Retain First,Retention Conversation,DECLINING_KEY_CORE,Ready — Human,Draft Ready,Account Manager,False,False,PB01_RETENTION,"Personal email from AM, then call",Read brief; send outreach to book a review call.,7,"Root cause logged and next-90-day GMV back to at least the Sep-Nov (H1) level, or the decline arrested.","Customer confirms a planned pause/seasonal gap (log cadence), or no response after 2 attempts (escalate).","No response after 2 attempts, or Key account with further decline -> Portfolio Lead.",,Draft ready (not sent),RET_AM,"Hi {first_name},

I'd like to set up a short call to review how sourcing through Fleek is working for you at the moment and what you're planning to buy over the next few months. It will help me make sure the stock I source for you (bundles and handpicked stock) is the right fit. Would sometime later this week or early next week suit you?

Best,
{sender_name}","WHY NOW: Commercially important, broker-led spend is falling.
WHAT WE KNOW:
- Core, Broker-Reliant, Account Managed; £3,331 6m GMV; Reseller, New Zealand; tenure 7 months.
- Momentum: Declining (Sep-Nov £2,556 -> Dec-Feb £775); Recently Active (last GMV month: February); 18 orders over 5 month(s).
- Dependency: Medium (broker reliance 52%; 9 AM-placed / 9 self-serve orders).
- Engagement: 13 product views, 2 app days, 2 offer(s), 9 Fleek chats, 1 video requests; basket Mixed.
WHAT TO DO: Book a conversation. Explore stock availability, price, assortment fit, buying cadence, competitor/offline wholesaler use and operational friction. Agree a recovery plan.
WHAT NOT TO DO: Do not reduce AM support or push migration; do not suggest the customer is at fault; do not propose chat/video/feature usage as the fix.
SUCCESS: Root cause logged and next-90-day GMV back to at least the Sep-Nov (H1) level, or the decline arrested.",,,,,Recently Active,Existing Customer,False,Not Eligible,Regular,N/A,"Stay in playbook while momentum is Declining; exit when momentum is Stable/Growing for a full run; if the account lapses, NBA moves to Verify/Win-Back.",NO_MATERIAL_CHANGE,,
ACC-046,P1,Core,3283,2. Protect / Retain First,Retention Conversation,DECLINING_KEY_CORE,Ready — Human,Draft Ready,Account Manager,False,False,PB01_RETENTION,"Personal email from AM, then call",Read brief; send outreach to book a review call.,7,"Root cause logged and next-90-day GMV back to at least the Sep-Nov (H1) level, or the decline arrested.","Customer confirms a planned pause/seasonal gap (log cadence), or no response after 2 attempts (escalate).","No response after 2 attempts, or Key account with further decline -> Portfolio Lead.",FEB_SENSITIVE; H2_SINGLE_MONTH_SPIKE,Draft ready (not sent),RET_AM,"Hi {first_name},

I'd like to set up a short call to review how sourcing through Fleek is working for you at the moment and what you're planning to buy over the next few months. It will help me make sure the stock I source for you (handpicked stock) is the right fit. Would sometime later this week or early next week suit you?

Best,
{sender_name}","WHY NOW: Commercially important, broker-led spend is falling.
WHAT WE KNOW:
- Core, Broker-Reliant, Account Managed; £3,283 6m GMV; Reseller, Portugal; tenure 11 months.
- Momentum: Declining (Sep-Nov £2,081 -> Dec-Feb £1,202); Recently Active (last GMV month: February); 3 orders over 2 month(s).
- Dependency: High (broker reliance 60%; 2 AM-placed / 1 self-serve orders).
- Engagement: 1 product views, 1 app days, 1 offer(s), 27 Fleek chats, 0 video requests; basket Handpick-only.
- Warnings: FEB_SENSITIVE; H2_SINGLE_MONTH_SPIKE.
WHAT TO DO: Book a conversation. Explore stock availability, price, assortment fit, buying cadence, competitor/offline wholesaler use and operational friction. Agree a recovery plan.
WHAT NOT TO DO: Do not reduce AM support or push migration; do not suggest the customer is at fault; do not propose chat/video/feature usage as the fix.
SUCCESS: Root cause logged and next-90-day GMV back to at least the Sep-Nov (H1) level, or the decline arrested.",,,,,Recently Active,Existing Customer,False,Not Eligible,Lumpy,N/A,"Stay in playbook while momentum is Declining; exit when momentum is Stable/Growing for a full run; if the account lapses, NBA moves to Verify/Win-Back.",NO_MATERIAL_CHANGE,,
ACC-047,P2,Core,3200,4. Establish / Re-establish / Observe,Establish / Re-establish,RETURNED_CUSTOMER,Ready — Human,Draft Ready,Account Manager,False,False,PB04_ESTABLISH,"Personal email from AM, then call",Send welcome-back outreach; book a call.,10,New: 2+ orders across 2+ months within 90 days. Returned: orders in at least 2 of the next 3 months.,Second order placed (new) or cadence agreed (returned).,Returned Key account with no response after 2 attempts -> Portfolio Lead.,,Draft ready (not sent),EST_RETURNED,"Hi {first_name},

Great to see you ordering with Fleek again. I'd love to catch up on what you're sourcing at the moment and how often you're planning to buy, so we can make sure the right bundles and handpicked stock is in front of you. Would a quick call in the next week or two work?

Best,
{sender_name}","WHY NOW: Long-tenured customer returned in Dec-Feb after no Sep-Nov spend.
WHAT WE KNOW:
- Core, Broker-Reliant, Account Managed; £3,200 6m GMV; Reseller, United Kingdom; tenure 10 months.
- Momentum: H2 Active / No H1 GMV; Recently Active (last GMV month: February); 6 orders over 2 month(s).
- Dependency: Medium (broker reliance 53%; 3 AM-placed / 3 self-serve orders).
- Engagement: 2 product views, 8 app days, 1 offer(s), 15 Fleek chats, 3 video requests; basket Mixed.
WHAT TO DO: Welcome-back conversation: what brought them back, what they are sourcing now, how often they plan to buy.
WHAT NOT TO DO: Do not treat them as a brand-new customer.
SUCCESS: New: 2+ orders across 2+ months within 90 days. Returned: orders in at least 2 of the next 3 months.",,,,,Recently Active,Returned Customer,False,Not Eligible,Lumpy,N/A,Once H1/H2 history exists the account leaves this playbook automatically via re-segmentation.,NO_MATERIAL_CHANGE,,
ACC-048,P2,Core,4613,7. Onboard / Re-engage / Learn,Establish / Re-establish,RETURNED_CUSTOMER,Ready — Human,Draft Ready,Account Manager,False,False,PB04_ESTABLISH,"Personal email from AM, then call",Send welcome-back outreach; book a call.,10,New: 2+ orders across 2+ months within 90 days. Returned: orders in at least 2 of the next 3 months.,Second order placed (new) or cadence agreed (returned).,Returned Key account with no response after 2 attempts -> Portfolio Lead.,,Draft ready (not sent),EST_RETURNED,"Hi {first_name},

Great to see you ordering with Fleek again. I'd love to catch up on what you're sourcing at the moment and how often you're planning to buy, so we can make sure the right handpicked stock is in front of you. Would a quick call in the next week or two work?

Best,
{sender_name}","WHY NOW: Long-tenured customer returned in Dec-Feb after no Sep-Nov spend.
WHAT WE KNOW:
- Core, AM-Owned / Self-Serving, Account Managed; £4,613 6m GMV; Reseller, United Kingdom; tenure 14 months.
- Momentum: H2 Active / No H1 GMV; Recently Active (last GMV month: February); 6 orders over 2 month(s).
- Dependency: Low (broker reliance 15%; 1 AM-placed / 5 self-serve orders).
- Engagement: 488 product views, 30 app days, 1 offer(s), 24 Fleek chats, 0 video requests; basket Handpick-only.
WHAT TO DO: Welcome-back conversation: what brought them back, what they are sourcing now, how often they plan to buy.
WHAT NOT TO DO: Do not treat them as a brand-new customer.
SUCCESS: New: 2+ orders across 2+ months within 90 days. Returned: orders in at least 2 of the next 3 months.",,,,,Recently Active,Returned Customer,False,Not Eligible,Lumpy,N/A,Once H1/H2 history exists the account leaves this playbook automatically via re-segmentation.,NO_MATERIAL_CHANGE,GUARDRAILS_CHANGED;DATA_UPDATED,
ACC-049,P3,Core,3111,1. Migration Candidate,Guided Self-Serve Migration,MIGRATION_PRE_ENTRY,Ready — Human,Draft Ready,Account Manager,False,False,PB03_GUIDED_MIGRATION,AM call + in-app walkthrough; automated milestone tracking,AM encourages a second self-serve checkout.,15,"Day 90: Self-Serve Capability Demonstrated (>=25 PDP views, >=6 app days, self-serve share above baseline) with GMV guardrail held.",GMV guardrail breached (At Risk) -> restore high-touch support; no behaviour change at day 90 -> reassess suitability.,At Risk at day 45; any Key account change; customer pushback on the change.,,Draft ready (not sent),MIG_PREENTRY,"Hi {first_name},

A quick tip: whenever you spot something you like while browsing the Fleek app, you can place the order directly there, at a time that suits you. I'll keep sourcing for you as usual, so nothing changes on my side. Let me know if a short walkthrough of the app would be helpful.

Best,
{sender_name}","WHY NOW: Broker-reliant Core account with healthy spend but only one self-serve order.
WHAT WE KNOW:
- Core, Broker-Reliant, Account Managed; £3,111 6m GMV; Reseller, United Kingdom; tenure 10 months.
- Momentum: Growing (Sep-Nov £765 -> Dec-Feb £2,347); Recently Active (last GMV month: February); 7 orders over 5 month(s).
- Dependency: High (broker reliance 81%; 6 AM-placed / 1 self-serve orders).
- Engagement: 13 product views, 8 app days, 1 offer(s), 20 Fleek chats, 0 video requests; basket Bundle-only.
WHAT TO DO: Encourage a second self-serve checkout on stock the customer already wants; keep sourcing as usual; re-assess for Phase 1 next run.
WHAT NOT TO DO: Do not reduce sourcing support.
SUCCESS: Day 90: Self-Serve Capability Demonstrated (>=25 PDP views, >=6 app days, self-serve share above baseline) with GMV guardrail held.",,,,,Recently Active,Existing Customer,False,Not Eligible,Regular,Baseline,"Enter 90-day monitoring inputs; migration_progress_status updates (Baseline/Progressing/Capability/At Risk). Day-90 outcomes: Capability Demonstrated, Progressing - Extend, At Risk - Restore support, No Change - Reassess.",NO_MATERIAL_CHANGE,,
ACC-050,P1,Core,3044,3. Win-Back / Verify,Verify Demand / Win-Back,LAPSED_THIN_HISTORY,Ready — Human,Draft Ready,Account Manager,False,False,PB02_VERIFY_WINBACK,"Personal email from AM, then call","Send cadence check-in (verify, don't assume churn).",14,"Cadence recorded and account reclassified, or a new order within 90 days (60 days for recent-inactivity checks).",Customer confirms infrequent/seasonal buying (set a reminder for their window) or confirms churn (log reason).,Key account with no response after 2 attempts -> Portfolio Lead.,,Draft ready (not sent),VERIFY_CADENCE,"Hi {first_name},

Thanks for your previous orders with Fleek. I wanted to check how you usually plan your stock buying (seasonal, project by project, or ongoing) so we can get in touch at the right moments rather than too often. Happy to talk on a quick call, or just reply here with what works for you.

Best,
{sender_name}","WHY NOW: Apparent lapse rests on 1-2 orders or one buying month; cadence is unknown.
WHAT WE KNOW:
- Core, Broker-Reliant, Account Managed; £3,044 6m GMV; Reseller, Germany; tenure 7 months.
- Momentum: Lapsed; No Meaningful History (last GMV month: October); 6 orders over 1 month(s).
- Dependency: Medium (broker reliance 46%; 3 AM-placed / 3 self-serve orders).
- Engagement: 9 product views, 5 app days, 1 offer(s), 79 Fleek chats, 1 video requests; basket Mixed.
WHAT TO DO: Do not assume churn. Verify expected purchase frequency first, then set the next contact window.
WHAT NOT TO DO: Do not treat as churn or run a discount-led win-back.
SUCCESS: Cadence recorded and account reclassified, or a new order within 90 days (60 days for recent-inactivity checks).",,,,,No Meaningful History,Existing Customer,False,Not Eligible,Lumpy,N/A,"If an order appears, the account re-segments automatically; if confirmed seasonal, suppress re-contact until the stated window.",NO_MATERIAL_CHANGE,,
ACC-051,P1,Core,2992,8. Retention / Reactivation,Retention Conversation,ENGAGED_BUT_SHRINKING,Ready — Human,Draft Ready,Account Manager,False,False,PB01_RETENTION,"Personal email from AM, then call",Read brief; send outreach to book a call.,7,"Root cause logged and next-90-day GMV back to at least the Sep-Nov (H1) level, or the decline arrested.","Customer confirms a planned pause/seasonal gap (log cadence), or no response after 2 attempts (escalate).","No response after 2 attempts, or Key account with further decline -> Portfolio Lead.",,Draft ready (not sent),RET_AM,"Hi {first_name},

I'd like to set up a short call to review how sourcing through Fleek is working for you at the moment and what you're planning to buy over the next few months. It will help me make sure the stock I source for you (bundles and handpicked stock) is the right fit. Would sometime later this week or early next week suit you?

Best,
{sender_name}","WHY NOW: Heavily self-serving account whose spend is falling; product adoption is not the issue.
WHAT WE KNOW:
- Core, AM-Owned / Self-Serving, Account Managed; £2,992 6m GMV; Reseller, Austria; tenure 8 months.
- Momentum: Declining (Sep-Nov £1,724 -> Dec-Feb £1,268); Recently Active (last GMV month: February); 7 orders over 4 month(s).
- Dependency: Low (broker reliance 12%; 1 AM-placed / 6 self-serve orders).
- Engagement: 2403 product views, 113 app days, 4 offer(s), 18 Fleek chats, 0 video requests; basket Mixed.
WHAT TO DO: Book a conversation. The customer already uses the product heavily: explore stock availability, price, offer outcomes and competitor use.
WHAT NOT TO DO: Do not send more product nudges - engagement is not the problem.
SUCCESS: Root cause logged and next-90-day GMV back to at least the Sep-Nov (H1) level, or the decline arrested.",,,,,Recently Active,Existing Customer,False,Not Eligible,Regular,N/A,"Stay in playbook while momentum is Declining; exit when momentum is Stable/Growing for a full run; if the account lapses, NBA moves to Verify/Win-Back.",NO_MATERIAL_CHANGE,,
ACC-052,P1,Core,2952,2. Protect / Retain First,Retention Conversation,DECLINING_KEY_CORE,Ready — Human,Draft Ready,Account Manager,False,False,PB01_RETENTION,"Personal email from AM, then call",Read brief; send outreach to book a review call.,7,"Root cause logged and next-90-day GMV back to at least the Sep-Nov (H1) level, or the decline arrested.","Customer confirms a planned pause/seasonal gap (log cadence), or no response after 2 attempts (escalate).","No response after 2 attempts, or Key account with further decline -> Portfolio Lead.",H2_SINGLE_MONTH_SPIKE,Draft ready (not sent),RET_AM,"Hi {first_name},

I'd like to set up a short call to review how sourcing through Fleek is working for you at the moment and what you're planning to buy over the next few months. It will help me make sure the stock I source for you (bundles and handpicked stock) is the right fit. Would sometime later this week or early next week suit you?

Best,
{sender_name}","WHY NOW: Commercially important, broker-led spend is falling.
WHAT WE KNOW:
- Core, Broker-Reliant, Account Managed; £2,952 6m GMV; Reseller, United Kingdom; tenure 6 months.
- Momentum: Declining (Sep-Nov £2,249 -> Dec-Feb £703); Recent Inactivity (last GMV month: December); 8 orders over 3 month(s).
- Dependency: High (broker reliance 64%; 5 AM-placed / 3 self-serve orders).
- Engagement: 8 product views, 6 app days, 2 offer(s), 10 Fleek chats, 4 video requests; basket Mixed.
- Warnings: H2_SINGLE_MONTH_SPIKE.
WHAT TO DO: Book a conversation. Explore stock availability, price, assortment fit, buying cadence, competitor/offline wholesaler use and operational friction. Agree a recovery plan.
WHAT NOT TO DO: Do not reduce AM support or push migration; do not suggest the customer is at fault; do not propose chat/video/feature usage as the fix.
SUCCESS: Root cause logged and next-90-day GMV back to at least the Sep-Nov (H1) level, or the decline arrested.",,,,,Recent Inactivity,Existing Customer,False,Not Eligible,Regular,N/A,"Stay in playbook while momentum is Declining; exit when momentum is Stable/Growing for a full run; if the account lapses, NBA moves to Verify/Win-Back.",NO_MATERIAL_CHANGE,,
ACC-053,P1,Core,2581,2. Protect / Retain First,Retention Conversation,DECLINING_KEY_CORE,Ready — Human,Draft Ready,Account Manager,False,False,PB01_RETENTION,"Personal email from AM, then call",Read brief; send outreach to book a review call.,7,"Root cause logged and next-90-day GMV back to at least the Sep-Nov (H1) level, or the decline arrested.","Customer confirms a planned pause/seasonal gap (log cadence), or no response after 2 attempts (escalate).","No response after 2 attempts, or Key account with further decline -> Portfolio Lead.",FEB_SENSITIVE; H2_SINGLE_MONTH_SPIKE,Draft ready (not sent),RET_AM,"Hi {first_name},

I'd like to set up a short call to review how sourcing through Fleek is working for you at the moment and what you're planning to buy over the next few months. It will help me make sure the stock I source for you (bundles and handpicked stock) is the right fit. Would sometime later this week or early next week suit you?

Best,
{sender_name}","WHY NOW: Commercially important, broker-led spend is falling.
WHAT WE KNOW:
- Core, Broker-Reliant, Account Managed; £2,581 6m GMV; Reseller, Czech Republic; tenure 14 months.
- Momentum: Declining (Sep-Nov £2,493 -> Dec-Feb £87); Recently Active (last GMV month: February); 7 orders over 4 month(s).
- Dependency: High (broker reliance 82%; 6 AM-placed / 1 self-serve orders).
- Engagement: 3 product views, 7 app days, 1 offer(s), 166 Fleek chats, 0 video requests; basket Mixed.
- Warnings: FEB_SENSITIVE; H2_SINGLE_MONTH_SPIKE.
WHAT TO DO: Book a conversation. Explore stock availability, price, assortment fit, buying cadence, competitor/offline wholesaler use and operational friction. Agree a recovery plan.
WHAT NOT TO DO: Do not reduce AM support or push migration; do not suggest the customer is at fault; do not propose chat/video/feature usage as the fix.
SUCCESS: Root cause logged and next-90-day GMV back to at least the Sep-Nov (H1) level, or the decline arrested.",,,,,Recently Active,Existing Customer,False,Not Eligible,Regular,N/A,"Stay in playbook while momentum is Declining; exit when momentum is Stable/Growing for a full run; if the account lapses, NBA moves to Verify/Win-Back.",NO_MATERIAL_CHANGE,,
ACC-054,P1,Core,2516,2. Protect / Retain First,Retention Conversation,DECLINING_KEY_CORE,Ready — Human,Draft Ready,Account Manager,False,False,PB01_RETENTION,"Personal email from AM, then call",Read brief; send outreach to book a review call.,7,"Root cause logged and next-90-day GMV back to at least the Sep-Nov (H1) level, or the decline arrested.","Customer confirms a planned pause/seasonal gap (log cadence), or no response after 2 attempts (escalate).","No response after 2 attempts, or Key account with further decline -> Portfolio Lead.",,Draft ready (not sent),RET_AM,"Hi {first_name},

I'd like to set up a short call to review how sourcing through Fleek is working for you at the moment and what you're planning to buy over the next few months. It will help me make sure the stock I source for you (bundles and handpicked stock) is the right fit. Would sometime later this week or early next week suit you?

Best,
{sender_name}","WHY NOW: Commercially important, broker-led spend is falling.
WHAT WE KNOW:
- Core, Broker-Reliant, Account Managed; £2,516 6m GMV; Reseller, United Kingdom; tenure 6 months.
- Momentum: Declining (Sep-Nov £2,117 -> Dec-Feb £399); Recently Active (last GMV month: February); 9 orders over 5 month(s).
- Dependency: High (broker reliance 77%; 7 AM-placed / 2 self-serve orders).
- Engagement: 4 product views, 3 app days, 1 offer(s), 2 Fleek chats, 0 video requests; basket Mixed.
WHAT TO DO: Book a conversation. Explore stock availability, price, assortment fit, buying cadence, competitor/offline wholesaler use and operational friction. Agree a recovery plan.
WHAT NOT TO DO: Do not reduce AM support or push migration; do not suggest the customer is at fault; do not propose chat/video/feature usage as the fix.
SUCCESS: Root cause logged and next-90-day GMV back to at least the Sep-Nov (H1) level, or the decline arrested.",,,,,Recently Active,Existing Customer,False,Not Eligible,Regular,N/A,"Stay in playbook while momentum is Declining; exit when momentum is Stable/Growing for a full run; if the account lapses, NBA moves to Verify/Win-Back.",NO_MATERIAL_CHANGE,,
ACC-055,P1,Core,2514,2. Protect / Retain First,Retention Conversation,DECLINING_KEY_CORE,Ready — Human,Draft Ready,Account Manager,False,False,PB01_RETENTION,"Personal email from AM, then call",Read brief; send outreach to book a review call.,7,"Root cause logged and next-90-day GMV back to at least the Sep-Nov (H1) level, or the decline arrested.","Customer confirms a planned pause/seasonal gap (log cadence), or no response after 2 attempts (escalate).","No response after 2 attempts, or Key account with further decline -> Portfolio Lead.",,Draft ready (not sent),RET_AM,"Hi {first_name},

I'd like to set up a short call to review how sourcing through Fleek is working for you at the moment and what you're planning to buy over the next few months. It will help me make sure the stock I source for you (bundles) is the right fit. Would sometime later this week or early next week suit you?

Best,
{sender_name}","WHY NOW: Commercially important, broker-led spend is falling.
WHAT WE KNOW:
- Core, Broker-Reliant, Account Managed; £2,514 6m GMV; Reseller, United Kingdom; tenure 17 months.
- Momentum: Declining (Sep-Nov £2,221 -> Dec-Feb £293); Recently Active (last GMV month: February); 12 orders over 5 month(s).
- Dependency: High (broker reliance 77%; 9 AM-placed / 3 self-serve orders).
- Engagement: 14 product views, 5 app days, 2 offer(s), 13 Fleek chats, 0 video requests; basket Bundle-only.
WHAT TO DO: Book a conversation. Explore stock availability, price, assortment fit, buying cadence, competitor/offline wholesaler use and operational friction. Agree a recovery plan.
WHAT NOT TO DO: Do not reduce AM support or push migration; do not suggest the customer is at fault; do not propose chat/video/feature usage as the fix.
SUCCESS: Root cause logged and next-90-day GMV back to at least the Sep-Nov (H1) level, or the decline arrested.",,,,,Recently Active,Existing Customer,False,Not Eligible,Regular,N/A,"Stay in playbook while momentum is Declining; exit when momentum is Stable/Growing for a full run; if the account lapses, NBA moves to Verify/Win-Back.",NO_MATERIAL_CHANGE,,
ACC-056,P2,Core,2380,1. Migration Candidate,Guided Self-Serve Migration,MIGRATION_PHASE1_REVIEW,Human Review Required,Awaiting Human Review,Account Manager,False,False,PB03_GUIDED_MIGRATION,AM call + in-app walkthrough; automated milestone tracking,AM resolves the Phase 1 guardrail(s) before any customer contact.,15,"Day 90: Self-Serve Capability Demonstrated (>=25 PDP views, >=6 app days, self-serve share above baseline) with GMV guardrail held.",GMV guardrail breached (At Risk) -> restore high-touch support; no behaviour change at day 90 -> reassess suitability.,At Risk at day 45; any Key account change; customer pushback on the change.,PHASE1_MANUAL_REVIEW; BORDERLINE_MOMENTUM; MATERIAL_BROKER_INCONSISTENCY; NO_FEB_GMV (Feb unconfirmed),Withheld until human review is complete,,,"WHY NOW: Meets Phase 1 entry criteria but a guardrail (borderline/February-sensitive momentum, lumpy cadence or broker % inconsistency) must be resolved.
WHAT WE KNOW:
- Core, Broker-Reliant, Account Managed; £2,380 6m GMV; Reseller, United Kingdom; tenure 7 months.
- Momentum: Stable (Sep-Nov £1,089 -> Dec-Feb £1,291); Recently Active (last GMV month: January); 5 orders over 3 month(s).
- Dependency: Medium (broker reliance 54%; 3 AM-placed / 2 self-serve orders).
- Engagement: 9 product views, 7 app days, 1 offer(s), 9 Fleek chats, 0 video requests; basket Mixed.
- Warnings: PHASE1_MANUAL_REVIEW; BORDERLINE_MOMENTUM; MATERIAL_BROKER_INCONSISTENCY; NO_FEB_GMV (Feb unconfirmed).
WHAT TO DO: Resolve the listed guardrail(s) (verify order history / momentum), then decide Ready or not suitable. Record the decision.
WHAT NOT TO DO: Do not contact the customer about self-serve changes until review is complete.
SUCCESS: Day 90: Self-Serve Capability Demonstrated (>=25 PDP views, >=6 app days, self-serve share above baseline) with GMV guardrail held.",,,,,Recently Active,Existing Customer,False,Manual Review,Regular,Baseline,"Enter 90-day monitoring inputs; migration_progress_status updates (Baseline/Progressing/Capability/At Risk). Day-90 outcomes: Capability Demonstrated, Progressing - Extend, At Risk - Restore support, No Change - Reassess.",NO_MATERIAL_CHANGE,,
ACC-057,P3,Core,2366,1. Migration Candidate,Guided Self-Serve Migration,MIGRATION_PRE_ENTRY,Ready — Human,Draft Ready,Account Manager,False,False,PB03_GUIDED_MIGRATION,AM call + in-app walkthrough; automated milestone tracking,AM encourages a second self-serve checkout.,15,"Day 90: Self-Serve Capability Demonstrated (>=25 PDP views, >=6 app days, self-serve share above baseline) with GMV guardrail held.",GMV guardrail breached (At Risk) -> restore high-touch support; no behaviour change at day 90 -> reassess suitability.,At Risk at day 45; any Key account change; customer pushback on the change.,LUMPY_CADENCE; H2_SINGLE_MONTH_SPIKE,Draft ready (not sent),MIG_PREENTRY,"Hi {first_name},

A quick tip: whenever you spot something you like while browsing the Fleek app, you can place the order directly there, at a time that suits you. I'll keep sourcing for you as usual, so nothing changes on my side. Let me know if a short walkthrough of the app would be helpful.

Best,
{sender_name}","WHY NOW: Broker-reliant Core account with healthy spend but only one self-serve order.
WHAT WE KNOW:
- Core, Broker-Reliant, Account Managed; £2,366 6m GMV; Reseller, France; tenure 16 months.
- Momentum: Stable (Sep-Nov £1,167 -> Dec-Feb £1,199); Recent Inactivity (last GMV month: December); 3 orders over 3 month(s).
- Dependency: High (broker reliance 61%; 2 AM-placed / 1 self-serve orders).
- Engagement: 4 product views, 4 app days, 1 offer(s), 2 Fleek chats, 0 video requests; basket Bundle-only.
- Warnings: LUMPY_CADENCE; H2_SINGLE_MONTH_SPIKE.
WHAT TO DO: Encourage a second self-serve checkout on stock the customer already wants; keep sourcing as usual; re-assess for Phase 1 next run.
WHAT NOT TO DO: Do not reduce sourcing support.
SUCCESS: Day 90: Self-Serve Capability Demonstrated (>=25 PDP views, >=6 app days, self-serve share above baseline) with GMV guardrail held.",,,,,Recent Inactivity,Existing Customer,False,Not Eligible,Lumpy,Baseline,"Enter 90-day monitoring inputs; migration_progress_status updates (Baseline/Progressing/Capability/At Risk). Day-90 outcomes: Capability Demonstrated, Progressing - Extend, At Risk - Restore support, No Change - Reassess.",NO_MATERIAL_CHANGE,,
ACC-058,P2,Core,2277,1. Migration Candidate,Guided Self-Serve Migration,MIGRATION_PHASE1_REVIEW,Human Review Required,Awaiting Human Review,Account Manager,False,False,PB03_GUIDED_MIGRATION,AM call + in-app walkthrough; automated milestone tracking,AM resolves the Phase 1 guardrail(s) before any customer contact.,15,"Day 90: Self-Serve Capability Demonstrated (>=25 PDP views, >=6 app days, self-serve share above baseline) with GMV guardrail held.",GMV guardrail breached (At Risk) -> restore high-touch support; no behaviour change at day 90 -> reassess suitability.,At Risk at day 45; any Key account change; customer pushback on the change.,PHASE1_MANUAL_REVIEW; LUMPY_CADENCE; FEB_SENSITIVE; H2_SINGLE_MONTH_SPIKE,Withheld until human review is complete,,,"WHY NOW: Meets Phase 1 entry criteria but a guardrail (borderline/February-sensitive momentum, lumpy cadence or broker % inconsistency) must be resolved.
WHAT WE KNOW:
- Core, Broker-Reliant, Account Managed; £2,277 6m GMV; Reseller, Germany; tenure 14 months.
- Momentum: Growing (Sep-Nov £982 -> Dec-Feb £1,295); Recently Active (last GMV month: February); 8 orders over 2 month(s).
- Dependency: Medium (broker reliance 48%; 4 AM-placed / 4 self-serve orders).
- Engagement: 3 product views, 5 app days, 0 offer(s), 21 Fleek chats, 2 video requests; basket Mixed.
- Warnings: PHASE1_MANUAL_REVIEW; LUMPY_CADENCE; FEB_SENSITIVE; H2_SINGLE_MONTH_SPIKE.
WHAT TO DO: Resolve the listed guardrail(s) (verify order history / momentum), then decide Ready or not suitable. Record the decision.
WHAT NOT TO DO: Do not contact the customer about self-serve changes until review is complete.
SUCCESS: Day 90: Self-Serve Capability Demonstrated (>=25 PDP views, >=6 app days, self-serve share above baseline) with GMV guardrail held.",,,,,Recently Active,Existing Customer,False,Manual Review,Lumpy,Baseline,"Enter 90-day monitoring inputs; migration_progress_status updates (Baseline/Progressing/Capability/At Risk). Day-90 outcomes: Capability Demonstrated, Progressing - Extend, At Risk - Restore support, No Change - Reassess.",NO_MATERIAL_CHANGE,,
ACC-059,P1,Core,2262,2. Protect / Retain First,Retention Conversation,DECLINING_KEY_CORE,Ready — Human,Draft Ready,Account Manager,False,False,PB01_RETENTION,"Personal email from AM, then call",Read brief; send outreach to book a review call.,7,"Root cause logged and next-90-day GMV back to at least the Sep-Nov (H1) level, or the decline arrested.","Customer confirms a planned pause/seasonal gap (log cadence), or no response after 2 attempts (escalate).","No response after 2 attempts, or Key account with further decline -> Portfolio Lead.",BORDERLINE_MOMENTUM; FEB_SENSITIVE; H2_SINGLE_MONTH_SPIKE,Draft ready (not sent),RET_AM,"Hi {first_name},

I'd like to set up a short call to review how sourcing through Fleek is working for you at the moment and what you're planning to buy over the next few months. It will help me make sure the stock I source for you (handpicked stock) is the right fit. Would sometime later this week or early next week suit you?

Best,
{sender_name}","WHY NOW: Commercially important, broker-led spend is falling.
WHAT WE KNOW:
- Core, Broker-Reliant, Account Managed; £2,262 6m GMV; Reseller, United Kingdom; tenure 21 months.
- Momentum: Declining (Sep-Nov £1,268 -> Dec-Feb £995); Recent Inactivity (last GMV month: December); 3 orders over 3 month(s).
- Dependency: High (broker reliance 75%; 2 AM-placed / 1 self-serve orders).
- Engagement: 8 product views, 1 app days, 1 offer(s), 30 Fleek chats, 1 video requests; basket Handpick-only.
- Warnings: BORDERLINE_MOMENTUM; FEB_SENSITIVE; H2_SINGLE_MONTH_SPIKE.
WHAT TO DO: Book a conversation. Explore stock availability, price, assortment fit, buying cadence, competitor/offline wholesaler use and operational friction. Agree a recovery plan.
WHAT NOT TO DO: Do not reduce AM support or push migration; do not suggest the customer is at fault; do not propose chat/video/feature usage as the fix.
SUCCESS: Root cause logged and next-90-day GMV back to at least the Sep-Nov (H1) level, or the decline arrested.",,,,,Recent Inactivity,Existing Customer,False,Not Eligible,Lumpy,N/A,"Stay in playbook while momentum is Declining; exit when momentum is Stable/Growing for a full run; if the account lapses, NBA moves to Verify/Win-Back.",NO_MATERIAL_CHANGE,,
ACC-060,P1,Core,2214,3. Win-Back / Verify,Verify Demand / Win-Back,LAPSED_THIN_HISTORY,Ready — Human,Draft Ready,Account Manager,False,False,PB02_VERIFY_WINBACK,"Personal email from AM, then call","Send cadence check-in (verify, don't assume churn).",14,"Cadence recorded and account reclassified, or a new order within 90 days (60 days for recent-inactivity checks).",Customer confirms infrequent/seasonal buying (set a reminder for their window) or confirms churn (log reason).,Key account with no response after 2 attempts -> Portfolio Lead.,MATERIAL_BROKER_INCONSISTENCY,Draft ready (not sent),VERIFY_CADENCE,"Hi {first_name},

Thanks for your previous orders with Fleek. I wanted to check how you usually plan your stock buying (seasonal, project by project, or ongoing) so we can get in touch at the right moments rather than too often. Happy to talk on a quick call, or just reply here with what works for you.

Best,
{sender_name}","WHY NOW: Apparent lapse rests on 1-2 orders or one buying month; cadence is unknown.
WHAT WE KNOW:
- Core, Broker-Reliant, Account Managed; £2,214 6m GMV; Retailer, France; tenure 28 months.
- Momentum: Lapsed; No Meaningful History (last GMV month: September); 3 orders over 1 month(s).
- Dependency: High (broker reliance 80%; 2 AM-placed / 1 self-serve orders).
- Engagement: 1 product views, 4 app days, 1 offer(s), 96 Fleek chats, 0 video requests; basket Bundle-only.
- Warnings: MATERIAL_BROKER_INCONSISTENCY.
WHAT TO DO: Do not assume churn. Verify expected purchase frequency first, then set the next contact window.
WHAT NOT TO DO: Do not treat as churn or run a discount-led win-back.
SUCCESS: Cadence recorded and account reclassified, or a new order within 90 days (60 days for recent-inactivity checks).",,,,,No Meaningful History,Existing Customer,False,Not Eligible,Lumpy,N/A,"If an order appears, the account re-segments automatically; if confirmed seasonal, suppress re-contact until the stated window.",NO_MATERIAL_CHANGE,,
ACC-061,P1,Core,2116,2. Protect / Retain First,Retention Conversation,DECLINING_KEY_CORE,Ready — Human,Draft Ready,Account Manager,False,False,PB01_RETENTION,"Personal email from AM, then call",Read brief; send outreach to book a review call.,7,"Root cause logged and next-90-day GMV back to at least the Sep-Nov (H1) level, or the decline arrested.","Customer confirms a planned pause/seasonal gap (log cadence), or no response after 2 attempts (escalate).","No response after 2 attempts, or Key account with further decline -> Portfolio Lead.",H2_SINGLE_MONTH_SPIKE,Draft ready (not sent),RET_AM,"Hi {first_name},

I'd like to set up a short call to review how sourcing through Fleek is working for you at the moment and what you're planning to buy over the next few months. It will help me make sure the stock I source for you (bundles) is the right fit. Would sometime later this week or early next week suit you?

Best,
{sender_name}","WHY NOW: Commercially important, broker-led spend is falling.
WHAT WE KNOW:
- Core, Broker-Reliant, Account Managed; £2,116 6m GMV; Reseller, Portugal; tenure 7 months.
- Momentum: Declining (Sep-Nov £1,553 -> Dec-Feb £563); Recent Inactivity (last GMV month: December); 4 orders over 3 month(s).
- Dependency: High (broker reliance 63%; 3 AM-placed / 1 self-serve orders).
- Engagement: 11 product views, 3 app days, 1 offer(s), 2 Fleek chats, 0 video requests; basket Bundle-only.
- Warnings: H2_SINGLE_MONTH_SPIKE.
WHAT TO DO: Book a conversation. Explore stock availability, price, assortment fit, buying cadence, competitor/offline wholesaler use and operational friction. Agree a recovery plan.
WHAT NOT TO DO: Do not reduce AM support or push migration; do not suggest the customer is at fault; do not propose chat/video/feature usage as the fix.
SUCCESS: Root cause logged and next-90-day GMV back to at least the Sep-Nov (H1) level, or the decline arrested.",,,,,Recent Inactivity,Existing Customer,False,Not Eligible,Lumpy,N/A,"Stay in playbook while momentum is Declining; exit when momentum is Stable/Growing for a full run; if the account lapses, NBA moves to Verify/Win-Back.",NO_MATERIAL_CHANGE,,
ACC-062,P1,Core,2031,3. Win-Back / Verify,Verify Demand / Win-Back,LAPSED_ESTABLISHED,Ready — Human,Draft Ready,Account Manager,False,False,PB02_VERIFY_WINBACK,"Personal email from AM, then call",Send win-back check-in.,14,"Cadence recorded and account reclassified, or a new order within 90 days (60 days for recent-inactivity checks).",Customer confirms infrequent/seasonal buying (set a reminder for their window) or confirms churn (log reason).,Key account with no response after 2 attempts -> Portfolio Lead.,,Draft ready (not sent),WINBACK,"Hi {first_name},

It's been a little while since we last caught up, so I wanted to check in on your buying plans for the coming months. If you're sourcing bundles again soon, I'd be glad to talk through what you're looking for and how we can help. Would a quick call be useful?

Best,
{sender_name}","WHY NOW: Established buyer with a repeat pattern has had no GMV since November or earlier.
WHAT WE KNOW:
- Core, Broker-Reliant, Account Managed; £2,031 6m GMV; Reseller, United Kingdom; tenure 14 months.
- Momentum: Lapsed; Recent Inactivity (last GMV month: November); 5 orders over 3 month(s).
- Dependency: Medium (broker reliance 47%; 2 AM-placed / 3 self-serve orders).
- Engagement: 0 product views, 6 app days, 0 offer(s), 5 Fleek chats, 0 video requests; basket Bundle-only.
WHAT TO DO: Win-back conversation about upcoming buying needs and what would bring them back.
WHAT NOT TO DO: Do not say 'you churned' or 'you've stopped buying'.
SUCCESS: Cadence recorded and account reclassified, or a new order within 90 days (60 days for recent-inactivity checks).",,,,,Recent Inactivity,Existing Customer,False,Not Eligible,Regular,N/A,"If an order appears, the account re-segments automatically; if confirmed seasonal, suppress re-contact until the stated window.",NO_MATERIAL_CHANGE,,
ACC-063,P4,Tail,1963,9. Long-Tail Automated Nurture,Automated Nurture,LONG_TAIL_STANDARD,Ready — Automated,Draft Ready,Automation,False,True,PB08_NURTURE,Email / in-app message,Queue automated message (Automated Nurture).,60,Any (repeat) order within 90 days.,"Order placed, unsubscribe, or 2 unanswered dormant messages (pause 6 months).",Rising Tail accounts that cross the Core line re-route automatically.,LOW_CONFIDENCE,Draft ready (not sent),NUR_DORMANT,"Hi {first_name},

Whenever you're planning your next stock buy, you can browse bundles on the Fleek app at any time. If you're looking for something specific, reply to this message and we'll do our best to help you find it. No pressure, just a friendly reminder that we're here.

Best,
{sender_name}",,,,,Dormant,No Meaningful History,Existing Customer,False,Not Eligible,Lumpy,N/A,No repeat send while the logged action is inside its cadence window.,NO_MATERIAL_CHANGE,,
ACC-064,P3,Tail,1911,5. Cost-to-Serve / Low-Touch,Service Model Review,COST_TO_SERVE_ACTIVE,Ready — Human,Not Started,Portfolio Lead,False,False,PB07_SERVICE_MODEL_REVIEW,Internal review (no customer contact),Portfolio Lead reviews account card and records a service decision.,14,Decision logged; broker effort reduced where agreed without GMV loss.,Decision recorded.,None.,BORDERLINE_MOMENTUM; FEB_SENSITIVE,None: internal-only review,,,"WHY NOW: Low-value broker-reliant account that is still buying.
WHAT WE KNOW:
- Tail, Broker-Reliant, Account Managed; £1,911 6m GMV; Retailer, United Kingdom; tenure 9 months.
- Momentum: Stable (Sep-Nov £1,042 -> Dec-Feb £869); Recently Active (last GMV month: February); 15 orders over 5 month(s).
- Dependency: High (broker reliance 68%; 10 AM-placed / 5 self-serve orders).
- Engagement: 14 product views, 4 app days, 2 offer(s), 5 Fleek chats, 0 video requests; basket Bundle-only.
- Warnings: BORDERLINE_MOMENTUM; FEB_SENSITIVE.
WHAT TO DO: Review the card and decide: maintain support / move to lower-touch / automated nurture / revisit later.
WHAT NOT TO DO: No customer message. No ROI claim (no AM cost data).
SUCCESS: Decision logged; broker effort reduced where agreed without GMV loss.",,,,,Recently Active,Existing Customer,False,Not Eligible,Regular,N/A,Decision stored; account not re-queued unless its NBA changes.,NO_MATERIAL_CHANGE,,
ACC-065,P3,Tail,1812,9. Long-Tail Automated Nurture,Automated Nurture,RISING_TAIL_EARLY,Ready — Automated,Draft Ready,Automation,False,True,PB08_NURTURE,Email / in-app message,Queue automated message (Automated Nurture).,30,Any (repeat) order within 90 days.,"Order placed, unsubscribe, or 2 unanswered dormant messages (pause 6 months).",Rising Tail accounts that cross the Core line re-route automatically.,NO_FEB_GMV (Feb unconfirmed),Draft ready (not sent),NUR_RISING,"Hi {first_name},

Thanks for your recent orders with Fleek. Whenever you're planning your next buy, the app is the quickest way to browse bundles and make an offer where a price doesn't quite work. If you're looking for something specific, reply here and we'll help.

Best,
{sender_name}",,,,,Rising tail – early pattern,Recently Active,Returned Customer,True,Not Eligible,Lumpy,N/A,No repeat send while the logged action is inside its cadence window.,NO_MATERIAL_CHANGE,,
ACC-066,P4,Tail,1791,9. Long-Tail Automated Nurture,Automated Nurture,LONG_TAIL_STANDARD,Ready — Automated,Draft Ready,Automation,False,True,PB08_NURTURE,Email / in-app message,Queue automated message (Automated Nurture).,60,Any (repeat) order within 90 days.,"Order placed, unsubscribe, or 2 unanswered dormant messages (pause 6 months).",Rising Tail accounts that cross the Core line re-route automatically.,,Draft ready (not sent),NUR_DORMANT,"Hi {first_name},

Whenever you're planning your next stock buy, you can browse bundles and handpicked stock on the Fleek app at any time. If you're looking for something specific, reply to this message and we'll do our best to help you find it. No pressure, just a friendly reminder that we're here.

Best,
{sender_name}",,,,,Dormant,Recent Inactivity,Existing Customer,False,Not Eligible,Lumpy,N/A,No repeat send while the logged action is inside its cadence window.,NO_MATERIAL_CHANGE,,
ACC-067,P3,Tail,1759,5. Cost-to-Serve / Low-Touch,Service Model Review,COST_TO_SERVE_ACTIVE,Ready — Human,Not Started,Portfolio Lead,False,False,PB07_SERVICE_MODEL_REVIEW,Internal review (no customer contact),Portfolio Lead reviews account card and records a service decision.,14,Decision logged; broker effort reduced where agreed without GMV loss.,Decision recorded.,None.,,None: internal-only review,,,"WHY NOW: Low-value broker-reliant account that is still buying.
WHAT WE KNOW:
- Tail, Broker-Reliant, Account Managed; £1,759 6m GMV; Reseller, United Kingdom; tenure 14 months.
- Momentum: Growing (Sep-Nov £655 -> Dec-Feb £1,104); Recently Active (last GMV month: February); 9 orders over 5 month(s).
- Dependency: High (broker reliance 66%; 6 AM-placed / 3 self-serve orders).
- Engagement: 7 product views, 2 app days, 2 offer(s), 7 Fleek chats, 3 video requests; basket Mixed.
WHAT TO DO: Review the card and decide: maintain support / move to lower-touch / automated nurture / revisit later.
WHAT NOT TO DO: No customer message. No ROI claim (no AM cost data).
SUCCESS: Decision logged; broker effort reduced where agreed without GMV loss.",,,,,Recently Active,Existing Customer,False,Not Eligible,Regular,N/A,Decision stored; account not re-queued unless its NBA changes.,NO_MATERIAL_CHANGE,,
ACC-068,P3,Tail,1706,9. Long-Tail Automated Nurture,Reinforce Successful Behaviour,RISING_TAIL,Ready — Automated,Draft Ready,Automation,False,True,PB06_REINFORCE,Email / in-app message,Queue automated message (Reinforce Successful Behaviour).,30,"GMV run-rate maintained or higher, with GMV in each month of the next quarter.",Account shows Recent Inactivity (playbook must not run) or momentum turns Declining.,Recent Inactivity -> Verify check (human).,,Draft ready (not sent),REINFORCE,"Hi {first_name},

Thanks for being an active Fleek buyer. Just a quick note to keep an eye on the app for bundles and handpicked stock that fits your range, and to let you know we're here if there's anything specific you're trying to source. Reply any time and we'll help.

Best,
{sender_name}",,,,,,Recently Active,Existing Customer,True,Not Eligible,Regular,N/A,Suppressed if Recent Inactivity; otherwise no repeat inside 30 days.,NO_MATERIAL_CHANGE,,
ACC-069,P4,Tail,1682,9. Long-Tail Automated Nurture,Automated Nurture,LONG_TAIL_STANDARD,Ready — Automated,Draft Ready,Automation,False,True,PB08_NURTURE,Email / in-app message,Queue automated message (Automated Nurture).,30,Any (repeat) order within 90 days.,"Order placed, unsubscribe, or 2 unanswered dormant messages (pause 6 months).",Rising Tail accounts that cross the Core line re-route automatically.,,Draft ready (not sent),NUR_STANDARD,"Hi {first_name},

A quick reminder that you can browse bundles and handpicked stock on the Fleek app whenever you're planning your next buy, at a time that suits you. If there's something specific you're looking for, reply to this message and we'll do our best to help.

Best,
{sender_name}",,,,,Standard long tail,Recently Active,Existing Customer,False,Not Eligible,Regular,N/A,No repeat send while the logged action is inside its cadence window.,NO_MATERIAL_CHANGE,,
ACC-070,P4,Tail,1671,9. Long-Tail Automated Nurture,Automated Nurture,LONG_TAIL_STANDARD,Ready — Automated,Draft Ready,Automation,False,True,PB08_NURTURE,Email / in-app message,Queue automated message (Automated Nurture).,60,Any (repeat) order within 90 days.,"Order placed, unsubscribe, or 2 unanswered dormant messages (pause 6 months).",Rising Tail accounts that cross the Core line re-route automatically.,LOW_CONFIDENCE,Draft ready (not sent),NUR_DORMANT,"Hi {first_name},

Whenever you're planning your next stock buy, you can browse bundles on the Fleek app at any time. If you're looking for something specific, reply to this message and we'll do our best to help you find it. No pressure, just a friendly reminder that we're here.

Best,
{sender_name}",,,,,Dormant,No Meaningful History,Existing Customer,False,Not Eligible,Lumpy,N/A,No repeat send while the logged action is inside its cadence window.,NO_MATERIAL_CHANGE,,
ACC-071,P3,Tail,1614,5. Cost-to-Serve / Low-Touch,Service Model Review,COST_TO_SERVE_ACTIVE,Ready — Human,Not Started,Portfolio Lead,False,False,PB07_SERVICE_MODEL_REVIEW,Internal review (no customer contact),Portfolio Lead reviews account card and records a service decision.,14,Decision logged; broker effort reduced where agreed without GMV loss.,Decision recorded.,None.,H2_SINGLE_MONTH_SPIKE,None: internal-only review,,,"WHY NOW: Low-value broker-reliant account that is still buying.
WHAT WE KNOW:
- Tail, Broker-Reliant, Account Managed; £1,614 6m GMV; Reseller, Ireland; tenure 12 months.
- Momentum: Growing (Sep-Nov £68 -> Dec-Feb £1,547); Recently Active (last GMV month: February); 6 orders over 3 month(s).
- Dependency: High (broker reliance 73%; 4 AM-placed / 2 self-serve orders).
- Engagement: 3 product views, 6 app days, 1 offer(s), 3 Fleek chats, 0 video requests; basket Bundle-only.
- Warnings: H2_SINGLE_MONTH_SPIKE.
WHAT TO DO: Review the card and decide: maintain support / move to lower-touch / automated nurture / revisit later.
WHAT NOT TO DO: No customer message. No ROI claim (no AM cost data).
SUCCESS: Decision logged; broker effort reduced where agreed without GMV loss.",,,,,Recently Active,Existing Customer,False,Not Eligible,Regular,N/A,Decision stored; account not re-queued unless its NBA changes.,NO_MATERIAL_CHANGE,,
ACC-072,P4,Tail,1542,9. Long-Tail Automated Nurture,Automated Nurture,LONG_TAIL_STANDARD,Ready — Automated,Draft Ready,Automation,False,True,PB08_NURTURE,Email / in-app message,Queue automated message (Automated Nurture).,30,Any (repeat) order within 90 days.,"Order placed, unsubscribe, or 2 unanswered dormant messages (pause 6 months).",Rising Tail accounts that cross the Core line re-route automatically.,H2_SINGLE_MONTH_SPIKE; NO_FEB_GMV (Feb unconfirmed),Draft ready (not sent),NUR_STANDARD,"Hi {first_name},

A quick reminder that you can browse bundles and handpicked stock on the Fleek app whenever you're planning your next buy, at a time that suits you. If there's something specific you're looking for, reply to this message and we'll do our best to help.

Best,
{sender_name}",,,,,Standard long tail,Recently Active,Existing Customer,False,Not Eligible,Regular,N/A,No repeat send while the logged action is inside its cadence window.,NO_MATERIAL_CHANGE,,
ACC-073,P4,Tail,1501,9. Long-Tail Automated Nurture,Automated Nurture,LONG_TAIL_STANDARD,Ready — Automated,Draft Ready,Automation,False,True,PB08_NURTURE,Email / in-app message,Queue automated message (Automated Nurture).,30,Any (repeat) order within 90 days.,"Order placed, unsubscribe, or 2 unanswered dormant messages (pause 6 months).",Rising Tail accounts that cross the Core line re-route automatically.,LOW_CONFIDENCE,Draft ready (not sent),NUR_RETURNED,"Hi {first_name},

Welcome back to Fleek, and thanks for your recent order. You can browse handpicked stock in the app whenever it suits you. If there's anything specific you're sourcing at the moment, reply to this message and we'll help point you in the right direction.

Best,
{sender_name}",,,,,Returned customer,No Meaningful History,Returned Customer,False,Not Eligible,Lumpy,N/A,No repeat send while the logged action is inside its cadence window.,NO_MATERIAL_CHANGE,,
ACC-074,P3,Tail,1448,5. Cost-to-Serve / Low-Touch,Service Model Review,COST_TO_SERVE_ACTIVE,Ready — Human,Not Started,Portfolio Lead,False,False,PB07_SERVICE_MODEL_REVIEW,Internal review (no customer contact),Portfolio Lead reviews account card and records a service decision.,14,Decision logged; broker effort reduced where agreed without GMV loss.,Decision recorded.,None.,MATERIAL_BROKER_INCONSISTENCY; NO_FEB_GMV (Feb unconfirmed); LOW_CONFIDENCE,None: internal-only review,,,"WHY NOW: Low-value broker-reliant account that is still buying.
WHAT WE KNOW:
- Tail, Broker-Reliant, Account Managed; £1,448 6m GMV; Reseller, France; tenure 10 months.
- Momentum: H2 Active / No H1 GMV; Recently Active (last GMV month: January); 2 orders over 1 month(s).
- Dependency: High (broker reliance 70%; 1 AM-placed / 1 self-serve orders).
- Engagement: 5 product views, 8 app days, 0 offer(s), 52 Fleek chats, 0 video requests; basket Handpick-only.
- Warnings: MATERIAL_BROKER_INCONSISTENCY; NO_FEB_GMV (Feb unconfirmed); LOW_CONFIDENCE.
WHAT TO DO: Review the card and decide: maintain support / move to lower-touch / automated nurture / revisit later.
WHAT NOT TO DO: No customer message. No ROI claim (no AM cost data).
SUCCESS: Decision logged; broker effort reduced where agreed without GMV loss.",,,,,Recently Active,Returned Customer,False,Not Eligible,Lumpy,N/A,Decision stored; account not re-queued unless its NBA changes.,NO_MATERIAL_CHANGE,,
ACC-075,P3,Tail,1422,5. Cost-to-Serve / Low-Touch,Service Model Review,COST_TO_SERVE_ACTIVE,Ready — Human,Not Started,Portfolio Lead,False,False,PB07_SERVICE_MODEL_REVIEW,Internal review (no customer contact),Portfolio Lead reviews account card and records a service decision.,14,Decision logged; broker effort reduced where agreed without GMV loss.,Decision recorded.,None.,H2_SINGLE_MONTH_SPIKE; NO_FEB_GMV (Feb unconfirmed),None: internal-only review,,,"WHY NOW: Low-value broker-reliant account that is still buying.
WHAT WE KNOW:
- Tail, Broker-Reliant, Account Managed; £1,422 6m GMV; Reseller, United Kingdom; tenure 14 months.
- Momentum: Stable (Sep-Nov £690 -> Dec-Feb £731); Recently Active (last GMV month: January); 3 orders over 3 month(s).
- Dependency: High (broker reliance 79%; 2 AM-placed / 1 self-serve orders).
- Engagement: 13 product views, 1 app days, 2 offer(s), 8 Fleek chats, 0 video requests; basket Bundle-only.
- Warnings: H2_SINGLE_MONTH_SPIKE; NO_FEB_GMV (Feb unconfirmed).
WHAT TO DO: Review the card and decide: maintain support / move to lower-touch / automated nurture / revisit later.
WHAT NOT TO DO: No customer message. No ROI claim (no AM cost data).
SUCCESS: Decision logged; broker effort reduced where agreed without GMV loss.",,,,,Recently Active,Existing Customer,False,Not Eligible,Lumpy,N/A,Decision stored; account not re-queued unless its NBA changes.,NO_MATERIAL_CHANGE,,
ACC-076,P4,Tail,1422,9. Long-Tail Automated Nurture,Automated Nurture,LONG_TAIL_STANDARD,Ready — Automated,Draft Ready,Automation,False,True,PB08_NURTURE,Email / in-app message,Queue automated message (Automated Nurture).,60,Any (repeat) order within 90 days.,"Order placed, unsubscribe, or 2 unanswered dormant messages (pause 6 months).",Rising Tail accounts that cross the Core line re-route automatically.,LOW_CONFIDENCE,Draft ready (not sent),NUR_DORMANT,"Hi {first_name},

Whenever you're planning your next stock buy, you can browse handpicked stock on the Fleek app at any time. If you're looking for something specific, reply to this message and we'll do our best to help you find it. No pressure, just a friendly reminder that we're here.

Best,
{sender_name}",,,,,Dormant,No Meaningful History,Existing Customer,False,Not Eligible,Lumpy,N/A,No repeat send while the logged action is inside its cadence window.,NO_MATERIAL_CHANGE,,
ACC-077,P3,Tail,1401,5. Cost-to-Serve / Low-Touch,Service Model Review,COST_TO_SERVE_ACTIVE,Ready — Human,Not Started,Portfolio Lead,False,False,PB07_SERVICE_MODEL_REVIEW,Internal review (no customer contact),Portfolio Lead reviews account card and records a service decision.,14,Decision logged; broker effort reduced where agreed without GMV loss.,Decision recorded.,None.,FEB_SENSITIVE; H2_SINGLE_MONTH_SPIKE,None: internal-only review,,,"WHY NOW: Low-value broker-reliant account that is still buying.
WHAT WE KNOW:
- Tail, Broker-Reliant, Account Managed; £1,401 6m GMV; Reseller, United Kingdom; tenure 14 months.
- Momentum: Declining (Sep-Nov £1,130 -> Dec-Feb £272); Recently Active (last GMV month: February); 5 orders over 3 month(s).
- Dependency: High (broker reliance 81%; 4 AM-placed / 1 self-serve orders).
- Engagement: 10 product views, 4 app days, 1 offer(s), 6 Fleek chats, 0 video requests; basket Mixed.
- Warnings: FEB_SENSITIVE; H2_SINGLE_MONTH_SPIKE.
WHAT TO DO: Review the card and decide: maintain support / move to lower-touch / automated nurture / revisit later.
WHAT NOT TO DO: No customer message. No ROI claim (no AM cost data).
SUCCESS: Decision logged; broker effort reduced where agreed without GMV loss.",,,,,Recently Active,Existing Customer,False,Not Eligible,Regular,N/A,Decision stored; account not re-queued unless its NBA changes.,NO_MATERIAL_CHANGE,,
ACC-078,P3,Tail,1366,9. Long-Tail Automated Nurture,Automated Nurture,LONG_TAIL_STANDARD,Human Review Required,Awaiting Human Review,Portfolio Lead,False,False,PB08_NURTURE,Email / in-app message,Verify order-channel data; then release or re-route the automated message.,30,Any (repeat) order within 90 days.,"Order placed, unsubscribe, or 2 unanswered dormant messages (pause 6 months).",Rising Tail accounts that cross the Core line re-route automatically.,MATERIAL_BROKER_INCONSISTENCY (segment would change); H2_SINGLE_MONTH_SPIKE,Withheld until human review is complete,,,"WHY NOW: Low-value, low-dependency account.
WHAT WE KNOW:
- Tail, AM-Owned / Self-Serving, Account Managed; £1,366 6m GMV; Reseller, France; tenure 16 months.
- Momentum: Stable (Sep-Nov £662 -> Dec-Feb £704); Recent Inactivity (last GMV month: December); 4 orders over 2 month(s).
- Dependency: Low (broker reliance 16%; 1 AM-placed / 3 self-serve orders).
- Engagement: 24 product views, 10 app days, 0 offer(s), 7 Fleek chats, 0 video requests; basket Handpick-only.
- Warnings: MATERIAL_BROKER_INCONSISTENCY (segment would change); H2_SINGLE_MONTH_SPIKE.
WHAT TO DO: Order counts imply a different broker reliance than the provided figure, which would move this account to 5. Cost-to-Serve / Low-Touch. Verify order-channel data, then release or re-route the automated action.
WHAT NOT TO DO: Do not release the automated message until verified.
SUCCESS: Any (repeat) order within 90 days.",,,,Light-touch repeat buyer,Recent Inactivity,Existing Customer,False,Not Eligible,Lumpy,N/A,No repeat send while the logged action is inside its cadence window.,NO_MATERIAL_CHANGE,,
ACC-079,P4,Tail,1342,5. Cost-to-Serve / Low-Touch,Automated Nurture,DORMANT_LOW_VALUE,Ready — Automated,Draft Ready,Automation,False,True,PB08_NURTURE,Email / in-app message,Queue automated message (Automated Nurture).,60,Any (repeat) order within 90 days.,"Order placed, unsubscribe, or 2 unanswered dormant messages (pause 6 months).",Rising Tail accounts that cross the Core line re-route automatically.,MATERIAL_BROKER_INCONSISTENCY,Draft ready (not sent),NUR_DORMANT,"Hi {first_name},

Whenever you're planning your next stock buy, you can browse bundles on the Fleek app at any time. If you're looking for something specific, reply to this message and we'll do our best to help you find it. No pressure, just a friendly reminder that we're here.

Best,
{sender_name}",,,,,Dormant,No Meaningful History,Existing Customer,False,Not Eligible,Lumpy,N/A,No repeat send while the logged action is inside its cadence window.,NO_MATERIAL_CHANGE,,
ACC-080,P3,Tail,1342,5. Cost-to-Serve / Low-Touch,Service Model Review,COST_TO_SERVE_ACTIVE,Ready — Human,Not Started,Portfolio Lead,False,False,PB07_SERVICE_MODEL_REVIEW,Internal review (no customer contact),Portfolio Lead reviews account card and records a service decision.,14,Decision logged; broker effort reduced where agreed without GMV loss.,Decision recorded.,None.,,None: internal-only review,,,"WHY NOW: Low-value broker-reliant account that is still buying.
WHAT WE KNOW:
- Tail, Broker-Reliant, Account Managed; £1,342 6m GMV; Reseller, United Kingdom; tenure 10 months.
- Momentum: H2 Active / No H1 GMV; Recently Active (last GMV month: February); 7 orders over 2 month(s).
- Dependency: High (broker reliance 58%; 4 AM-placed / 3 self-serve orders).
- Engagement: 13 product views, 3 app days, 1 offer(s), 11 Fleek chats, 1 video requests; basket Mixed.
WHAT TO DO: Review the card and decide: maintain support / move to lower-touch / automated nurture / revisit later.
WHAT NOT TO DO: No customer message. No ROI claim (no AM cost data).
SUCCESS: Decision logged; broker effort reduced where agreed without GMV loss.",,,,,Recently Active,Returned Customer,False,Not Eligible,Lumpy,N/A,Decision stored; account not re-queued unless its NBA changes.,NO_MATERIAL_CHANGE,,
ACC-081,P4,Tail,1289,5. Cost-to-Serve / Low-Touch,Automated Nurture,DORMANT_LOW_VALUE,Ready — Automated,Draft Ready,Automation,False,True,PB08_NURTURE,Email / in-app message,Queue automated message (Automated Nurture).,60,Any (repeat) order within 90 days.,"Order placed, unsubscribe, or 2 unanswered dormant messages (pause 6 months).",Rising Tail accounts that cross the Core line re-route automatically.,,Draft ready (not sent),NUR_DORMANT,"Hi {first_name},

Whenever you're planning your next stock buy, you can browse handpicked stock on the Fleek app at any time. If you're looking for something specific, reply to this message and we'll do our best to help you find it. No pressure, just a friendly reminder that we're here.

Best,
{sender_name}",,,,,Dormant,Recent Inactivity,Existing Customer,False,Not Eligible,Lumpy,N/A,No repeat send while the logged action is inside its cadence window.,NO_MATERIAL_CHANGE,,
ACC-082,P4,Tail,1263,9. Long-Tail Automated Nurture,Automated Nurture,LONG_TAIL_STANDARD,Ready — Automated,Draft Ready,Automation,False,True,PB08_NURTURE,Email / in-app message,Queue automated message (Automated Nurture).,60,Any (repeat) order within 90 days.,"Order placed, unsubscribe, or 2 unanswered dormant messages (pause 6 months).",Rising Tail accounts that cross the Core line re-route automatically.,,Draft ready (not sent),NUR_DORMANT,"Hi {first_name},

Whenever you're planning your next stock buy, you can browse bundles on the Fleek app at any time. If you're looking for something specific, reply to this message and we'll do our best to help you find it. No pressure, just a friendly reminder that we're here.

Best,
{sender_name}",,,,,Dormant,Recent Inactivity,Existing Customer,False,Not Eligible,Lumpy,N/A,No repeat send while the logged action is inside its cadence window.,NO_MATERIAL_CHANGE,,
ACC-083,P3,Tail,1217,9. Long-Tail Automated Nurture,Reinforce Successful Behaviour,RISING_TAIL,Ready — Automated,Draft Ready,Automation,False,True,PB06_REINFORCE,Email / in-app message,Queue automated message (Reinforce Successful Behaviour).,30,"GMV run-rate maintained or higher, with GMV in each month of the next quarter.",Account shows Recent Inactivity (playbook must not run) or momentum turns Declining.,Recent Inactivity -> Verify check (human).,,Draft ready (not sent),REINFORCE,"Hi {first_name},

Thanks for being an active Fleek buyer. Just a quick note to keep an eye on the app for bundles that fits your range, and to let you know we're here if there's anything specific you're trying to source. Reply any time and we'll help.

Best,
{sender_name}",,Range Expansion Test — trial handpick,Treatment,"Hi {first_name},

Would you like to explore another way of sourcing stock? Alongside the bundles you usually buy, Fleek also offers handpicked stock, which you can browse in the app. It's there if you ever want to try it; if you have any questions, just reply to this message.

Best,
{sender_name}",,Recently Active,Existing Customer,True,Not Eligible,Regular,N/A,Suppressed if Recent Inactivity; otherwise no repeat inside 30 days.,NO_MATERIAL_CHANGE,,
ACC-084,P4,Tail,1185,9. Long-Tail Automated Nurture,Automated Nurture,LONG_TAIL_STANDARD,Ready — Automated,Draft Ready,Automation,False,True,PB08_NURTURE,Email / in-app message,Queue automated message (Automated Nurture).,60,Any (repeat) order within 90 days.,"Order placed, unsubscribe, or 2 unanswered dormant messages (pause 6 months).",Rising Tail accounts that cross the Core line re-route automatically.,LOW_CONFIDENCE,Draft ready (not sent),NUR_DORMANT,"Hi {first_name},

Whenever you're planning your next stock buy, you can browse bundles on the Fleek app at any time. If you're looking for something specific, reply to this message and we'll do our best to help you find it. No pressure, just a friendly reminder that we're here.

Best,
{sender_name}",,,,,Dormant,No Meaningful History,Existing Customer,False,Not Eligible,Lumpy,N/A,No repeat send while the logged action is inside its cadence window.,NO_MATERIAL_CHANGE,,
ACC-085,P3,Tail,1166,9. Long-Tail Automated Nurture,Reinforce Successful Behaviour,RISING_TAIL,Ready — Automated,Draft Ready,Automation,False,True,PB06_REINFORCE,Email / in-app message,Queue automated message (Reinforce Successful Behaviour).,30,"GMV run-rate maintained or higher, with GMV in each month of the next quarter.",Account shows Recent Inactivity (playbook must not run) or momentum turns Declining.,Recent Inactivity -> Verify check (human).,,Draft ready (not sent),REINFORCE,"Hi {first_name},

Thanks for being an active Fleek buyer. Just a quick note to keep an eye on the app for bundles that fits your range, and to let you know we're here if there's anything specific you're trying to source. Reply any time and we'll help.

Best,
{sender_name}",,Range Expansion Test — trial handpick,Treatment,"Hi {first_name},

Would you like to explore another way of sourcing stock? Alongside the bundles you usually buy, Fleek also offers handpicked stock, which you can browse in the app. It's there if you ever want to try it; if you have any questions, just reply to this message.

Best,
{sender_name}",,Recently Active,Existing Customer,True,Not Eligible,Lumpy,N/A,Suppressed if Recent Inactivity; otherwise no repeat inside 30 days.,NO_MATERIAL_CHANGE,,
ACC-086,P3,Tail,1153,9. Long-Tail Automated Nurture,Automated Nurture,RISING_TAIL_EARLY,Ready — Automated,Draft Ready,Automation,False,True,PB08_NURTURE,Email / in-app message,Queue automated message (Automated Nurture).,30,Any (repeat) order within 90 days.,"Order placed, unsubscribe, or 2 unanswered dormant messages (pause 6 months).",Rising Tail accounts that cross the Core line re-route automatically.,FEB_SENSITIVE; H2_SINGLE_MONTH_SPIKE,Draft ready (not sent),NUR_RISING,"Hi {first_name},

Thanks for your recent orders with Fleek. Whenever you're planning your next buy, the app is the quickest way to browse bundles and handpicked stock and make an offer where a price doesn't quite work. If you're looking for something specific, reply here and we'll help.

Best,
{sender_name}",,,,,Rising tail – early pattern,Recently Active,Existing Customer,True,Not Eligible,Lumpy,N/A,No repeat send while the logged action is inside its cadence window.,NO_MATERIAL_CHANGE,,
ACC-087,P4,Tail,1079,5. Cost-to-Serve / Low-Touch,Automated Nurture,DORMANT_LOW_VALUE,Ready — Automated,Draft Ready,Automation,False,True,PB08_NURTURE,Email / in-app message,Queue automated message (Automated Nurture).,60,Any (repeat) order within 90 days.,"Order placed, unsubscribe, or 2 unanswered dormant messages (pause 6 months).",Rising Tail accounts that cross the Core line re-route automatically.,,Draft ready (not sent),NUR_DORMANT,"Hi {first_name},

Whenever you're planning your next stock buy, you can browse bundles on the Fleek app at any time. If you're looking for something specific, reply to this message and we'll do our best to help you find it. No pressure, just a friendly reminder that we're here.

Best,
{sender_name}",,,,,Dormant,Recent Inactivity,Existing Customer,False,Not Eligible,Lumpy,N/A,No repeat send while the logged action is inside its cadence window.,NO_MATERIAL_CHANGE,,
ACC-088,P4,Tail,1071,5. Cost-to-Serve / Low-Touch,Automated Nurture,DORMANT_LOW_VALUE,Ready — Automated,Draft Ready,Automation,False,True,PB08_NURTURE,Email / in-app message,Queue automated message (Automated Nurture).,60,Any (repeat) order within 90 days.,"Order placed, unsubscribe, or 2 unanswered dormant messages (pause 6 months).",Rising Tail accounts that cross the Core line re-route automatically.,LOW_CONFIDENCE,Draft ready (not sent),NUR_DORMANT,"Hi {first_name},

Whenever you're planning your next stock buy, you can browse bundles on the Fleek app at any time. If you're looking for something specific, reply to this message and we'll do our best to help you find it. No pressure, just a friendly reminder that we're here.

Best,
{sender_name}",,,,,Dormant,No Meaningful History,Existing Customer,False,Not Eligible,Lumpy,N/A,No repeat send while the logged action is inside its cadence window.,NO_MATERIAL_CHANGE,,
ACC-089,P4,Tail,1011,9. Long-Tail Automated Nurture,Automated Nurture,LONG_TAIL_STANDARD,Ready — Automated,Draft Ready,Automation,False,True,PB08_NURTURE,Email / in-app message,Queue automated message (Automated Nurture).,60,Any (repeat) order within 90 days.,"Order placed, unsubscribe, or 2 unanswered dormant messages (pause 6 months).",Rising Tail accounts that cross the Core line re-route automatically.,LOW_CONFIDENCE,Draft ready (not sent),NUR_DORMANT,"Hi {first_name},

Whenever you're planning your next stock buy, you can browse handpicked stock on the Fleek app at any time. If you're looking for something specific, reply to this message and we'll do our best to help you find it. No pressure, just a friendly reminder that we're here.

Best,
{sender_name}",,,,,Dormant,No Meaningful History,Existing Customer,False,Not Eligible,Lumpy,N/A,No repeat send while the logged action is inside its cadence window.,NO_MATERIAL_CHANGE,,
ACC-090,P4,Tail,987,9. Long-Tail Automated Nurture,Automated Nurture,LONG_TAIL_STANDARD,Ready — Automated,Draft Ready,Automation,False,True,PB08_NURTURE,Email / in-app message,Queue automated message (Automated Nurture).,30,Any (repeat) order within 90 days.,"Order placed, unsubscribe, or 2 unanswered dormant messages (pause 6 months).",Rising Tail accounts that cross the Core line re-route automatically.,,Draft ready (not sent),NUR_STANDARD,"Hi {first_name},

A quick reminder that you can browse bundles and handpicked stock on the Fleek app whenever you're planning your next buy, at a time that suits you. If there's something specific you're looking for, reply to this message and we'll do our best to help.

Best,
{sender_name}",,,,,Standard long tail,Recently Active,Existing Customer,False,Not Eligible,Regular,N/A,No repeat send while the logged action is inside its cadence window.,NO_MATERIAL_CHANGE,,
ACC-091,P4,Tail,982,9. Long-Tail Automated Nurture,Automated Nurture,LONG_TAIL_STANDARD,Ready — Automated,Draft Ready,Automation,False,True,PB08_NURTURE,Email / in-app message,Queue automated message (Automated Nurture).,60,Any (repeat) order within 90 days.,"Order placed, unsubscribe, or 2 unanswered dormant messages (pause 6 months).",Rising Tail accounts that cross the Core line re-route automatically.,,Draft ready (not sent),NUR_DORMANT,"Hi {first_name},

Whenever you're planning your next stock buy, you can browse bundles and handpicked stock on the Fleek app at any time. If you're looking for something specific, reply to this message and we'll do our best to help you find it. No pressure, just a friendly reminder that we're here.

Best,
{sender_name}",,,,,Dormant,No Meaningful History,Existing Customer,False,Not Eligible,Lumpy,N/A,No repeat send while the logged action is inside its cadence window.,NO_MATERIAL_CHANGE,,
ACC-092,P4,Tail,944,9. Long-Tail Automated Nurture,Automated Nurture,LONG_TAIL_STANDARD,Ready — Automated,Draft Ready,Automation,False,True,PB08_NURTURE,Email / in-app message,Queue automated message (Automated Nurture).,60,Any (repeat) order within 90 days.,"Order placed, unsubscribe, or 2 unanswered dormant messages (pause 6 months).",Rising Tail accounts that cross the Core line re-route automatically.,LOW_CONFIDENCE,Draft ready (not sent),NUR_DORMANT,"Hi {first_name},

Whenever you're planning your next stock buy, you can browse bundles on the Fleek app at any time. If you're looking for something specific, reply to this message and we'll do our best to help you find it. No pressure, just a friendly reminder that we're here.

Best,
{sender_name}",,,,,Dormant,No Meaningful History,Existing Customer,False,Not Eligible,Lumpy,N/A,No repeat send while the logged action is inside its cadence window.,NO_MATERIAL_CHANGE,,
ACC-093,P4,Tail,908,9. Long-Tail Automated Nurture,Automated Nurture,LONG_TAIL_STANDARD,Ready — Automated,Draft Ready,Automation,False,True,PB08_NURTURE,Email / in-app message,Queue automated message (Automated Nurture).,30,Any (repeat) order within 90 days.,"Order placed, unsubscribe, or 2 unanswered dormant messages (pause 6 months).",Rising Tail accounts that cross the Core line re-route automatically.,NO_FEB_GMV (Feb unconfirmed),Draft ready (not sent),NUR_STANDARD,"Hi {first_name},

A quick reminder that you can browse bundles on the Fleek app whenever you're planning your next buy, at a time that suits you. If there's something specific you're looking for, reply to this message and we'll do our best to help.

Best,
{sender_name}",,,,,Standard long tail,Recently Active,Existing Customer,False,Not Eligible,Lumpy,N/A,No repeat send while the logged action is inside its cadence window.,NO_MATERIAL_CHANGE,,
ACC-094,P4,Tail,896,9. Long-Tail Automated Nurture,Automated Nurture,LONG_TAIL_STANDARD,Ready — Automated,Draft Ready,Automation,False,True,PB08_NURTURE,Email / in-app message,Queue automated message (Automated Nurture).,60,Any (repeat) order within 90 days.,"Order placed, unsubscribe, or 2 unanswered dormant messages (pause 6 months).",Rising Tail accounts that cross the Core line re-route automatically.,LOW_CONFIDENCE,Draft ready (not sent),NUR_DORMANT,"Hi {first_name},

Whenever you're planning your next stock buy, you can browse bundles on the Fleek app at any time. If you're looking for something specific, reply to this message and we'll do our best to help you find it. No pressure, just a friendly reminder that we're here.

Best,
{sender_name}",,,,,Dormant,No Meaningful History,Existing Customer,False,Not Eligible,Lumpy,N/A,No repeat send while the logged action is inside its cadence window.,NO_MATERIAL_CHANGE,,
ACC-095,P4,Tail,892,9. Long-Tail Automated Nurture,Automated Nurture,LONG_TAIL_STANDARD,Ready — Automated,Draft Ready,Automation,False,True,PB08_NURTURE,Email / in-app message,Queue automated message (Automated Nurture).,60,Any (repeat) order within 90 days.,"Order placed, unsubscribe, or 2 unanswered dormant messages (pause 6 months).",Rising Tail accounts that cross the Core line re-route automatically.,LOW_CONFIDENCE,Draft ready (not sent),NUR_DORMANT,"Hi {first_name},

Whenever you're planning your next stock buy, you can browse bundles on the Fleek app at any time. If you're looking for something specific, reply to this message and we'll do our best to help you find it. No pressure, just a friendly reminder that we're here.

Best,
{sender_name}",,,,,Dormant,No Meaningful History,Existing Customer,False,Not Eligible,Lumpy,N/A,No repeat send while the logged action is inside its cadence window.,NO_MATERIAL_CHANGE,,
ACC-096,P4,Tail,874,5. Cost-to-Serve / Low-Touch,Automated Nurture,DORMANT_LOW_VALUE,Ready — Automated,Draft Ready,Automation,False,True,PB08_NURTURE,Email / in-app message,Queue automated message (Automated Nurture).,60,Any (repeat) order within 90 days.,"Order placed, unsubscribe, or 2 unanswered dormant messages (pause 6 months).",Rising Tail accounts that cross the Core line re-route automatically.,LOW_CONFIDENCE,Draft ready (not sent),NUR_DORMANT,"Hi {first_name},

Whenever you're planning your next stock buy, you can browse bundles on the Fleek app at any time. If you're looking for something specific, reply to this message and we'll do our best to help you find it. No pressure, just a friendly reminder that we're here.

Best,
{sender_name}",,,,,Dormant,No Meaningful History,Existing Customer,False,Not Eligible,Lumpy,N/A,No repeat send while the logged action is inside its cadence window.,NO_MATERIAL_CHANGE,,
ACC-097,P4,Tail,852,9. Long-Tail Automated Nurture,Automated Nurture,LONG_TAIL_STANDARD,Ready — Automated,Draft Ready,Automation,False,True,PB08_NURTURE,Email / in-app message,Queue automated message (Automated Nurture).,60,Any (repeat) order within 90 days.,"Order placed, unsubscribe, or 2 unanswered dormant messages (pause 6 months).",Rising Tail accounts that cross the Core line re-route automatically.,,Draft ready (not sent),NUR_DORMANT,"Hi {first_name},

Whenever you're planning your next stock buy, you can browse bundles on the Fleek app at any time. If you're looking for something specific, reply to this message and we'll do our best to help you find it. No pressure, just a friendly reminder that we're here.

Best,
{sender_name}",,,,,Dormant,Recent Inactivity,Existing Customer,False,Not Eligible,Lumpy,N/A,No repeat send while the logged action is inside its cadence window.,NO_MATERIAL_CHANGE,,
ACC-098,P4,Tail,844,9. Long-Tail Automated Nurture,Automated Nurture,LONG_TAIL_STANDARD,Ready — Automated,Draft Ready,Automation,False,True,PB08_NURTURE,Email / in-app message,Queue automated message (Automated Nurture).,60,Any (repeat) order within 90 days.,"Order placed, unsubscribe, or 2 unanswered dormant messages (pause 6 months).",Rising Tail accounts that cross the Core line re-route automatically.,,Draft ready (not sent),NUR_DORMANT,"Hi {first_name},

Whenever you're planning your next stock buy, you can browse bundles on the Fleek app at any time. If you're looking for something specific, reply to this message and we'll do our best to help you find it. No pressure, just a friendly reminder that we're here.

Best,
{sender_name}",,,,,Dormant,Recent Inactivity,Existing Customer,False,Not Eligible,Lumpy,N/A,No repeat send while the logged action is inside its cadence window.,NO_MATERIAL_CHANGE,,
ACC-099,P4,Tail,840,9. Long-Tail Automated Nurture,Automated Nurture,LONG_TAIL_STANDARD,Ready — Automated,Draft Ready,Automation,False,True,PB08_NURTURE,Email / in-app message,Queue automated message (Automated Nurture).,60,Any (repeat) order within 90 days.,"Order placed, unsubscribe, or 2 unanswered dormant messages (pause 6 months).",Rising Tail accounts that cross the Core line re-route automatically.,LOW_CONFIDENCE,Draft ready (not sent),NUR_DORMANT,"Hi {first_name},

Whenever you're planning your next stock buy, you can browse bundles on the Fleek app at any time. If you're looking for something specific, reply to this message and we'll do our best to help you find it. No pressure, just a friendly reminder that we're here.

Best,
{sender_name}",,,,,Dormant,No Meaningful History,Existing Customer,False,Not Eligible,Lumpy,N/A,No repeat send while the logged action is inside its cadence window.,NO_MATERIAL_CHANGE,,
ACC-100,P4,Tail,834,9. Long-Tail Automated Nurture,Automated Nurture,LONG_TAIL_STANDARD,Ready — Automated,Draft Ready,Automation,False,True,PB08_NURTURE,Email / in-app message,Queue automated message (Automated Nurture).,60,Any (repeat) order within 90 days.,"Order placed, unsubscribe, or 2 unanswered dormant messages (pause 6 months).",Rising Tail accounts that cross the Core line re-route automatically.,,Draft ready (not sent),NUR_DORMANT,"Hi {first_name},

Whenever you're planning your next stock buy, you can browse bundles on the Fleek app at any time. If you're looking for something specific, reply to this message and we'll do our best to help you find it. No pressure, just a friendly reminder that we're here.

Best,
{sender_name}",,,,,Dormant,Recent Inactivity,Existing Customer,False,Not Eligible,Lumpy,N/A,No repeat send while the logged action is inside its cadence window.,NO_MATERIAL_CHANGE,,
ACC-101,P4,Tail,788,9. Long-Tail Automated Nurture,Automated Nurture,LONG_TAIL_STANDARD,Ready — Automated,Draft Ready,Automation,False,True,PB08_NURTURE,Email / in-app message,Queue automated message (Automated Nurture).,30,Any (repeat) order within 90 days.,"Order placed, unsubscribe, or 2 unanswered dormant messages (pause 6 months).",Rising Tail accounts that cross the Core line re-route automatically.,LOW_CONFIDENCE,Draft ready (not sent),NUR_RETURNED,"Hi {first_name},

Welcome back to Fleek, and thanks for your recent order. You can browse bundles in the app whenever it suits you. If there's anything specific you're sourcing at the moment, reply to this message and we'll help point you in the right direction.

Best,
{sender_name}",,,,,Returned customer,No Meaningful History,Returned Customer,False,Not Eligible,Lumpy,N/A,No repeat send while the logged action is inside its cadence window.,NO_MATERIAL_CHANGE,,
ACC-102,P4,Tail,763,9. Long-Tail Automated Nurture,Automated Nurture,LONG_TAIL_STANDARD,Ready — Automated,Draft Ready,Automation,False,True,PB08_NURTURE,Email / in-app message,Queue automated message (Automated Nurture).,60,Any (repeat) order within 90 days.,"Order placed, unsubscribe, or 2 unanswered dormant messages (pause 6 months).",Rising Tail accounts that cross the Core line re-route automatically.,LOW_CONFIDENCE,Draft ready (not sent),NUR_DORMANT,"Hi {first_name},

Whenever you're planning your next stock buy, you can browse bundles on the Fleek app at any time. If you're looking for something specific, reply to this message and we'll do our best to help you find it. No pressure, just a friendly reminder that we're here.

Best,
{sender_name}",,,,,Dormant,No Meaningful History,Existing Customer,False,Not Eligible,Lumpy,N/A,No repeat send while the logged action is inside its cadence window.,NO_MATERIAL_CHANGE,,
ACC-103,P4,Tail,757,9. Long-Tail Automated Nurture,Automated Nurture,LONG_TAIL_STANDARD,Ready — Automated,Draft Ready,Automation,False,True,PB08_NURTURE,Email / in-app message,Queue automated message (Automated Nurture).,60,Any (repeat) order within 90 days.,"Order placed, unsubscribe, or 2 unanswered dormant messages (pause 6 months).",Rising Tail accounts that cross the Core line re-route automatically.,LOW_CONFIDENCE,Draft ready (not sent),NUR_DORMANT,"Hi {first_name},

Whenever you're planning your next stock buy, you can browse handpicked stock on the Fleek app at any time. If you're looking for something specific, reply to this message and we'll do our best to help you find it. No pressure, just a friendly reminder that we're here.

Best,
{sender_name}",,,,,Dormant,No Meaningful History,Existing Customer,False,Not Eligible,Lumpy,N/A,No repeat send while the logged action is inside its cadence window.,NO_MATERIAL_CHANGE,,
ACC-104,P3,Tail,718,5. Cost-to-Serve / Low-Touch,Service Model Review,COST_TO_SERVE_ACTIVE,Ready — Human,Not Started,Portfolio Lead,False,False,PB07_SERVICE_MODEL_REVIEW,Internal review (no customer contact),Portfolio Lead reviews account card and records a service decision.,14,Decision logged; broker effort reduced where agreed without GMV loss.,Decision recorded.,None.,NO_FEB_GMV (Feb unconfirmed); LOW_CONFIDENCE,None: internal-only review,,,"WHY NOW: Low-value broker-reliant account that is still buying.
WHAT WE KNOW:
- Tail, Broker-Reliant, Account Managed; £718 6m GMV; Reseller, France; tenure 18 months.
- Momentum: Stable (Sep-Nov £383 -> Dec-Feb £335); Recently Active (last GMV month: January); 2 orders over 2 month(s).
- Dependency: Medium (broker reliance 53%; 1 AM-placed / 1 self-serve orders).
- Engagement: 12 product views, 3 app days, 2 offer(s), 25 Fleek chats, 0 video requests; basket Bundle-only.
- Warnings: NO_FEB_GMV (Feb unconfirmed); LOW_CONFIDENCE.
WHAT TO DO: Review the card and decide: maintain support / move to lower-touch / automated nurture / revisit later.
WHAT NOT TO DO: No customer message. No ROI claim (no AM cost data).
SUCCESS: Decision logged; broker effort reduced where agreed without GMV loss.",,,,,Recently Active,Existing Customer,False,Not Eligible,Lumpy,N/A,Decision stored; account not re-queued unless its NBA changes.,NO_MATERIAL_CHANGE,,
ACC-105,P4,Tail,710,5. Cost-to-Serve / Low-Touch,Automated Nurture,DORMANT_LOW_VALUE,Ready — Automated,Draft Ready,Automation,False,True,PB08_NURTURE,Email / in-app message,Queue automated message (Automated Nurture).,60,Any (repeat) order within 90 days.,"Order placed, unsubscribe, or 2 unanswered dormant messages (pause 6 months).",Rising Tail accounts that cross the Core line re-route automatically.,LOW_CONFIDENCE,Draft ready (not sent),NUR_DORMANT,"Hi {first_name},

Whenever you're planning your next stock buy, you can browse bundles on the Fleek app at any time. If you're looking for something specific, reply to this message and we'll do our best to help you find it. No pressure, just a friendly reminder that we're here.

Best,
{sender_name}",,,,,Dormant,No Meaningful History,Existing Customer,False,Not Eligible,Lumpy,N/A,No repeat send while the logged action is inside its cadence window.,NO_MATERIAL_CHANGE,,
ACC-106,P4,Tail,680,9. Long-Tail Automated Nurture,Automated Nurture,LONG_TAIL_STANDARD,Ready — Automated,Draft Ready,Automation,False,True,PB08_NURTURE,Email / in-app message,Queue automated message (Automated Nurture).,30,Any (repeat) order within 90 days.,"Order placed, unsubscribe, or 2 unanswered dormant messages (pause 6 months).",Rising Tail accounts that cross the Core line re-route automatically.,NO_FEB_GMV (Feb unconfirmed); LOW_CONFIDENCE,Draft ready (not sent),NUR_RETURNED,"Hi {first_name},

Welcome back to Fleek, and thanks for your recent order. You can browse handpicked stock in the app whenever it suits you. If there's anything specific you're sourcing at the moment, reply to this message and we'll help point you in the right direction.

Best,
{sender_name}",,,,,Returned customer,Recently Active,Returned Customer,False,Not Eligible,Lumpy,N/A,No repeat send while the logged action is inside its cadence window.,NO_MATERIAL_CHANGE,,
ACC-107,P4,Tail,675,5. Cost-to-Serve / Low-Touch,Automated Nurture,DORMANT_LOW_VALUE,Ready — Automated,Draft Ready,Automation,False,True,PB08_NURTURE,Email / in-app message,Queue automated message (Automated Nurture).,60,Any (repeat) order within 90 days.,"Order placed, unsubscribe, or 2 unanswered dormant messages (pause 6 months).",Rising Tail accounts that cross the Core line re-route automatically.,LOW_CONFIDENCE,Draft ready (not sent),NUR_DORMANT,"Hi {first_name},

Whenever you're planning your next stock buy, you can browse bundles on the Fleek app at any time. If you're looking for something specific, reply to this message and we'll do our best to help you find it. No pressure, just a friendly reminder that we're here.

Best,
{sender_name}",,,,,Dormant,No Meaningful History,Existing Customer,False,Not Eligible,Lumpy,N/A,No repeat send while the logged action is inside its cadence window.,NO_MATERIAL_CHANGE,,
ACC-108,P4,Tail,663,9. Long-Tail Automated Nurture,Automated Nurture,LONG_TAIL_STANDARD,Ready — Automated,Draft Ready,Automation,False,True,PB08_NURTURE,Email / in-app message,Queue automated message (Automated Nurture).,30,Any (repeat) order within 90 days.,"Order placed, unsubscribe, or 2 unanswered dormant messages (pause 6 months).",Rising Tail accounts that cross the Core line re-route automatically.,H2_SINGLE_MONTH_SPIKE,Draft ready (not sent),NUR_REPEAT,"Hi {first_name},

Thanks for your recent orders with Fleek. A quick reminder that you can browse bundles and handpicked stock in the app whenever you're ready for your next buy. If there's something particular you're after, just reply to this message and we'll be happy to help.

Best,
{sender_name}",,,,,Light-touch repeat buyer,Recent Inactivity,Existing Customer,False,Not Eligible,Regular,N/A,No repeat send while the logged action is inside its cadence window.,NO_MATERIAL_CHANGE,,
ACC-109,P4,Tail,607,9. Long-Tail Automated Nurture,Automated Nurture,LONG_TAIL_STANDARD,Ready — Automated,Draft Ready,Automation,False,True,PB08_NURTURE,Email / in-app message,Queue automated message (Automated Nurture).,30,Any (repeat) order within 90 days.,"Order placed, unsubscribe, or 2 unanswered dormant messages (pause 6 months).",Rising Tail accounts that cross the Core line re-route automatically.,FEB_SENSITIVE; LOW_CONFIDENCE,Draft ready (not sent),NUR_ENGAGED,"Hi {first_name},

If you've found items on Fleek that you like, you can check out directly from the product page, or use Make an Offer if the price doesn't quite work for you. If something is holding you back from ordering, reply here and let us know, as we'd be glad to help.

Best,
{sender_name}",,,,,"Engaged, not converting",Recently Active,Existing Customer,False,Not Eligible,Lumpy,N/A,No repeat send while the logged action is inside its cadence window.,NO_MATERIAL_CHANGE,,
ACC-110,P4,Tail,594,9. Long-Tail Automated Nurture,Automated Nurture,LONG_TAIL_STANDARD,Ready — Automated,Draft Ready,Automation,False,True,PB08_NURTURE,Email / in-app message,Queue automated message (Automated Nurture).,60,Any (repeat) order within 90 days.,"Order placed, unsubscribe, or 2 unanswered dormant messages (pause 6 months).",Rising Tail accounts that cross the Core line re-route automatically.,LOW_CONFIDENCE,Draft ready (not sent),NUR_DORMANT,"Hi {first_name},

Whenever you're planning your next stock buy, you can browse handpicked stock on the Fleek app at any time. If you're looking for something specific, reply to this message and we'll do our best to help you find it. No pressure, just a friendly reminder that we're here.

Best,
{sender_name}",,,,,Dormant,No Meaningful History,Existing Customer,False,Not Eligible,Lumpy,N/A,No repeat send while the logged action is inside its cadence window.,NO_MATERIAL_CHANGE,,
ACC-111,P3,Tail,592,9. Long-Tail Automated Nurture,Discovery-to-Offer Enablement,BROWSING_LOW_OFFERS,Human Review Required,Awaiting Human Review,Portfolio Lead,False,False,PB05_DISCOVERY_TO_OFFER,Email / in-app message,Verify order-channel data; then release or re-route the automated message.,14,3+ offers within 90 days and ideally an order afterwards (association only - no offer-acceptance data).,"Offers reach 3, or two messages sent, or account becomes inactive/declining.",None (automated). Re-routes automatically if momentum turns Declining/Lapsed.,MATERIAL_BROKER_INCONSISTENCY (segment would change); NO_FEB_GMV (Feb unconfirmed),Withheld until human review is complete,,,"WHY NOW: Independent browser making few offers.
WHAT WE KNOW:
- Tail, AM-Owned / Self-Serving, Account Managed; £592 6m GMV; Reseller, Germany; tenure 14 months.
- Momentum: Stable (Sep-Nov £288 -> Dec-Feb £304); Recently Active (last GMV month: January); 4 orders over 4 month(s).
- Dependency: Low (broker reliance 19%; 1 AM-placed / 3 self-serve orders).
- Engagement: 153 product views, 29 app days, 0 offer(s), 34 Fleek chats, 0 video requests; basket Handpick-only.
- Warnings: MATERIAL_BROKER_INCONSISTENCY (segment would change); NO_FEB_GMV (Feb unconfirmed).
WHAT TO DO: Order counts imply a different broker reliance than the provided figure, which would move this account to 5. Cost-to-Serve / Low-Touch. Verify order-channel data, then release or re-route the automated action.
WHAT NOT TO DO: Do not release the automated message until verified.
SUCCESS: 3+ offers within 90 days and ideally an order afterwards (association only - no offer-acceptance data).",,,,,Recently Active,Existing Customer,False,Not Eligible,Lumpy,N/A,No re-send while the action is already logged for this NBA; eligible again only after the NBA changes.,NO_MATERIAL_CHANGE,,
ACC-112,P4,Tail,586,9. Long-Tail Automated Nurture,Automated Nurture,LONG_TAIL_STANDARD,Ready — Automated,Draft Ready,Automation,False,True,PB08_NURTURE,Email / in-app message,Queue automated message (Automated Nurture).,60,Any (repeat) order within 90 days.,"Order placed, unsubscribe, or 2 unanswered dormant messages (pause 6 months).",Rising Tail accounts that cross the Core line re-route automatically.,LOW_CONFIDENCE,Draft ready (not sent),NUR_DORMANT,"Hi {first_name},

Whenever you're planning your next stock buy, you can browse bundles on the Fleek app at any time. If you're looking for something specific, reply to this message and we'll do our best to help you find it. No pressure, just a friendly reminder that we're here.

Best,
{sender_name}",,,,,Dormant,No Meaningful History,Existing Customer,False,Not Eligible,Lumpy,N/A,No repeat send while the logged action is inside its cadence window.,NO_MATERIAL_CHANGE,,
ACC-113,P4,Tail,580,5. Cost-to-Serve / Low-Touch,Automated Nurture,DORMANT_LOW_VALUE,Ready — Automated,Draft Ready,Automation,False,True,PB08_NURTURE,Email / in-app message,Queue automated message (Automated Nurture).,60,Any (repeat) order within 90 days.,"Order placed, unsubscribe, or 2 unanswered dormant messages (pause 6 months).",Rising Tail accounts that cross the Core line re-route automatically.,MATERIAL_BROKER_INCONSISTENCY; LOW_CONFIDENCE,Draft ready (not sent),NUR_DORMANT,"Hi {first_name},

Whenever you're planning your next stock buy, you can browse bundles on the Fleek app at any time. If you're looking for something specific, reply to this message and we'll do our best to help you find it. No pressure, just a friendly reminder that we're here.

Best,
{sender_name}",,,,,Dormant,No Meaningful History,Existing Customer,False,Not Eligible,Lumpy,N/A,No repeat send while the logged action is inside its cadence window.,NO_MATERIAL_CHANGE,,
ACC-114,P4,Tail,576,5. Cost-to-Serve / Low-Touch,Automated Nurture,DORMANT_LOW_VALUE,Ready — Automated,Draft Ready,Automation,False,True,PB08_NURTURE,Email / in-app message,Queue automated message (Automated Nurture).,60,Any (repeat) order within 90 days.,"Order placed, unsubscribe, or 2 unanswered dormant messages (pause 6 months).",Rising Tail accounts that cross the Core line re-route automatically.,LOW_CONFIDENCE,Draft ready (not sent),NUR_DORMANT,"Hi {first_name},

Whenever you're planning your next stock buy, you can browse bundles and handpicked stock on the Fleek app at any time. If you're looking for something specific, reply to this message and we'll do our best to help you find it. No pressure, just a friendly reminder that we're here.

Best,
{sender_name}",,,,,Dormant,No Meaningful History,Existing Customer,False,Not Eligible,Lumpy,N/A,No repeat send while the logged action is inside its cadence window.,NO_MATERIAL_CHANGE,,
ACC-115,P4,Tail,574,9. Long-Tail Automated Nurture,Automated Nurture,LONG_TAIL_STANDARD,Ready — Automated,Draft Ready,Automation,False,True,PB08_NURTURE,Email / in-app message,Queue automated message (Automated Nurture).,60,Any (repeat) order within 90 days.,"Order placed, unsubscribe, or 2 unanswered dormant messages (pause 6 months).",Rising Tail accounts that cross the Core line re-route automatically.,LOW_CONFIDENCE,Draft ready (not sent),NUR_DORMANT,"Hi {first_name},

Whenever you're planning your next stock buy, you can browse bundles on the Fleek app at any time. If you're looking for something specific, reply to this message and we'll do our best to help you find it. No pressure, just a friendly reminder that we're here.

Best,
{sender_name}",,,,,Dormant,No Meaningful History,Existing Customer,False,Not Eligible,Lumpy,N/A,No repeat send while the logged action is inside its cadence window.,NO_MATERIAL_CHANGE,,
ACC-116,P4,Tail,523,9. Long-Tail Automated Nurture,Automated Nurture,LONG_TAIL_STANDARD,Ready — Automated,Draft Ready,Automation,False,True,PB08_NURTURE,Email / in-app message,Queue automated message (Automated Nurture).,60,Any (repeat) order within 90 days.,"Order placed, unsubscribe, or 2 unanswered dormant messages (pause 6 months).",Rising Tail accounts that cross the Core line re-route automatically.,,Draft ready (not sent),NUR_DORMANT,"Hi {first_name},

Whenever you're planning your next stock buy, you can browse bundles and handpicked stock on the Fleek app at any time. If you're looking for something specific, reply to this message and we'll do our best to help you find it. No pressure, just a friendly reminder that we're here.

Best,
{sender_name}",,,,,Dormant,Recent Inactivity,Existing Customer,False,Not Eligible,Lumpy,N/A,No repeat send while the logged action is inside its cadence window.,NO_MATERIAL_CHANGE,,
ACC-117,P4,Tail,519,9. Long-Tail Automated Nurture,Automated Nurture,LONG_TAIL_STANDARD,Ready — Automated,Draft Ready,Automation,False,True,PB08_NURTURE,Email / in-app message,Queue automated message (Automated Nurture).,30,Any (repeat) order within 90 days.,"Order placed, unsubscribe, or 2 unanswered dormant messages (pause 6 months).",Rising Tail accounts that cross the Core line re-route automatically.,LOW_CONFIDENCE,Draft ready (not sent),NUR_RETURNED,"Hi {first_name},

Welcome back to Fleek, and thanks for your recent order. You can browse bundles in the app whenever it suits you. If there's anything specific you're sourcing at the moment, reply to this message and we'll help point you in the right direction.

Best,
{sender_name}",,,,,Returned customer,No Meaningful History,Returned Customer,False,Not Eligible,Lumpy,N/A,No repeat send while the logged action is inside its cadence window.,NO_MATERIAL_CHANGE,,
ACC-118,P4,Tail,489,9. Long-Tail Automated Nurture,Automated Nurture,LONG_TAIL_STANDARD,Ready — Automated,Draft Ready,Automation,False,True,PB08_NURTURE,Email / in-app message,Queue automated message (Automated Nurture).,30,Any (repeat) order within 90 days.,"Order placed, unsubscribe, or 2 unanswered dormant messages (pause 6 months).",Rising Tail accounts that cross the Core line re-route automatically.,,Draft ready (not sent),NUR_REPEAT,"Hi {first_name},

Thanks for your recent orders with Fleek. A quick reminder that you can browse bundles in the app whenever you're ready for your next buy. If there's something particular you're after, just reply to this message and we'll be happy to help.

Best,
{sender_name}",,,,,Light-touch repeat buyer,Recently Active,Existing Customer,False,Not Eligible,Lumpy,N/A,No repeat send while the logged action is inside its cadence window.,NO_MATERIAL_CHANGE,,
ACC-119,P4,Tail,489,9. Long-Tail Automated Nurture,Automated Nurture,LONG_TAIL_STANDARD,Ready — Automated,Draft Ready,Automation,False,True,PB08_NURTURE,Email / in-app message,Queue automated message (Automated Nurture).,60,Any (repeat) order within 90 days.,"Order placed, unsubscribe, or 2 unanswered dormant messages (pause 6 months).",Rising Tail accounts that cross the Core line re-route automatically.,LOW_CONFIDENCE,Draft ready (not sent),NUR_DORMANT,"Hi {first_name},

Whenever you're planning your next stock buy, you can browse bundles on the Fleek app at any time. If you're looking for something specific, reply to this message and we'll do our best to help you find it. No pressure, just a friendly reminder that we're here.

Best,
{sender_name}",,,,,Dormant,No Meaningful History,Existing Customer,False,Not Eligible,Lumpy,N/A,No repeat send while the logged action is inside its cadence window.,NO_MATERIAL_CHANGE,,
ACC-120,P4,Tail,471,9. Long-Tail Automated Nurture,Automated Nurture,LONG_TAIL_STANDARD,Ready — Automated,Draft Ready,Automation,False,True,PB08_NURTURE,Email / in-app message,Queue automated message (Automated Nurture).,60,Any (repeat) order within 90 days.,"Order placed, unsubscribe, or 2 unanswered dormant messages (pause 6 months).",Rising Tail accounts that cross the Core line re-route automatically.,MATERIAL_BROKER_INCONSISTENCY,Draft ready (not sent),NUR_DORMANT,"Hi {first_name},

Whenever you're planning your next stock buy, you can browse handpicked stock on the Fleek app at any time. If you're looking for something specific, reply to this message and we'll do our best to help you find it. No pressure, just a friendly reminder that we're here.

Best,
{sender_name}",,,,,Dormant,Recent Inactivity,Existing Customer,False,Not Eligible,Lumpy,N/A,No repeat send while the logged action is inside its cadence window.,NO_MATERIAL_CHANGE,,
ACC-121,P4,Tail,468,9. Long-Tail Automated Nurture,Automated Nurture,LONG_TAIL_STANDARD,Ready — Automated,Draft Ready,Automation,False,True,PB08_NURTURE,Email / in-app message,Queue automated message (Automated Nurture).,60,Any (repeat) order within 90 days.,"Order placed, unsubscribe, or 2 unanswered dormant messages (pause 6 months).",Rising Tail accounts that cross the Core line re-route automatically.,LOW_CONFIDENCE,Draft ready (not sent),NUR_DORMANT,"Hi {first_name},

Whenever you're planning your next stock buy, you can browse handpicked stock on the Fleek app at any time. If you're looking for something specific, reply to this message and we'll do our best to help you find it. No pressure, just a friendly reminder that we're here.

Best,
{sender_name}",,,,,Dormant,No Meaningful History,Existing Customer,False,Not Eligible,Lumpy,N/A,No repeat send while the logged action is inside its cadence window.,NO_MATERIAL_CHANGE,,
ACC-122,P4,Tail,459,9. Long-Tail Automated Nurture,Automated Nurture,LONG_TAIL_STANDARD,Ready — Automated,Draft Ready,Automation,False,True,PB08_NURTURE,Email / in-app message,Queue automated message (Automated Nurture).,60,Any (repeat) order within 90 days.,"Order placed, unsubscribe, or 2 unanswered dormant messages (pause 6 months).",Rising Tail accounts that cross the Core line re-route automatically.,,Draft ready (not sent),NUR_DORMANT,"Hi {first_name},

Whenever you're planning your next stock buy, you can browse handpicked stock on the Fleek app at any time. If you're looking for something specific, reply to this message and we'll do our best to help you find it. No pressure, just a friendly reminder that we're here.

Best,
{sender_name}",,,,,Dormant,Recent Inactivity,Existing Customer,False,Not Eligible,Lumpy,N/A,No repeat send while the logged action is inside its cadence window.,NO_MATERIAL_CHANGE,,
ACC-123,P4,Tail,454,5. Cost-to-Serve / Low-Touch,Automated Nurture,DORMANT_LOW_VALUE,Ready — Automated,Draft Ready,Automation,False,True,PB08_NURTURE,Email / in-app message,Queue automated message (Automated Nurture).,60,Any (repeat) order within 90 days.,"Order placed, unsubscribe, or 2 unanswered dormant messages (pause 6 months).",Rising Tail accounts that cross the Core line re-route automatically.,H2_SINGLE_MONTH_SPIKE,Draft ready (not sent),NUR_DORMANT,"Hi {first_name},

Whenever you're planning your next stock buy, you can browse bundles on the Fleek app at any time. If you're looking for something specific, reply to this message and we'll do our best to help you find it. No pressure, just a friendly reminder that we're here.

Best,
{sender_name}",,,,,Dormant,No Meaningful History,Returned Customer,False,Not Eligible,Lumpy,N/A,No repeat send while the logged action is inside its cadence window.,NO_MATERIAL_CHANGE,,
ACC-124,P4,Tail,447,9. Long-Tail Automated Nurture,Automated Nurture,LONG_TAIL_STANDARD,Ready — Automated,Draft Ready,Automation,False,True,PB08_NURTURE,Email / in-app message,Queue automated message (Automated Nurture).,60,Any (repeat) order within 90 days.,"Order placed, unsubscribe, or 2 unanswered dormant messages (pause 6 months).",Rising Tail accounts that cross the Core line re-route automatically.,LOW_CONFIDENCE,Draft ready (not sent),NUR_DORMANT,"Hi {first_name},

Whenever you're planning your next stock buy, you can browse bundles on the Fleek app at any time. If you're looking for something specific, reply to this message and we'll do our best to help you find it. No pressure, just a friendly reminder that we're here.

Best,
{sender_name}",,,,,Dormant,No Meaningful History,Existing Customer,False,Not Eligible,Lumpy,N/A,No repeat send while the logged action is inside its cadence window.,NO_MATERIAL_CHANGE,,
ACC-125,P4,Tail,446,9. Long-Tail Automated Nurture,Automated Nurture,LONG_TAIL_STANDARD,Ready — Automated,Draft Ready,Automation,False,True,PB08_NURTURE,Email / in-app message,Queue automated message (Automated Nurture).,60,Any (repeat) order within 90 days.,"Order placed, unsubscribe, or 2 unanswered dormant messages (pause 6 months).",Rising Tail accounts that cross the Core line re-route automatically.,LOW_CONFIDENCE,Draft ready (not sent),NUR_DORMANT,"Hi {first_name},

Whenever you're planning your next stock buy, you can browse bundles on the Fleek app at any time. If you're looking for something specific, reply to this message and we'll do our best to help you find it. No pressure, just a friendly reminder that we're here.

Best,
{sender_name}",,,,,Dormant,No Meaningful History,Existing Customer,False,Not Eligible,Lumpy,N/A,No repeat send while the logged action is inside its cadence window.,NO_MATERIAL_CHANGE,,
ACC-126,P4,Tail,443,9. Long-Tail Automated Nurture,Automated Nurture,LONG_TAIL_STANDARD,Ready — Automated,Draft Ready,Automation,False,True,PB08_NURTURE,Email / in-app message,Queue automated message (Automated Nurture).,60,Any (repeat) order within 90 days.,"Order placed, unsubscribe, or 2 unanswered dormant messages (pause 6 months).",Rising Tail accounts that cross the Core line re-route automatically.,LOW_CONFIDENCE,Draft ready (not sent),NUR_DORMANT,"Hi {first_name},

Whenever you're planning your next stock buy, you can browse handpicked stock on the Fleek app at any time. If you're looking for something specific, reply to this message and we'll do our best to help you find it. No pressure, just a friendly reminder that we're here.

Best,
{sender_name}",,,,,Dormant,No Meaningful History,Existing Customer,False,Not Eligible,Lumpy,N/A,No repeat send while the logged action is inside its cadence window.,NO_MATERIAL_CHANGE,,
ACC-127,P4,Tail,392,9. Long-Tail Automated Nurture,Automated Nurture,LONG_TAIL_STANDARD,Ready — Automated,Draft Ready,Automation,False,True,PB08_NURTURE,Email / in-app message,Queue automated message (Automated Nurture).,60,Any (repeat) order within 90 days.,"Order placed, unsubscribe, or 2 unanswered dormant messages (pause 6 months).",Rising Tail accounts that cross the Core line re-route automatically.,LOW_CONFIDENCE,Draft ready (not sent),NUR_DORMANT,"Hi {first_name},

Whenever you're planning your next stock buy, you can browse bundles on the Fleek app at any time. If you're looking for something specific, reply to this message and we'll do our best to help you find it. No pressure, just a friendly reminder that we're here.

Best,
{sender_name}",,,,,Dormant,No Meaningful History,Existing Customer,False,Not Eligible,Lumpy,N/A,No repeat send while the logged action is inside its cadence window.,NO_MATERIAL_CHANGE,,
ACC-128,P4,Tail,386,5. Cost-to-Serve / Low-Touch,Automated Nurture,DORMANT_LOW_VALUE,Ready — Automated,Draft Ready,Automation,False,True,PB08_NURTURE,Email / in-app message,Queue automated message (Automated Nurture).,60,Any (repeat) order within 90 days.,"Order placed, unsubscribe, or 2 unanswered dormant messages (pause 6 months).",Rising Tail accounts that cross the Core line re-route automatically.,MATERIAL_BROKER_INCONSISTENCY; LOW_CONFIDENCE,Draft ready (not sent),NUR_DORMANT,"Hi {first_name},

Whenever you're planning your next stock buy, you can browse bundles on the Fleek app at any time. If you're looking for something specific, reply to this message and we'll do our best to help you find it. No pressure, just a friendly reminder that we're here.

Best,
{sender_name}",,,,,Dormant,No Meaningful History,Existing Customer,False,Not Eligible,Lumpy,N/A,No repeat send while the logged action is inside its cadence window.,NO_MATERIAL_CHANGE,,
ACC-129,P4,Tail,379,5. Cost-to-Serve / Low-Touch,Automated Nurture,DORMANT_LOW_VALUE,Ready — Automated,Draft Ready,Automation,False,True,PB08_NURTURE,Email / in-app message,Queue automated message (Automated Nurture).,60,Any (repeat) order within 90 days.,"Order placed, unsubscribe, or 2 unanswered dormant messages (pause 6 months).",Rising Tail accounts that cross the Core line re-route automatically.,LOW_CONFIDENCE,Draft ready (not sent),NUR_DORMANT,"Hi {first_name},

Whenever you're planning your next stock buy, you can browse bundles on the Fleek app at any time. If you're looking for something specific, reply to this message and we'll do our best to help you find it. No pressure, just a friendly reminder that we're here.

Best,
{sender_name}",,,,,Dormant,No Meaningful History,Existing Customer,False,Not Eligible,Lumpy,N/A,No repeat send while the logged action is inside its cadence window.,NO_MATERIAL_CHANGE,,
ACC-130,P4,Tail,377,9. Long-Tail Automated Nurture,Automated Nurture,LONG_TAIL_STANDARD,Ready — Automated,Draft Ready,Automation,False,True,PB08_NURTURE,Email / in-app message,Queue automated message (Automated Nurture).,60,Any (repeat) order within 90 days.,"Order placed, unsubscribe, or 2 unanswered dormant messages (pause 6 months).",Rising Tail accounts that cross the Core line re-route automatically.,LOW_CONFIDENCE,Draft ready (not sent),NUR_DORMANT,"Hi {first_name},

Whenever you're planning your next stock buy, you can browse handpicked stock on the Fleek app at any time. If you're looking for something specific, reply to this message and we'll do our best to help you find it. No pressure, just a friendly reminder that we're here.

Best,
{sender_name}",,,,,Dormant,No Meaningful History,Existing Customer,False,Not Eligible,Lumpy,N/A,No repeat send while the logged action is inside its cadence window.,NO_MATERIAL_CHANGE,,
ACC-131,P4,Tail,363,9. Long-Tail Automated Nurture,Automated Nurture,LONG_TAIL_STANDARD,Ready — Automated,Draft Ready,Automation,False,True,PB08_NURTURE,Email / in-app message,Queue automated message (Automated Nurture).,30,Any (repeat) order within 90 days.,"Order placed, unsubscribe, or 2 unanswered dormant messages (pause 6 months).",Rising Tail accounts that cross the Core line re-route automatically.,NO_FEB_GMV (Feb unconfirmed); LOW_CONFIDENCE,Draft ready (not sent),NUR_RETURNED,"Hi {first_name},

Welcome back to Fleek, and thanks for your recent order. You can browse handpicked stock in the app whenever it suits you. If there's anything specific you're sourcing at the moment, reply to this message and we'll help point you in the right direction.

Best,
{sender_name}",,,,,Returned customer,Recently Active,Returned Customer,False,Not Eligible,Lumpy,N/A,No repeat send while the logged action is inside its cadence window.,NO_MATERIAL_CHANGE,,
ACC-132,P4,Tail,360,9. Long-Tail Automated Nurture,Automated Nurture,LONG_TAIL_STANDARD,Ready — Automated,Draft Ready,Automation,False,True,PB08_NURTURE,Email / in-app message,Queue automated message (Automated Nurture).,60,Any (repeat) order within 90 days.,"Order placed, unsubscribe, or 2 unanswered dormant messages (pause 6 months).",Rising Tail accounts that cross the Core line re-route automatically.,LOW_CONFIDENCE,Draft ready (not sent),NUR_DORMANT,"Hi {first_name},

Whenever you're planning your next stock buy, you can browse bundles on the Fleek app at any time. If you're looking for something specific, reply to this message and we'll do our best to help you find it. No pressure, just a friendly reminder that we're here.

Best,
{sender_name}",,,,,Dormant,No Meaningful History,Existing Customer,False,Not Eligible,Lumpy,N/A,No repeat send while the logged action is inside its cadence window.,NO_MATERIAL_CHANGE,,
ACC-133,P4,Tail,356,9. Long-Tail Automated Nurture,Automated Nurture,LONG_TAIL_STANDARD,Ready — Automated,Draft Ready,Automation,False,True,PB08_NURTURE,Email / in-app message,Queue automated message (Automated Nurture).,60,Any (repeat) order within 90 days.,"Order placed, unsubscribe, or 2 unanswered dormant messages (pause 6 months).",Rising Tail accounts that cross the Core line re-route automatically.,LOW_CONFIDENCE,Draft ready (not sent),NUR_DORMANT,"Hi {first_name},

Whenever you're planning your next stock buy, you can browse bundles on the Fleek app at any time. If you're looking for something specific, reply to this message and we'll do our best to help you find it. No pressure, just a friendly reminder that we're here.

Best,
{sender_name}",,,,,Dormant,No Meaningful History,Existing Customer,False,Not Eligible,Lumpy,N/A,No repeat send while the logged action is inside its cadence window.,NO_MATERIAL_CHANGE,,
ACC-134,P4,Tail,355,9. Long-Tail Automated Nurture,Automated Nurture,LONG_TAIL_STANDARD,Ready — Automated,Draft Ready,Automation,False,True,PB08_NURTURE,Email / in-app message,Queue automated message (Automated Nurture).,30,Any (repeat) order within 90 days.,"Order placed, unsubscribe, or 2 unanswered dormant messages (pause 6 months).",Rising Tail accounts that cross the Core line re-route automatically.,FEB_SENSITIVE; LOW_CONFIDENCE,Draft ready (not sent),NUR_RETURNED,"Hi {first_name},

Welcome back to Fleek, and thanks for your recent order. You can browse bundles in the app whenever it suits you. If there's anything specific you're sourcing at the moment, reply to this message and we'll help point you in the right direction.

Best,
{sender_name}",,,,,Returned customer,Recently Active,Returned Customer,False,Not Eligible,Lumpy,N/A,No repeat send while the logged action is inside its cadence window.,NO_MATERIAL_CHANGE,,
ACC-135,P4,Tail,353,9. Long-Tail Automated Nurture,Automated Nurture,LONG_TAIL_STANDARD,Ready — Automated,Draft Ready,Automation,False,True,PB08_NURTURE,Email / in-app message,Queue automated message (Automated Nurture).,60,Any (repeat) order within 90 days.,"Order placed, unsubscribe, or 2 unanswered dormant messages (pause 6 months).",Rising Tail accounts that cross the Core line re-route automatically.,LOW_CONFIDENCE,Draft ready (not sent),NUR_DORMANT,"Hi {first_name},

Whenever you're planning your next stock buy, you can browse bundles on the Fleek app at any time. If you're looking for something specific, reply to this message and we'll do our best to help you find it. No pressure, just a friendly reminder that we're here.

Best,
{sender_name}",,,,,Dormant,No Meaningful History,Existing Customer,False,Not Eligible,Lumpy,N/A,No repeat send while the logged action is inside its cadence window.,NO_MATERIAL_CHANGE,,
ACC-136,P4,Tail,345,5. Cost-to-Serve / Low-Touch,Automated Nurture,DORMANT_LOW_VALUE,Ready — Automated,Draft Ready,Automation,False,True,PB08_NURTURE,Email / in-app message,Queue automated message (Automated Nurture).,60,Any (repeat) order within 90 days.,"Order placed, unsubscribe, or 2 unanswered dormant messages (pause 6 months).",Rising Tail accounts that cross the Core line re-route automatically.,LOW_CONFIDENCE,Draft ready (not sent),NUR_DORMANT,"Hi {first_name},

Whenever you're planning your next stock buy, you can browse bundles on the Fleek app at any time. If you're looking for something specific, reply to this message and we'll do our best to help you find it. No pressure, just a friendly reminder that we're here.

Best,
{sender_name}",,,,,Dormant,No Meaningful History,Existing Customer,False,Not Eligible,Lumpy,N/A,No repeat send while the logged action is inside its cadence window.,NO_MATERIAL_CHANGE,,
ACC-137,P4,Tail,344,9. Long-Tail Automated Nurture,Automated Nurture,LONG_TAIL_STANDARD,Ready — Automated,Draft Ready,Automation,False,True,PB08_NURTURE,Email / in-app message,Queue automated message (Automated Nurture).,30,Any (repeat) order within 90 days.,"Order placed, unsubscribe, or 2 unanswered dormant messages (pause 6 months).",Rising Tail accounts that cross the Core line re-route automatically.,FEB_SENSITIVE; LOW_CONFIDENCE,Draft ready (not sent),NUR_ENGAGED,"Hi {first_name},

If you've found items on Fleek that you like, you can check out directly from the product page, or use Make an Offer if the price doesn't quite work for you. If something is holding you back from ordering, reply here and let us know, as we'd be glad to help.

Best,
{sender_name}",,,,,"Engaged, not converting",Recently Active,Existing Customer,False,Not Eligible,Lumpy,N/A,No repeat send while the logged action is inside its cadence window.,NO_MATERIAL_CHANGE,,
ACC-138,P4,Tail,329,9. Long-Tail Automated Nurture,Automated Nurture,LONG_TAIL_STANDARD,Ready — Automated,Draft Ready,Automation,False,True,PB08_NURTURE,Email / in-app message,Queue automated message (Automated Nurture).,60,Any (repeat) order within 90 days.,"Order placed, unsubscribe, or 2 unanswered dormant messages (pause 6 months).",Rising Tail accounts that cross the Core line re-route automatically.,LOW_CONFIDENCE,Draft ready (not sent),NUR_DORMANT,"Hi {first_name},

Whenever you're planning your next stock buy, you can browse bundles on the Fleek app at any time. If you're looking for something specific, reply to this message and we'll do our best to help you find it. No pressure, just a friendly reminder that we're here.

Best,
{sender_name}",,,,,Dormant,No Meaningful History,Existing Customer,False,Not Eligible,Lumpy,N/A,No repeat send while the logged action is inside its cadence window.,NO_MATERIAL_CHANGE,,
ACC-139,P4,Tail,322,9. Long-Tail Automated Nurture,Automated Nurture,LONG_TAIL_STANDARD,Ready — Automated,Draft Ready,Automation,False,True,PB08_NURTURE,Email / in-app message,Queue automated message (Automated Nurture).,60,Any (repeat) order within 90 days.,"Order placed, unsubscribe, or 2 unanswered dormant messages (pause 6 months).",Rising Tail accounts that cross the Core line re-route automatically.,LOW_CONFIDENCE,Draft ready (not sent),NUR_DORMANT,"Hi {first_name},

Whenever you're planning your next stock buy, you can browse bundles on the Fleek app at any time. If you're looking for something specific, reply to this message and we'll do our best to help you find it. No pressure, just a friendly reminder that we're here.

Best,
{sender_name}",,,,,Dormant,No Meaningful History,Existing Customer,False,Not Eligible,Lumpy,N/A,No repeat send while the logged action is inside its cadence window.,NO_MATERIAL_CHANGE,,
ACC-140,P4,Tail,320,9. Long-Tail Automated Nurture,Automated Nurture,LONG_TAIL_STANDARD,Ready — Automated,Draft Ready,Automation,False,True,PB08_NURTURE,Email / in-app message,Queue automated message (Automated Nurture).,60,Any (repeat) order within 90 days.,"Order placed, unsubscribe, or 2 unanswered dormant messages (pause 6 months).",Rising Tail accounts that cross the Core line re-route automatically.,LOW_CONFIDENCE,Draft ready (not sent),NUR_DORMANT,"Hi {first_name},

Whenever you're planning your next stock buy, you can browse bundles on the Fleek app at any time. If you're looking for something specific, reply to this message and we'll do our best to help you find it. No pressure, just a friendly reminder that we're here.

Best,
{sender_name}",,,,,Dormant,No Meaningful History,Existing Customer,False,Not Eligible,Lumpy,N/A,No repeat send while the logged action is inside its cadence window.,NO_MATERIAL_CHANGE,,
ACC-141,P4,Tail,313,9. Long-Tail Automated Nurture,Automated Nurture,LONG_TAIL_STANDARD,Ready — Automated,Draft Ready,Automation,False,True,PB08_NURTURE,Email / in-app message,Queue automated message (Automated Nurture).,30,Any (repeat) order within 90 days.,"Order placed, unsubscribe, or 2 unanswered dormant messages (pause 6 months).",Rising Tail accounts that cross the Core line re-route automatically.,NO_FEB_GMV (Feb unconfirmed); LOW_CONFIDENCE,Draft ready (not sent),NUR_RETURNED,"Hi {first_name},

Welcome back to Fleek, and thanks for your recent order. You can browse bundles in the app whenever it suits you. If there's anything specific you're sourcing at the moment, reply to this message and we'll help point you in the right direction.

Best,
{sender_name}",,,,,Returned customer,Recently Active,Returned Customer,False,Not Eligible,Lumpy,N/A,No repeat send while the logged action is inside its cadence window.,NO_MATERIAL_CHANGE,,
ACC-142,P4,Tail,312,9. Long-Tail Automated Nurture,Automated Nurture,LONG_TAIL_STANDARD,Ready — Automated,Draft Ready,Automation,False,True,PB08_NURTURE,Email / in-app message,Queue automated message (Automated Nurture).,60,Any (repeat) order within 90 days.,"Order placed, unsubscribe, or 2 unanswered dormant messages (pause 6 months).",Rising Tail accounts that cross the Core line re-route automatically.,LOW_CONFIDENCE,Draft ready (not sent),NUR_DORMANT,"Hi {first_name},

Whenever you're planning your next stock buy, you can browse handpicked stock on the Fleek app at any time. If you're looking for something specific, reply to this message and we'll do our best to help you find it. No pressure, just a friendly reminder that we're here.

Best,
{sender_name}",,,,,Dormant,No Meaningful History,Existing Customer,False,Not Eligible,Lumpy,N/A,No repeat send while the logged action is inside its cadence window.,NO_MATERIAL_CHANGE,,
ACC-143,P4,Tail,308,9. Long-Tail Automated Nurture,Automated Nurture,LONG_TAIL_STANDARD,Ready — Automated,Draft Ready,Automation,False,True,PB08_NURTURE,Email / in-app message,Queue automated message (Automated Nurture).,60,Any (repeat) order within 90 days.,"Order placed, unsubscribe, or 2 unanswered dormant messages (pause 6 months).",Rising Tail accounts that cross the Core line re-route automatically.,LOW_CONFIDENCE,Draft ready (not sent),NUR_DORMANT,"Hi {first_name},

Whenever you're planning your next stock buy, you can browse bundles on the Fleek app at any time. If you're looking for something specific, reply to this message and we'll do our best to help you find it. No pressure, just a friendly reminder that we're here.

Best,
{sender_name}",,,,,Dormant,No Meaningful History,Existing Customer,False,Not Eligible,Lumpy,N/A,No repeat send while the logged action is inside its cadence window.,NO_MATERIAL_CHANGE,,
ACC-144,P4,Tail,306,9. Long-Tail Automated Nurture,Automated Nurture,LONG_TAIL_STANDARD,Ready — Automated,Draft Ready,Automation,False,True,PB08_NURTURE,Email / in-app message,Queue automated message (Automated Nurture).,60,Any (repeat) order within 90 days.,"Order placed, unsubscribe, or 2 unanswered dormant messages (pause 6 months).",Rising Tail accounts that cross the Core line re-route automatically.,LOW_CONFIDENCE,Draft ready (not sent),NUR_DORMANT,"Hi {first_name},

Whenever you're planning your next stock buy, you can browse bundles on the Fleek app at any time. If you're looking for something specific, reply to this message and we'll do our best to help you find it. No pressure, just a friendly reminder that we're here.

Best,
{sender_name}",,,,,Dormant,No Meaningful History,Existing Customer,False,Not Eligible,Lumpy,N/A,No repeat send while the logged action is inside its cadence window.,NO_MATERIAL_CHANGE,,
ACC-145,P4,Tail,305,9. Long-Tail Automated Nurture,Automated Nurture,LONG_TAIL_STANDARD,Ready — Automated,Draft Ready,Automation,False,True,PB08_NURTURE,Email / in-app message,Queue automated message (Automated Nurture).,30,Any (repeat) order within 90 days.,"Order placed, unsubscribe, or 2 unanswered dormant messages (pause 6 months).",Rising Tail accounts that cross the Core line re-route automatically.,FEB_SENSITIVE; LOW_CONFIDENCE,Draft ready (not sent),NUR_RETURNED,"Hi {first_name},

Welcome back to Fleek, and thanks for your recent order. You can browse bundles in the app whenever it suits you. If there's anything specific you're sourcing at the moment, reply to this message and we'll help point you in the right direction.

Best,
{sender_name}",,,,,Returned customer,Recently Active,Returned Customer,False,Not Eligible,Lumpy,N/A,No repeat send while the logged action is inside its cadence window.,NO_MATERIAL_CHANGE,,
ACC-146,P4,Tail,298,9. Long-Tail Automated Nurture,Automated Nurture,LONG_TAIL_STANDARD,Ready — Automated,Draft Ready,Automation,False,True,PB08_NURTURE,Email / in-app message,Queue automated message (Automated Nurture).,60,Any (repeat) order within 90 days.,"Order placed, unsubscribe, or 2 unanswered dormant messages (pause 6 months).",Rising Tail accounts that cross the Core line re-route automatically.,,Draft ready (not sent),NUR_DORMANT,"Hi {first_name},

Whenever you're planning your next stock buy, you can browse bundles on the Fleek app at any time. If you're looking for something specific, reply to this message and we'll do our best to help you find it. No pressure, just a friendly reminder that we're here.

Best,
{sender_name}",,,,,Dormant,Recent Inactivity,Existing Customer,False,Not Eligible,Lumpy,N/A,No repeat send while the logged action is inside its cadence window.,NO_MATERIAL_CHANGE,,
ACC-147,P4,Tail,296,9. Long-Tail Automated Nurture,Automated Nurture,LONG_TAIL_STANDARD,Ready — Automated,Draft Ready,Automation,False,True,PB08_NURTURE,Email / in-app message,Queue automated message (Automated Nurture).,60,Any (repeat) order within 90 days.,"Order placed, unsubscribe, or 2 unanswered dormant messages (pause 6 months).",Rising Tail accounts that cross the Core line re-route automatically.,LOW_CONFIDENCE,Draft ready (not sent),NUR_DORMANT,"Hi {first_name},

Whenever you're planning your next stock buy, you can browse bundles on the Fleek app at any time. If you're looking for something specific, reply to this message and we'll do our best to help you find it. No pressure, just a friendly reminder that we're here.

Best,
{sender_name}",,,,,Dormant,No Meaningful History,Existing Customer,False,Not Eligible,Lumpy,N/A,No repeat send while the logged action is inside its cadence window.,NO_MATERIAL_CHANGE,,
ACC-148,P4,Tail,291,9. Long-Tail Automated Nurture,Automated Nurture,LONG_TAIL_STANDARD,Ready — Automated,Draft Ready,Automation,False,True,PB08_NURTURE,Email / in-app message,Queue automated message (Automated Nurture).,60,Any (repeat) order within 90 days.,"Order placed, unsubscribe, or 2 unanswered dormant messages (pause 6 months).",Rising Tail accounts that cross the Core line re-route automatically.,LOW_CONFIDENCE,Draft ready (not sent),NUR_DORMANT,"Hi {first_name},

Whenever you're planning your next stock buy, you can browse bundles on the Fleek app at any time. If you're looking for something specific, reply to this message and we'll do our best to help you find it. No pressure, just a friendly reminder that we're here.

Best,
{sender_name}",,,,,Dormant,No Meaningful History,Existing Customer,False,Not Eligible,Lumpy,N/A,No repeat send while the logged action is inside its cadence window.,NO_MATERIAL_CHANGE,,
ACC-149,P4,Tail,289,9. Long-Tail Automated Nurture,Automated Nurture,LONG_TAIL_STANDARD,Ready — Automated,Draft Ready,Automation,False,True,PB08_NURTURE,Email / in-app message,Queue automated message (Automated Nurture).,60,Any (repeat) order within 90 days.,"Order placed, unsubscribe, or 2 unanswered dormant messages (pause 6 months).",Rising Tail accounts that cross the Core line re-route automatically.,LOW_CONFIDENCE,Draft ready (not sent),NUR_DORMANT,"Hi {first_name},

Whenever you're planning your next stock buy, you can browse bundles on the Fleek app at any time. If you're looking for something specific, reply to this message and we'll do our best to help you find it. No pressure, just a friendly reminder that we're here.

Best,
{sender_name}",,,,,Dormant,No Meaningful History,Existing Customer,False,Not Eligible,Lumpy,N/A,No repeat send while the logged action is inside its cadence window.,NO_MATERIAL_CHANGE,,
ACC-150,P4,Tail,284,9. Long-Tail Automated Nurture,Automated Nurture,LONG_TAIL_STANDARD,Ready — Automated,Draft Ready,Automation,False,True,PB08_NURTURE,Email / in-app message,Queue automated message (Automated Nurture).,60,Any (repeat) order within 90 days.,"Order placed, unsubscribe, or 2 unanswered dormant messages (pause 6 months).",Rising Tail accounts that cross the Core line re-route automatically.,LOW_CONFIDENCE,Draft ready (not sent),NUR_DORMANT,"Hi {first_name},

Whenever you're planning your next stock buy, you can browse bundles on the Fleek app at any time. If you're looking for something specific, reply to this message and we'll do our best to help you find it. No pressure, just a friendly reminder that we're here.

Best,
{sender_name}",,,,,Dormant,No Meaningful History,Existing Customer,False,Not Eligible,Lumpy,N/A,No repeat send while the logged action is inside its cadence window.,NO_MATERIAL_CHANGE,,
ACC-151,P4,Tail,282,9. Long-Tail Automated Nurture,Automated Nurture,LONG_TAIL_STANDARD,Ready — Automated,Draft Ready,Automation,False,True,PB08_NURTURE,Email / in-app message,Queue automated message (Automated Nurture).,60,Any (repeat) order within 90 days.,"Order placed, unsubscribe, or 2 unanswered dormant messages (pause 6 months).",Rising Tail accounts that cross the Core line re-route automatically.,LOW_CONFIDENCE,Draft ready (not sent),NUR_DORMANT,"Hi {first_name},

Whenever you're planning your next stock buy, you can browse bundles on the Fleek app at any time. If you're looking for something specific, reply to this message and we'll do our best to help you find it. No pressure, just a friendly reminder that we're here.

Best,
{sender_name}",,,,,Dormant,No Meaningful History,Existing Customer,False,Not Eligible,Lumpy,N/A,No repeat send while the logged action is inside its cadence window.,NO_MATERIAL_CHANGE,,
ACC-152,P4,Tail,273,9. Long-Tail Automated Nurture,Automated Nurture,LONG_TAIL_STANDARD,Ready — Automated,Draft Ready,Automation,False,True,PB08_NURTURE,Email / in-app message,Queue automated message (Automated Nurture).,60,Any (repeat) order within 90 days.,"Order placed, unsubscribe, or 2 unanswered dormant messages (pause 6 months).",Rising Tail accounts that cross the Core line re-route automatically.,LOW_CONFIDENCE,Draft ready (not sent),NUR_DORMANT,"Hi {first_name},

Whenever you're planning your next stock buy, you can browse bundles on the Fleek app at any time. If you're looking for something specific, reply to this message and we'll do our best to help you find it. No pressure, just a friendly reminder that we're here.

Best,
{sender_name}",,,,,Dormant,No Meaningful History,Existing Customer,False,Not Eligible,Lumpy,N/A,No repeat send while the logged action is inside its cadence window.,NO_MATERIAL_CHANGE,,
ACC-153,P4,Tail,272,9. Long-Tail Automated Nurture,Automated Nurture,LONG_TAIL_STANDARD,Ready — Automated,Draft Ready,Automation,False,True,PB08_NURTURE,Email / in-app message,Queue automated message (Automated Nurture).,60,Any (repeat) order within 90 days.,"Order placed, unsubscribe, or 2 unanswered dormant messages (pause 6 months).",Rising Tail accounts that cross the Core line re-route automatically.,LOW_CONFIDENCE,Draft ready (not sent),NUR_DORMANT,"Hi {first_name},

Whenever you're planning your next stock buy, you can browse handpicked stock on the Fleek app at any time. If you're looking for something specific, reply to this message and we'll do our best to help you find it. No pressure, just a friendly reminder that we're here.

Best,
{sender_name}",,,,,Dormant,No Meaningful History,Existing Customer,False,Not Eligible,Lumpy,N/A,No repeat send while the logged action is inside its cadence window.,NO_MATERIAL_CHANGE,,
ACC-154,P4,Tail,269,9. Long-Tail Automated Nurture,Automated Nurture,LONG_TAIL_STANDARD,Ready — Automated,Draft Ready,Automation,False,True,PB08_NURTURE,Email / in-app message,Queue automated message (Automated Nurture).,60,Any (repeat) order within 90 days.,"Order placed, unsubscribe, or 2 unanswered dormant messages (pause 6 months).",Rising Tail accounts that cross the Core line re-route automatically.,LOW_CONFIDENCE,Draft ready (not sent),NUR_DORMANT,"Hi {first_name},

Whenever you're planning your next stock buy, you can browse bundles on the Fleek app at any time. If you're looking for something specific, reply to this message and we'll do our best to help you find it. No pressure, just a friendly reminder that we're here.

Best,
{sender_name}",,,,,Dormant,No Meaningful History,Existing Customer,False,Not Eligible,Lumpy,N/A,No repeat send while the logged action is inside its cadence window.,NO_MATERIAL_CHANGE,,
ACC-155,P4,Tail,261,9. Long-Tail Automated Nurture,Automated Nurture,LONG_TAIL_STANDARD,Ready — Automated,Draft Ready,Automation,False,True,PB08_NURTURE,Email / in-app message,Queue automated message (Automated Nurture).,60,Any (repeat) order within 90 days.,"Order placed, unsubscribe, or 2 unanswered dormant messages (pause 6 months).",Rising Tail accounts that cross the Core line re-route automatically.,LOW_CONFIDENCE,Draft ready (not sent),NUR_DORMANT,"Hi {first_name},

Whenever you're planning your next stock buy, you can browse bundles on the Fleek app at any time. If you're looking for something specific, reply to this message and we'll do our best to help you find it. No pressure, just a friendly reminder that we're here.

Best,
{sender_name}",,,,,Dormant,No Meaningful History,Existing Customer,False,Not Eligible,Lumpy,N/A,No repeat send while the logged action is inside its cadence window.,NO_MATERIAL_CHANGE,,
ACC-156,P4,Tail,255,9. Long-Tail Automated Nurture,Automated Nurture,LONG_TAIL_STANDARD,Ready — Automated,Draft Ready,Automation,False,True,PB08_NURTURE,Email / in-app message,Queue automated message (Automated Nurture).,30,Any (repeat) order within 90 days.,"Order placed, unsubscribe, or 2 unanswered dormant messages (pause 6 months).",Rising Tail accounts that cross the Core line re-route automatically.,FEB_SENSITIVE; LOW_CONFIDENCE,Draft ready (not sent),NUR_RETURNED,"Hi {first_name},

Welcome back to Fleek, and thanks for your recent order. You can browse bundles in the app whenever it suits you. If there's anything specific you're sourcing at the moment, reply to this message and we'll help point you in the right direction.

Best,
{sender_name}",,,,,Returned customer,Recently Active,Returned Customer,False,Not Eligible,Lumpy,N/A,No repeat send while the logged action is inside its cadence window.,NO_MATERIAL_CHANGE,,
ACC-157,P4,Tail,254,9. Long-Tail Automated Nurture,Automated Nurture,LONG_TAIL_STANDARD,Ready — Automated,Draft Ready,Automation,False,True,PB08_NURTURE,Email / in-app message,Queue automated message (Automated Nurture).,60,Any (repeat) order within 90 days.,"Order placed, unsubscribe, or 2 unanswered dormant messages (pause 6 months).",Rising Tail accounts that cross the Core line re-route automatically.,LOW_CONFIDENCE,Draft ready (not sent),NUR_DORMANT,"Hi {first_name},

Whenever you're planning your next stock buy, you can browse handpicked stock on the Fleek app at any time. If you're looking for something specific, reply to this message and we'll do our best to help you find it. No pressure, just a friendly reminder that we're here.

Best,
{sender_name}",,,,,Dormant,No Meaningful History,Existing Customer,False,Not Eligible,Lumpy,N/A,No repeat send while the logged action is inside its cadence window.,NO_MATERIAL_CHANGE,,
ACC-158,P4,Tail,254,9. Long-Tail Automated Nurture,Automated Nurture,LONG_TAIL_STANDARD,Ready — Automated,Draft Ready,Automation,False,True,PB08_NURTURE,Email / in-app message,Queue automated message (Automated Nurture).,60,Any (repeat) order within 90 days.,"Order placed, unsubscribe, or 2 unanswered dormant messages (pause 6 months).",Rising Tail accounts that cross the Core line re-route automatically.,LOW_CONFIDENCE,Draft ready (not sent),NUR_DORMANT,"Hi {first_name},

Whenever you're planning your next stock buy, you can browse bundles on the Fleek app at any time. If you're looking for something specific, reply to this message and we'll do our best to help you find it. No pressure, just a friendly reminder that we're here.

Best,
{sender_name}",,,,,Dormant,No Meaningful History,Existing Customer,False,Not Eligible,Lumpy,N/A,No repeat send while the logged action is inside its cadence window.,NO_MATERIAL_CHANGE,,
ACC-159,P4,Tail,253,9. Long-Tail Automated Nurture,Automated Nurture,LONG_TAIL_STANDARD,Ready — Automated,Draft Ready,Automation,False,True,PB08_NURTURE,Email / in-app message,Queue automated message (Automated Nurture).,60,Any (repeat) order within 90 days.,"Order placed, unsubscribe, or 2 unanswered dormant messages (pause 6 months).",Rising Tail accounts that cross the Core line re-route automatically.,LOW_CONFIDENCE,Draft ready (not sent),NUR_DORMANT,"Hi {first_name},

Whenever you're planning your next stock buy, you can browse bundles on the Fleek app at any time. If you're looking for something specific, reply to this message and we'll do our best to help you find it. No pressure, just a friendly reminder that we're here.

Best,
{sender_name}",,,,,Dormant,No Meaningful History,Existing Customer,False,Not Eligible,Lumpy,N/A,No repeat send while the logged action is inside its cadence window.,NO_MATERIAL_CHANGE,,
ACC-160,P3,Tail,249,9. Long-Tail Automated Nurture,Discovery-to-Offer Enablement,BROWSING_LOW_OFFERS,Ready — Automated,Draft Ready,Automation,False,True,PB05_DISCOVERY_TO_OFFER,Email / in-app message,Queue automated message (Discovery-to-Offer Enablement).,14,3+ offers within 90 days and ideally an order afterwards (association only - no offer-acceptance data).,"Offers reach 3, or two messages sent, or account becomes inactive/declining.",None (automated). Re-routes automatically if momentum turns Declining/Lapsed.,NO_FEB_GMV (Feb unconfirmed); LOW_CONFIDENCE,Draft ready (not sent),DTO,"Hi {first_name},

If you spot an item you like on Fleek but the price doesn't quite work for you, you can use Make an Offer directly from the product page to propose your own price. It's a simple way to negotiate on stock you're already looking at, and you stay in control of what you pay.

Best,
{sender_name}",,,,,,Recently Active,Existing Customer,False,Not Eligible,Lumpy,N/A,No re-send while the action is already logged for this NBA; eligible again only after the NBA changes.,NO_MATERIAL_CHANGE,,
ACC-161,P4,Tail,248,9. Long-Tail Automated Nurture,Automated Nurture,LONG_TAIL_STANDARD,Ready — Automated,Draft Ready,Automation,False,True,PB08_NURTURE,Email / in-app message,Queue automated message (Automated Nurture).,60,Any (repeat) order within 90 days.,"Order placed, unsubscribe, or 2 unanswered dormant messages (pause 6 months).",Rising Tail accounts that cross the Core line re-route automatically.,LOW_CONFIDENCE,Draft ready (not sent),NUR_DORMANT,"Hi {first_name},

Whenever you're planning your next stock buy, you can browse handpicked stock on the Fleek app at any time. If you're looking for something specific, reply to this message and we'll do our best to help you find it. No pressure, just a friendly reminder that we're here.

Best,
{sender_name}",,,,,Dormant,No Meaningful History,Existing Customer,False,Not Eligible,Lumpy,N/A,No repeat send while the logged action is inside its cadence window.,NO_MATERIAL_CHANGE,,
ACC-162,P4,Tail,242,9. Long-Tail Automated Nurture,Automated Nurture,LONG_TAIL_STANDARD,Ready — Automated,Draft Ready,Automation,False,True,PB08_NURTURE,Email / in-app message,Queue automated message (Automated Nurture).,60,Any (repeat) order within 90 days.,"Order placed, unsubscribe, or 2 unanswered dormant messages (pause 6 months).",Rising Tail accounts that cross the Core line re-route automatically.,LOW_CONFIDENCE,Draft ready (not sent),NUR_DORMANT,"Hi {first_name},

Whenever you're planning your next stock buy, you can browse bundles on the Fleek app at any time. If you're looking for something specific, reply to this message and we'll do our best to help you find it. No pressure, just a friendly reminder that we're here.

Best,
{sender_name}",,,,,Dormant,No Meaningful History,Existing Customer,False,Not Eligible,Lumpy,N/A,No repeat send while the logged action is inside its cadence window.,NO_MATERIAL_CHANGE,,
ACC-163,P4,Tail,240,9. Long-Tail Automated Nurture,Automated Nurture,LONG_TAIL_STANDARD,Ready — Automated,Draft Ready,Automation,False,True,PB08_NURTURE,Email / in-app message,Queue automated message (Automated Nurture).,60,Any (repeat) order within 90 days.,"Order placed, unsubscribe, or 2 unanswered dormant messages (pause 6 months).",Rising Tail accounts that cross the Core line re-route automatically.,LOW_CONFIDENCE,Draft ready (not sent),NUR_DORMANT,"Hi {first_name},

Whenever you're planning your next stock buy, you can browse bundles on the Fleek app at any time. If you're looking for something specific, reply to this message and we'll do our best to help you find it. No pressure, just a friendly reminder that we're here.

Best,
{sender_name}",,,,,Dormant,No Meaningful History,Existing Customer,False,Not Eligible,Lumpy,N/A,No repeat send while the logged action is inside its cadence window.,NO_MATERIAL_CHANGE,,
ACC-164,P4,Tail,230,9. Long-Tail Automated Nurture,Automated Nurture,LONG_TAIL_STANDARD,Ready — Automated,Draft Ready,Automation,False,True,PB08_NURTURE,Email / in-app message,Queue automated message (Automated Nurture).,60,Any (repeat) order within 90 days.,"Order placed, unsubscribe, or 2 unanswered dormant messages (pause 6 months).",Rising Tail accounts that cross the Core line re-route automatically.,LOW_CONFIDENCE,Draft ready (not sent),NUR_DORMANT,"Hi {first_name},

Whenever you're planning your next stock buy, you can browse bundles on the Fleek app at any time. If you're looking for something specific, reply to this message and we'll do our best to help you find it. No pressure, just a friendly reminder that we're here.

Best,
{sender_name}",,,,,Dormant,No Meaningful History,Existing Customer,False,Not Eligible,Lumpy,N/A,No repeat send while the logged action is inside its cadence window.,NO_MATERIAL_CHANGE,,
ACC-165,P4,Tail,222,9. Long-Tail Automated Nurture,Automated Nurture,LONG_TAIL_STANDARD,Ready — Automated,Draft Ready,Automation,False,True,PB08_NURTURE,Email / in-app message,Queue automated message (Automated Nurture).,60,Any (repeat) order within 90 days.,"Order placed, unsubscribe, or 2 unanswered dormant messages (pause 6 months).",Rising Tail accounts that cross the Core line re-route automatically.,LOW_CONFIDENCE,Draft ready (not sent),NUR_DORMANT,"Hi {first_name},

Whenever you're planning your next stock buy, you can browse bundles and handpicked stock on the Fleek app at any time. If you're looking for something specific, reply to this message and we'll do our best to help you find it. No pressure, just a friendly reminder that we're here.

Best,
{sender_name}",,,,,Dormant,No Meaningful History,Existing Customer,False,Not Eligible,Lumpy,N/A,No repeat send while the logged action is inside its cadence window.,NO_MATERIAL_CHANGE,,
ACC-166,P4,Tail,217,9. Long-Tail Automated Nurture,Automated Nurture,LONG_TAIL_STANDARD,Ready — Automated,Draft Ready,Automation,False,True,PB08_NURTURE,Email / in-app message,Queue automated message (Automated Nurture).,60,Any (repeat) order within 90 days.,"Order placed, unsubscribe, or 2 unanswered dormant messages (pause 6 months).",Rising Tail accounts that cross the Core line re-route automatically.,LOW_CONFIDENCE,Draft ready (not sent),NUR_DORMANT,"Hi {first_name},

Whenever you're planning your next stock buy, you can browse bundles on the Fleek app at any time. If you're looking for something specific, reply to this message and we'll do our best to help you find it. No pressure, just a friendly reminder that we're here.

Best,
{sender_name}",,,,,Dormant,No Meaningful History,Existing Customer,False,Not Eligible,Lumpy,N/A,No repeat send while the logged action is inside its cadence window.,NO_MATERIAL_CHANGE,,
ACC-167,P4,Tail,209,9. Long-Tail Automated Nurture,Automated Nurture,LONG_TAIL_STANDARD,Ready — Automated,Draft Ready,Automation,False,True,PB08_NURTURE,Email / in-app message,Queue automated message (Automated Nurture).,60,Any (repeat) order within 90 days.,"Order placed, unsubscribe, or 2 unanswered dormant messages (pause 6 months).",Rising Tail accounts that cross the Core line re-route automatically.,LOW_CONFIDENCE,Draft ready (not sent),NUR_DORMANT,"Hi {first_name},

Whenever you're planning your next stock buy, you can browse bundles on the Fleek app at any time. If you're looking for something specific, reply to this message and we'll do our best to help you find it. No pressure, just a friendly reminder that we're here.

Best,
{sender_name}",,,,,Dormant,No Meaningful History,Existing Customer,False,Not Eligible,Lumpy,N/A,No repeat send while the logged action is inside its cadence window.,NO_MATERIAL_CHANGE,,
ACC-168,P4,Tail,200,9. Long-Tail Automated Nurture,Automated Nurture,LONG_TAIL_STANDARD,Ready — Automated,Draft Ready,Automation,False,True,PB08_NURTURE,Email / in-app message,Queue automated message (Automated Nurture).,60,Any (repeat) order within 90 days.,"Order placed, unsubscribe, or 2 unanswered dormant messages (pause 6 months).",Rising Tail accounts that cross the Core line re-route automatically.,LOW_CONFIDENCE,Draft ready (not sent),NUR_DORMANT,"Hi {first_name},

Whenever you're planning your next stock buy, you can browse bundles on the Fleek app at any time. If you're looking for something specific, reply to this message and we'll do our best to help you find it. No pressure, just a friendly reminder that we're here.

Best,
{sender_name}",,,,,Dormant,No Meaningful History,Existing Customer,False,Not Eligible,Lumpy,N/A,No repeat send while the logged action is inside its cadence window.,NO_MATERIAL_CHANGE,,
ACC-169,P4,Tail,200,9. Long-Tail Automated Nurture,Automated Nurture,LONG_TAIL_STANDARD,Ready — Automated,Draft Ready,Automation,False,True,PB08_NURTURE,Email / in-app message,Queue automated message (Automated Nurture).,60,Any (repeat) order within 90 days.,"Order placed, unsubscribe, or 2 unanswered dormant messages (pause 6 months).",Rising Tail accounts that cross the Core line re-route automatically.,LOW_CONFIDENCE,Draft ready (not sent),NUR_DORMANT,"Hi {first_name},

Whenever you're planning your next stock buy, you can browse bundles on the Fleek app at any time. If you're looking for something specific, reply to this message and we'll do our best to help you find it. No pressure, just a friendly reminder that we're here.

Best,
{sender_name}",,,,,Dormant,No Meaningful History,Existing Customer,False,Not Eligible,Lumpy,N/A,No repeat send while the logged action is inside its cadence window.,NO_MATERIAL_CHANGE,,
ACC-170,P4,Tail,196,9. Long-Tail Automated Nurture,Automated Nurture,LONG_TAIL_STANDARD,Ready — Automated,Draft Ready,Automation,False,True,PB08_NURTURE,Email / in-app message,Queue automated message (Automated Nurture).,60,Any (repeat) order within 90 days.,"Order placed, unsubscribe, or 2 unanswered dormant messages (pause 6 months).",Rising Tail accounts that cross the Core line re-route automatically.,LOW_CONFIDENCE,Draft ready (not sent),NUR_DORMANT,"Hi {first_name},

Whenever you're planning your next stock buy, you can browse handpicked stock on the Fleek app at any time. If you're looking for something specific, reply to this message and we'll do our best to help you find it. No pressure, just a friendly reminder that we're here.

Best,
{sender_name}",,,,,Dormant,No Meaningful History,Existing Customer,False,Not Eligible,Lumpy,N/A,No repeat send while the logged action is inside its cadence window.,NO_MATERIAL_CHANGE,,
ACC-171,P4,Tail,192,9. Long-Tail Automated Nurture,Automated Nurture,LONG_TAIL_STANDARD,Ready — Automated,Draft Ready,Automation,False,True,PB08_NURTURE,Email / in-app message,Queue automated message (Automated Nurture).,60,Any (repeat) order within 90 days.,"Order placed, unsubscribe, or 2 unanswered dormant messages (pause 6 months).",Rising Tail accounts that cross the Core line re-route automatically.,LOW_CONFIDENCE,Draft ready (not sent),NUR_DORMANT,"Hi {first_name},

Whenever you're planning your next stock buy, you can browse bundles on the Fleek app at any time. If you're looking for something specific, reply to this message and we'll do our best to help you find it. No pressure, just a friendly reminder that we're here.

Best,
{sender_name}",,,,,Dormant,No Meaningful History,Existing Customer,False,Not Eligible,Lumpy,N/A,No repeat send while the logged action is inside its cadence window.,NO_MATERIAL_CHANGE,,
ACC-172,P4,Tail,186,9. Long-Tail Automated Nurture,Automated Nurture,LONG_TAIL_STANDARD,Ready — Automated,Draft Ready,Automation,False,True,PB08_NURTURE,Email / in-app message,Queue automated message (Automated Nurture).,60,Any (repeat) order within 90 days.,"Order placed, unsubscribe, or 2 unanswered dormant messages (pause 6 months).",Rising Tail accounts that cross the Core line re-route automatically.,LOW_CONFIDENCE,Draft ready (not sent),NUR_DORMANT,"Hi {first_name},

Whenever you're planning your next stock buy, you can browse bundles on the Fleek app at any time. If you're looking for something specific, reply to this message and we'll do our best to help you find it. No pressure, just a friendly reminder that we're here.

Best,
{sender_name}",,,,,Dormant,No Meaningful History,Existing Customer,False,Not Eligible,Lumpy,N/A,No repeat send while the logged action is inside its cadence window.,NO_MATERIAL_CHANGE,,
ACC-173,P4,Tail,185,9. Long-Tail Automated Nurture,Automated Nurture,LONG_TAIL_STANDARD,Ready — Automated,Draft Ready,Automation,False,True,PB08_NURTURE,Email / in-app message,Queue automated message (Automated Nurture).,30,Any (repeat) order within 90 days.,"Order placed, unsubscribe, or 2 unanswered dormant messages (pause 6 months).",Rising Tail accounts that cross the Core line re-route automatically.,NO_FEB_GMV (Feb unconfirmed); LOW_CONFIDENCE,Draft ready (not sent),NUR_RETURNED,"Hi {first_name},

Welcome back to Fleek, and thanks for your recent order. You can browse bundles in the app whenever it suits you. If there's anything specific you're sourcing at the moment, reply to this message and we'll help point you in the right direction.

Best,
{sender_name}",,,,,Returned customer,Recently Active,Returned Customer,False,Not Eligible,Lumpy,N/A,No repeat send while the logged action is inside its cadence window.,NO_MATERIAL_CHANGE,,
ACC-174,P4,Tail,176,9. Long-Tail Automated Nurture,Automated Nurture,LONG_TAIL_STANDARD,Ready — Automated,Draft Ready,Automation,False,True,PB08_NURTURE,Email / in-app message,Queue automated message (Automated Nurture).,60,Any (repeat) order within 90 days.,"Order placed, unsubscribe, or 2 unanswered dormant messages (pause 6 months).",Rising Tail accounts that cross the Core line re-route automatically.,LOW_CONFIDENCE,Draft ready (not sent),NUR_DORMANT,"Hi {first_name},

Whenever you're planning your next stock buy, you can browse bundles on the Fleek app at any time. If you're looking for something specific, reply to this message and we'll do our best to help you find it. No pressure, just a friendly reminder that we're here.

Best,
{sender_name}",,,,,Dormant,No Meaningful History,Existing Customer,False,Not Eligible,Lumpy,N/A,No repeat send while the logged action is inside its cadence window.,NO_MATERIAL_CHANGE,,
ACC-175,P4,Tail,172,9. Long-Tail Automated Nurture,Automated Nurture,LONG_TAIL_STANDARD,Ready — Automated,Draft Ready,Automation,False,True,PB08_NURTURE,Email / in-app message,Queue automated message (Automated Nurture).,60,Any (repeat) order within 90 days.,"Order placed, unsubscribe, or 2 unanswered dormant messages (pause 6 months).",Rising Tail accounts that cross the Core line re-route automatically.,LOW_CONFIDENCE,Draft ready (not sent),NUR_DORMANT,"Hi {first_name},

Whenever you're planning your next stock buy, you can browse bundles on the Fleek app at any time. If you're looking for something specific, reply to this message and we'll do our best to help you find it. No pressure, just a friendly reminder that we're here.

Best,
{sender_name}",,,,,Dormant,No Meaningful History,Existing Customer,False,Not Eligible,Lumpy,N/A,No repeat send while the logged action is inside its cadence window.,NO_MATERIAL_CHANGE,,
ACC-176,P4,Tail,164,9. Long-Tail Automated Nurture,Automated Nurture,LONG_TAIL_STANDARD,Ready — Automated,Draft Ready,Automation,False,True,PB08_NURTURE,Email / in-app message,Queue automated message (Automated Nurture).,60,Any (repeat) order within 90 days.,"Order placed, unsubscribe, or 2 unanswered dormant messages (pause 6 months).",Rising Tail accounts that cross the Core line re-route automatically.,LOW_CONFIDENCE,Draft ready (not sent),NUR_DORMANT,"Hi {first_name},

Whenever you're planning your next stock buy, you can browse bundles on the Fleek app at any time. If you're looking for something specific, reply to this message and we'll do our best to help you find it. No pressure, just a friendly reminder that we're here.

Best,
{sender_name}",,,,,Dormant,No Meaningful History,Existing Customer,False,Not Eligible,Lumpy,N/A,No repeat send while the logged action is inside its cadence window.,NO_MATERIAL_CHANGE,,
ACC-177,P4,Tail,164,9. Long-Tail Automated Nurture,Automated Nurture,LONG_TAIL_STANDARD,Ready — Automated,Draft Ready,Automation,False,True,PB08_NURTURE,Email / in-app message,Queue automated message (Automated Nurture).,30,Any (repeat) order within 90 days.,"Order placed, unsubscribe, or 2 unanswered dormant messages (pause 6 months).",Rising Tail accounts that cross the Core line re-route automatically.,FEB_SENSITIVE; LOW_CONFIDENCE,Draft ready (not sent),NUR_RETURNED,"Hi {first_name},

Welcome back to Fleek, and thanks for your recent order. You can browse bundles in the app whenever it suits you. If there's anything specific you're sourcing at the moment, reply to this message and we'll help point you in the right direction.

Best,
{sender_name}",,,,,Returned customer,Recently Active,Returned Customer,False,Not Eligible,Lumpy,N/A,No repeat send while the logged action is inside its cadence window.,NO_MATERIAL_CHANGE,,
ACC-178,P4,Tail,156,9. Long-Tail Automated Nurture,Automated Nurture,LONG_TAIL_STANDARD,Ready — Automated,Draft Ready,Automation,False,True,PB08_NURTURE,Email / in-app message,Queue automated message (Automated Nurture).,60,Any (repeat) order within 90 days.,"Order placed, unsubscribe, or 2 unanswered dormant messages (pause 6 months).",Rising Tail accounts that cross the Core line re-route automatically.,LOW_CONFIDENCE,Draft ready (not sent),NUR_DORMANT,"Hi {first_name},

Whenever you're planning your next stock buy, you can browse handpicked stock on the Fleek app at any time. If you're looking for something specific, reply to this message and we'll do our best to help you find it. No pressure, just a friendly reminder that we're here.

Best,
{sender_name}",,,,,Dormant,No Meaningful History,Existing Customer,False,Not Eligible,Lumpy,N/A,No repeat send while the logged action is inside its cadence window.,NO_MATERIAL_CHANGE,,
ACC-179,P4,Tail,153,9. Long-Tail Automated Nurture,Automated Nurture,LONG_TAIL_STANDARD,Ready — Automated,Draft Ready,Automation,False,True,PB08_NURTURE,Email / in-app message,Queue automated message (Automated Nurture).,60,Any (repeat) order within 90 days.,"Order placed, unsubscribe, or 2 unanswered dormant messages (pause 6 months).",Rising Tail accounts that cross the Core line re-route automatically.,LOW_CONFIDENCE,Draft ready (not sent),NUR_DORMANT,"Hi {first_name},

Whenever you're planning your next stock buy, you can browse bundles on the Fleek app at any time. If you're looking for something specific, reply to this message and we'll do our best to help you find it. No pressure, just a friendly reminder that we're here.

Best,
{sender_name}",,,,,Dormant,No Meaningful History,Existing Customer,False,Not Eligible,Lumpy,N/A,No repeat send while the logged action is inside its cadence window.,NO_MATERIAL_CHANGE,,
ACC-180,P4,Tail,152,9. Long-Tail Automated Nurture,Automated Nurture,LONG_TAIL_STANDARD,Ready — Automated,Draft Ready,Automation,False,True,PB08_NURTURE,Email / in-app message,Queue automated message (Automated Nurture).,30,Any (repeat) order within 90 days.,"Order placed, unsubscribe, or 2 unanswered dormant messages (pause 6 months).",Rising Tail accounts that cross the Core line re-route automatically.,NO_FEB_GMV (Feb unconfirmed); LOW_CONFIDENCE,Draft ready (not sent),NUR_RETURNED,"Hi {first_name},

Welcome back to Fleek, and thanks for your recent order. You can browse bundles in the app whenever it suits you. If there's anything specific you're sourcing at the moment, reply to this message and we'll help point you in the right direction.

Best,
{sender_name}",,,,,Returned customer,Recently Active,Returned Customer,False,Not Eligible,Lumpy,N/A,No repeat send while the logged action is inside its cadence window.,NO_MATERIAL_CHANGE,,
ACC-181,P4,Tail,149,9. Long-Tail Automated Nurture,Automated Nurture,LONG_TAIL_STANDARD,Ready — Automated,Draft Ready,Automation,False,True,PB08_NURTURE,Email / in-app message,Queue automated message (Automated Nurture).,60,Any (repeat) order within 90 days.,"Order placed, unsubscribe, or 2 unanswered dormant messages (pause 6 months).",Rising Tail accounts that cross the Core line re-route automatically.,LOW_CONFIDENCE,Draft ready (not sent),NUR_DORMANT,"Hi {first_name},

Whenever you're planning your next stock buy, you can browse bundles on the Fleek app at any time. If you're looking for something specific, reply to this message and we'll do our best to help you find it. No pressure, just a friendly reminder that we're here.

Best,
{sender_name}",,,,,Dormant,No Meaningful History,Existing Customer,False,Not Eligible,Lumpy,N/A,No repeat send while the logged action is inside its cadence window.,NO_MATERIAL_CHANGE,,
ACC-182,P4,Tail,146,9. Long-Tail Automated Nurture,Automated Nurture,LONG_TAIL_STANDARD,Ready — Automated,Draft Ready,Automation,False,True,PB08_NURTURE,Email / in-app message,Queue automated message (Automated Nurture).,60,Any (repeat) order within 90 days.,"Order placed, unsubscribe, or 2 unanswered dormant messages (pause 6 months).",Rising Tail accounts that cross the Core line re-route automatically.,LOW_CONFIDENCE,Draft ready (not sent),NUR_DORMANT,"Hi {first_name},

Whenever you're planning your next stock buy, you can browse bundles on the Fleek app at any time. If you're looking for something specific, reply to this message and we'll do our best to help you find it. No pressure, just a friendly reminder that we're here.

Best,
{sender_name}",,,,,Dormant,No Meaningful History,Existing Customer,False,Not Eligible,Lumpy,N/A,No repeat send while the logged action is inside its cadence window.,NO_MATERIAL_CHANGE,,
ACC-183,P4,Tail,145,9. Long-Tail Automated Nurture,Automated Nurture,LONG_TAIL_STANDARD,Ready — Automated,Draft Ready,Automation,False,True,PB08_NURTURE,Email / in-app message,Queue automated message (Automated Nurture).,60,Any (repeat) order within 90 days.,"Order placed, unsubscribe, or 2 unanswered dormant messages (pause 6 months).",Rising Tail accounts that cross the Core line re-route automatically.,LOW_CONFIDENCE,Draft ready (not sent),NUR_DORMANT,"Hi {first_name},

Whenever you're planning your next stock buy, you can browse bundles on the Fleek app at any time. If you're looking for something specific, reply to this message and we'll do our best to help you find it. No pressure, just a friendly reminder that we're here.

Best,
{sender_name}",,,,,Dormant,No Meaningful History,Existing Customer,False,Not Eligible,Lumpy,N/A,No repeat send while the logged action is inside its cadence window.,NO_MATERIAL_CHANGE,,
ACC-184,P4,Tail,134,9. Long-Tail Automated Nurture,Automated Nurture,LONG_TAIL_STANDARD,Ready — Automated,Draft Ready,Automation,False,True,PB08_NURTURE,Email / in-app message,Queue automated message (Automated Nurture).,60,Any (repeat) order within 90 days.,"Order placed, unsubscribe, or 2 unanswered dormant messages (pause 6 months).",Rising Tail accounts that cross the Core line re-route automatically.,LOW_CONFIDENCE,Draft ready (not sent),NUR_DORMANT,"Hi {first_name},

Whenever you're planning your next stock buy, you can browse bundles on the Fleek app at any time. If you're looking for something specific, reply to this message and we'll do our best to help you find it. No pressure, just a friendly reminder that we're here.

Best,
{sender_name}",,,,,Dormant,No Meaningful History,Existing Customer,False,Not Eligible,Lumpy,N/A,No repeat send while the logged action is inside its cadence window.,NO_MATERIAL_CHANGE,,
ACC-185,P4,Tail,123,9. Long-Tail Automated Nurture,Automated Nurture,LONG_TAIL_STANDARD,Ready — Automated,Draft Ready,Automation,False,True,PB08_NURTURE,Email / in-app message,Queue automated message (Automated Nurture).,30,Any (repeat) order within 90 days.,"Order placed, unsubscribe, or 2 unanswered dormant messages (pause 6 months).",Rising Tail accounts that cross the Core line re-route automatically.,NO_FEB_GMV (Feb unconfirmed); LOW_CONFIDENCE,Draft ready (not sent),NUR_RETURNED,"Hi {first_name},

Welcome back to Fleek, and thanks for your recent order. You can browse bundles in the app whenever it suits you. If there's anything specific you're sourcing at the moment, reply to this message and we'll help point you in the right direction.

Best,
{sender_name}",,,,,Returned customer,Recently Active,Returned Customer,False,Not Eligible,Lumpy,N/A,No repeat send while the logged action is inside its cadence window.,NO_MATERIAL_CHANGE,,
ACC-186,P4,Tail,121,9. Long-Tail Automated Nurture,Automated Nurture,LONG_TAIL_STANDARD,Ready — Automated,Draft Ready,Automation,False,True,PB08_NURTURE,Email / in-app message,Queue automated message (Automated Nurture).,60,Any (repeat) order within 90 days.,"Order placed, unsubscribe, or 2 unanswered dormant messages (pause 6 months).",Rising Tail accounts that cross the Core line re-route automatically.,LOW_CONFIDENCE,Draft ready (not sent),NUR_DORMANT,"Hi {first_name},

Whenever you're planning your next stock buy, you can browse bundles on the Fleek app at any time. If you're looking for something specific, reply to this message and we'll do our best to help you find it. No pressure, just a friendly reminder that we're here.

Best,
{sender_name}",,,,,Dormant,No Meaningful History,Existing Customer,False,Not Eligible,Lumpy,N/A,No repeat send while the logged action is inside its cadence window.,NO_MATERIAL_CHANGE,,
ACC-187,P4,Tail,117,9. Long-Tail Automated Nurture,Automated Nurture,LONG_TAIL_STANDARD,Ready — Automated,Draft Ready,Automation,False,True,PB08_NURTURE,Email / in-app message,Queue automated message (Automated Nurture).,30,Any (repeat) order within 90 days.,"Order placed, unsubscribe, or 2 unanswered dormant messages (pause 6 months).",Rising Tail accounts that cross the Core line re-route automatically.,NO_FEB_GMV (Feb unconfirmed); LOW_CONFIDENCE,Draft ready (not sent),NUR_RETURNED,"Hi {first_name},

Welcome back to Fleek, and thanks for your recent order. You can browse bundles in the app whenever it suits you. If there's anything specific you're sourcing at the moment, reply to this message and we'll help point you in the right direction.

Best,
{sender_name}",,,,,Returned customer,Recently Active,Returned Customer,False,Not Eligible,Lumpy,N/A,No repeat send while the logged action is inside its cadence window.,NO_MATERIAL_CHANGE,,
ACC-188,P4,Tail,116,9. Long-Tail Automated Nurture,Automated Nurture,LONG_TAIL_STANDARD,Ready — Automated,Draft Ready,Automation,False,True,PB08_NURTURE,Email / in-app message,Queue automated message (Automated Nurture).,60,Any (repeat) order within 90 days.,"Order placed, unsubscribe, or 2 unanswered dormant messages (pause 6 months).",Rising Tail accounts that cross the Core line re-route automatically.,LOW_CONFIDENCE,Draft ready (not sent),NUR_DORMANT,"Hi {first_name},

Whenever you're planning your next stock buy, you can browse bundles on the Fleek app at any time. If you're looking for something specific, reply to this message and we'll do our best to help you find it. No pressure, just a friendly reminder that we're here.

Best,
{sender_name}",,,,,Dormant,No Meaningful History,Existing Customer,False,Not Eligible,Lumpy,N/A,No repeat send while the logged action is inside its cadence window.,NO_MATERIAL_CHANGE,,
ACC-189,P4,Tail,116,9. Long-Tail Automated Nurture,Automated Nurture,LONG_TAIL_STANDARD,Ready — Automated,Draft Ready,Automation,False,True,PB08_NURTURE,Email / in-app message,Queue automated message (Automated Nurture).,60,Any (repeat) order within 90 days.,"Order placed, unsubscribe, or 2 unanswered dormant messages (pause 6 months).",Rising Tail accounts that cross the Core line re-route automatically.,LOW_CONFIDENCE,Draft ready (not sent),NUR_DORMANT,"Hi {first_name},

Whenever you're planning your next stock buy, you can browse bundles on the Fleek app at any time. If you're looking for something specific, reply to this message and we'll do our best to help you find it. No pressure, just a friendly reminder that we're here.

Best,
{sender_name}",,,,,Dormant,No Meaningful History,Existing Customer,False,Not Eligible,Lumpy,N/A,No repeat send while the logged action is inside its cadence window.,NO_MATERIAL_CHANGE,,
ACC-190,P4,Tail,113,9. Long-Tail Automated Nurture,Automated Nurture,LONG_TAIL_STANDARD,Ready — Automated,Draft Ready,Automation,False,True,PB08_NURTURE,Email / in-app message,Queue automated message (Automated Nurture).,60,Any (repeat) order within 90 days.,"Order placed, unsubscribe, or 2 unanswered dormant messages (pause 6 months).",Rising Tail accounts that cross the Core line re-route automatically.,LOW_CONFIDENCE,Draft ready (not sent),NUR_DORMANT,"Hi {first_name},

Whenever you're planning your next stock buy, you can browse bundles on the Fleek app at any time. If you're looking for something specific, reply to this message and we'll do our best to help you find it. No pressure, just a friendly reminder that we're here.

Best,
{sender_name}",,,,,Dormant,No Meaningful History,Existing Customer,False,Not Eligible,Lumpy,N/A,No repeat send while the logged action is inside its cadence window.,NO_MATERIAL_CHANGE,,
ACC-191,P4,Tail,109,9. Long-Tail Automated Nurture,Automated Nurture,LONG_TAIL_STANDARD,Ready — Automated,Draft Ready,Automation,False,True,PB08_NURTURE,Email / in-app message,Queue automated message (Automated Nurture).,60,Any (repeat) order within 90 days.,"Order placed, unsubscribe, or 2 unanswered dormant messages (pause 6 months).",Rising Tail accounts that cross the Core line re-route automatically.,LOW_CONFIDENCE,Draft ready (not sent),NUR_DORMANT,"Hi {first_name},

Whenever you're planning your next stock buy, you can browse bundles on the Fleek app at any time. If you're looking for something specific, reply to this message and we'll do our best to help you find it. No pressure, just a friendly reminder that we're here.

Best,
{sender_name}",,,,,Dormant,No Meaningful History,Existing Customer,False,Not Eligible,Lumpy,N/A,No repeat send while the logged action is inside its cadence window.,NO_MATERIAL_CHANGE,,
ACC-192,P4,Tail,107,9. Long-Tail Automated Nurture,Automated Nurture,LONG_TAIL_STANDARD,Ready — Automated,Draft Ready,Automation,False,True,PB08_NURTURE,Email / in-app message,Queue automated message (Automated Nurture).,30,Any (repeat) order within 90 days.,"Order placed, unsubscribe, or 2 unanswered dormant messages (pause 6 months).",Rising Tail accounts that cross the Core line re-route automatically.,NO_FEB_GMV (Feb unconfirmed); LOW_CONFIDENCE,Draft ready (not sent),NUR_RETURNED,"Hi {first_name},

Welcome back to Fleek, and thanks for your recent order. You can browse bundles in the app whenever it suits you. If there's anything specific you're sourcing at the moment, reply to this message and we'll help point you in the right direction.

Best,
{sender_name}",,,,,Returned customer,Recently Active,Returned Customer,False,Not Eligible,Lumpy,N/A,No repeat send while the logged action is inside its cadence window.,NO_MATERIAL_CHANGE,,
ACC-193,P4,Tail,106,9. Long-Tail Automated Nurture,Automated Nurture,LONG_TAIL_STANDARD,Ready — Automated,Draft Ready,Automation,False,True,PB08_NURTURE,Email / in-app message,Queue automated message (Automated Nurture).,60,Any (repeat) order within 90 days.,"Order placed, unsubscribe, or 2 unanswered dormant messages (pause 6 months).",Rising Tail accounts that cross the Core line re-route automatically.,LOW_CONFIDENCE,Draft ready (not sent),NUR_DORMANT,"Hi {first_name},

Whenever you're planning your next stock buy, you can browse bundles on the Fleek app at any time. If you're looking for something specific, reply to this message and we'll do our best to help you find it. No pressure, just a friendly reminder that we're here.

Best,
{sender_name}",,,,,Dormant,No Meaningful History,Existing Customer,False,Not Eligible,Lumpy,N/A,No repeat send while the logged action is inside its cadence window.,NO_MATERIAL_CHANGE,,
ACC-194,P4,Tail,106,9. Long-Tail Automated Nurture,Automated Nurture,LONG_TAIL_STANDARD,Ready — Automated,Draft Ready,Automation,False,True,PB08_NURTURE,Email / in-app message,Queue automated message (Automated Nurture).,30,Any (repeat) order within 90 days.,"Order placed, unsubscribe, or 2 unanswered dormant messages (pause 6 months).",Rising Tail accounts that cross the Core line re-route automatically.,LOW_CONFIDENCE,Draft ready (not sent),NUR_RETURNED,"Hi {first_name},

Welcome back to Fleek, and thanks for your recent order. You can browse bundles in the app whenever it suits you. If there's anything specific you're sourcing at the moment, reply to this message and we'll help point you in the right direction.

Best,
{sender_name}",,,,,Returned customer,No Meaningful History,Returned Customer,False,Not Eligible,Lumpy,N/A,No repeat send while the logged action is inside its cadence window.,NO_MATERIAL_CHANGE,,
ACC-195,P4,Tail,103,9. Long-Tail Automated Nurture,Automated Nurture,LONG_TAIL_STANDARD,Ready — Automated,Draft Ready,Automation,False,True,PB08_NURTURE,Email / in-app message,Queue automated message (Automated Nurture).,60,Any (repeat) order within 90 days.,"Order placed, unsubscribe, or 2 unanswered dormant messages (pause 6 months).",Rising Tail accounts that cross the Core line re-route automatically.,LOW_CONFIDENCE,Draft ready (not sent),NUR_DORMANT,"Hi {first_name},

Whenever you're planning your next stock buy, you can browse bundles on the Fleek app at any time. If you're looking for something specific, reply to this message and we'll do our best to help you find it. No pressure, just a friendly reminder that we're here.

Best,
{sender_name}",,,,,Dormant,No Meaningful History,Existing Customer,False,Not Eligible,Lumpy,N/A,No repeat send while the logged action is inside its cadence window.,NO_MATERIAL_CHANGE,,
ACC-196,P4,Tail,101,9. Long-Tail Automated Nurture,Automated Nurture,LONG_TAIL_STANDARD,Ready — Automated,Draft Ready,Automation,False,True,PB08_NURTURE,Email / in-app message,Queue automated message (Automated Nurture).,60,Any (repeat) order within 90 days.,"Order placed, unsubscribe, or 2 unanswered dormant messages (pause 6 months).",Rising Tail accounts that cross the Core line re-route automatically.,LOW_CONFIDENCE,Draft ready (not sent),NUR_DORMANT,"Hi {first_name},

Whenever you're planning your next stock buy, you can browse bundles on the Fleek app at any time. If you're looking for something specific, reply to this message and we'll do our best to help you find it. No pressure, just a friendly reminder that we're here.

Best,
{sender_name}",,,,,Dormant,No Meaningful History,Existing Customer,False,Not Eligible,Lumpy,N/A,No repeat send while the logged action is inside its cadence window.,NO_MATERIAL_CHANGE,,
ACC-197,P4,Tail,97,9. Long-Tail Automated Nurture,Automated Nurture,LONG_TAIL_STANDARD,Ready — Automated,Draft Ready,Automation,False,True,PB08_NURTURE,Email / in-app message,Queue automated message (Automated Nurture).,60,Any (repeat) order within 90 days.,"Order placed, unsubscribe, or 2 unanswered dormant messages (pause 6 months).",Rising Tail accounts that cross the Core line re-route automatically.,LOW_CONFIDENCE,Draft ready (not sent),NUR_DORMANT,"Hi {first_name},

Whenever you're planning your next stock buy, you can browse bundles on the Fleek app at any time. If you're looking for something specific, reply to this message and we'll do our best to help you find it. No pressure, just a friendly reminder that we're here.

Best,
{sender_name}",,,,,Dormant,No Meaningful History,Existing Customer,False,Not Eligible,Lumpy,N/A,No repeat send while the logged action is inside its cadence window.,NO_MATERIAL_CHANGE,,
ACC-198,P4,Tail,96,9. Long-Tail Automated Nurture,Automated Nurture,LONG_TAIL_STANDARD,Ready — Automated,Draft Ready,Automation,False,True,PB08_NURTURE,Email / in-app message,Queue automated message (Automated Nurture).,60,Any (repeat) order within 90 days.,"Order placed, unsubscribe, or 2 unanswered dormant messages (pause 6 months).",Rising Tail accounts that cross the Core line re-route automatically.,LOW_CONFIDENCE,Draft ready (not sent),NUR_DORMANT,"Hi {first_name},

Whenever you're planning your next stock buy, you can browse bundles on the Fleek app at any time. If you're looking for something specific, reply to this message and we'll do our best to help you find it. No pressure, just a friendly reminder that we're here.

Best,
{sender_name}",,,,,Dormant,No Meaningful History,Existing Customer,False,Not Eligible,Lumpy,N/A,No repeat send while the logged action is inside its cadence window.,NO_MATERIAL_CHANGE,,
ACC-199,P4,Tail,96,9. Long-Tail Automated Nurture,Automated Nurture,LONG_TAIL_STANDARD,Ready — Automated,Draft Ready,Automation,False,True,PB08_NURTURE,Email / in-app message,Queue automated message (Automated Nurture).,60,Any (repeat) order within 90 days.,"Order placed, unsubscribe, or 2 unanswered dormant messages (pause 6 months).",Rising Tail accounts that cross the Core line re-route automatically.,LOW_CONFIDENCE,Draft ready (not sent),NUR_DORMANT,"Hi {first_name},

Whenever you're planning your next stock buy, you can browse bundles on the Fleek app at any time. If you're looking for something specific, reply to this message and we'll do our best to help you find it. No pressure, just a friendly reminder that we're here.

Best,
{sender_name}",,,,,Dormant,No Meaningful History,Existing Customer,False,Not Eligible,Lumpy,N/A,No repeat send while the logged action is inside its cadence window.,NO_MATERIAL_CHANGE,,
ACC-200,P4,Tail,94,9. Long-Tail Automated Nurture,Automated Nurture,LONG_TAIL_STANDARD,Ready — Automated,Draft Ready,Automation,False,True,PB08_NURTURE,Email / in-app message,Queue automated message (Automated Nurture).,60,Any (repeat) order within 90 days.,"Order placed, unsubscribe, or 2 unanswered dormant messages (pause 6 months).",Rising Tail accounts that cross the Core line re-route automatically.,LOW_CONFIDENCE,Draft ready (not sent),NUR_DORMANT,"Hi {first_name},

Whenever you're planning your next stock buy, you can browse bundles on the Fleek app at any time. If you're looking for something specific, reply to this message and we'll do our best to help you find it. No pressure, just a friendly reminder that we're here.

Best,
{sender_name}",,,,,Dormant,No Meaningful History,Existing Customer,False,Not Eligible,Lumpy,N/A,No repeat send while the logged action is inside its cadence window.,NO_MATERIAL_CHANGE,,
ACC-201,P4,Tail,88,9. Long-Tail Automated Nurture,Automated Nurture,LONG_TAIL_STANDARD,Ready — Automated,Draft Ready,Automation,False,True,PB08_NURTURE,Email / in-app message,Queue automated message (Automated Nurture).,60,Any (repeat) order within 90 days.,"Order placed, unsubscribe, or 2 unanswered dormant messages (pause 6 months).",Rising Tail accounts that cross the Core line re-route automatically.,LOW_CONFIDENCE,Draft ready (not sent),NUR_DORMANT,"Hi {first_name},

Whenever you're planning your next stock buy, you can browse bundles on the Fleek app at any time. If you're looking for something specific, reply to this message and we'll do our best to help you find it. No pressure, just a friendly reminder that we're here.

Best,
{sender_name}",,,,,Dormant,No Meaningful History,Existing Customer,False,Not Eligible,Lumpy,N/A,No repeat send while the logged action is inside its cadence window.,NO_MATERIAL_CHANGE,,
ACC-202,P4,Tail,85,9. Long-Tail Automated Nurture,Automated Nurture,LONG_TAIL_STANDARD,Ready — Automated,Draft Ready,Automation,False,True,PB08_NURTURE,Email / in-app message,Queue automated message (Automated Nurture).,60,Any (repeat) order within 90 days.,"Order placed, unsubscribe, or 2 unanswered dormant messages (pause 6 months).",Rising Tail accounts that cross the Core line re-route automatically.,LOW_CONFIDENCE,Draft ready (not sent),NUR_DORMANT,"Hi {first_name},

Whenever you're planning your next stock buy, you can browse bundles on the Fleek app at any time. If you're looking for something specific, reply to this message and we'll do our best to help you find it. No pressure, just a friendly reminder that we're here.

Best,
{sender_name}",,,,,Dormant,No Meaningful History,Existing Customer,False,Not Eligible,Lumpy,N/A,No repeat send while the logged action is inside its cadence window.,NO_MATERIAL_CHANGE,,
ACC-203,P4,Tail,84,9. Long-Tail Automated Nurture,Automated Nurture,LONG_TAIL_STANDARD,Ready — Automated,Draft Ready,Automation,False,True,PB08_NURTURE,Email / in-app message,Queue automated message (Automated Nurture).,60,Any (repeat) order within 90 days.,"Order placed, unsubscribe, or 2 unanswered dormant messages (pause 6 months).",Rising Tail accounts that cross the Core line re-route automatically.,LOW_CONFIDENCE,Draft ready (not sent),NUR_DORMANT,"Hi {first_name},

Whenever you're planning your next stock buy, you can browse bundles on the Fleek app at any time. If you're looking for something specific, reply to this message and we'll do our best to help you find it. No pressure, just a friendly reminder that we're here.

Best,
{sender_name}",,,,,Dormant,No Meaningful History,Existing Customer,False,Not Eligible,Lumpy,N/A,No repeat send while the logged action is inside its cadence window.,NO_MATERIAL_CHANGE,,
ACC-204,P4,Tail,84,9. Long-Tail Automated Nurture,Automated Nurture,LONG_TAIL_STANDARD,Ready — Automated,Draft Ready,Automation,False,True,PB08_NURTURE,Email / in-app message,Queue automated message (Automated Nurture).,60,Any (repeat) order within 90 days.,"Order placed, unsubscribe, or 2 unanswered dormant messages (pause 6 months).",Rising Tail accounts that cross the Core line re-route automatically.,LOW_CONFIDENCE,Draft ready (not sent),NUR_DORMANT,"Hi {first_name},

Whenever you're planning your next stock buy, you can browse bundles on the Fleek app at any time. If you're looking for something specific, reply to this message and we'll do our best to help you find it. No pressure, just a friendly reminder that we're here.

Best,
{sender_name}",,,,,Dormant,No Meaningful History,Existing Customer,False,Not Eligible,Lumpy,N/A,No repeat send while the logged action is inside its cadence window.,NO_MATERIAL_CHANGE,,
ACC-205,P4,Tail,84,9. Long-Tail Automated Nurture,Automated Nurture,LONG_TAIL_STANDARD,Ready — Automated,Draft Ready,Automation,False,True,PB08_NURTURE,Email / in-app message,Queue automated message (Automated Nurture).,60,Any (repeat) order within 90 days.,"Order placed, unsubscribe, or 2 unanswered dormant messages (pause 6 months).",Rising Tail accounts that cross the Core line re-route automatically.,LOW_CONFIDENCE,Draft ready (not sent),NUR_DORMANT,"Hi {first_name},

Whenever you're planning your next stock buy, you can browse bundles on the Fleek app at any time. If you're looking for something specific, reply to this message and we'll do our best to help you find it. No pressure, just a friendly reminder that we're here.

Best,
{sender_name}",,,,,Dormant,No Meaningful History,Existing Customer,False,Not Eligible,Lumpy,N/A,No repeat send while the logged action is inside its cadence window.,NO_MATERIAL_CHANGE,,
ACC-206,P4,Tail,80,9. Long-Tail Automated Nurture,Automated Nurture,LONG_TAIL_STANDARD,Ready — Automated,Draft Ready,Automation,False,True,PB08_NURTURE,Email / in-app message,Queue automated message (Automated Nurture).,60,Any (repeat) order within 90 days.,"Order placed, unsubscribe, or 2 unanswered dormant messages (pause 6 months).",Rising Tail accounts that cross the Core line re-route automatically.,LOW_CONFIDENCE,Draft ready (not sent),NUR_DORMANT,"Hi {first_name},

Whenever you're planning your next stock buy, you can browse bundles on the Fleek app at any time. If you're looking for something specific, reply to this message and we'll do our best to help you find it. No pressure, just a friendly reminder that we're here.

Best,
{sender_name}",,,,,Dormant,No Meaningful History,Existing Customer,False,Not Eligible,Lumpy,N/A,No repeat send while the logged action is inside its cadence window.,NO_MATERIAL_CHANGE,,
ACC-207,P4,Tail,77,9. Long-Tail Automated Nurture,Automated Nurture,LONG_TAIL_STANDARD,Ready — Automated,Draft Ready,Automation,False,True,PB08_NURTURE,Email / in-app message,Queue automated message (Automated Nurture).,60,Any (repeat) order within 90 days.,"Order placed, unsubscribe, or 2 unanswered dormant messages (pause 6 months).",Rising Tail accounts that cross the Core line re-route automatically.,LOW_CONFIDENCE,Draft ready (not sent),NUR_DORMANT,"Hi {first_name},

Whenever you're planning your next stock buy, you can browse bundles on the Fleek app at any time. If you're looking for something specific, reply to this message and we'll do our best to help you find it. No pressure, just a friendly reminder that we're here.

Best,
{sender_name}",,,,,Dormant,No Meaningful History,Existing Customer,False,Not Eligible,Lumpy,N/A,No repeat send while the logged action is inside its cadence window.,NO_MATERIAL_CHANGE,,
ACC-208,P4,Tail,53,9. Long-Tail Automated Nurture,Automated Nurture,LONG_TAIL_STANDARD,Ready — Automated,Draft Ready,Automation,False,True,PB08_NURTURE,Email / in-app message,Queue automated message (Automated Nurture).,60,Any (repeat) order within 90 days.,"Order placed, unsubscribe, or 2 unanswered dormant messages (pause 6 months).",Rising Tail accounts that cross the Core line re-route automatically.,LOW_CONFIDENCE,Draft ready (not sent),NUR_DORMANT,"Hi {first_name},

Whenever you're planning your next stock buy, you can browse bundles on the Fleek app at any time. If you're looking for something specific, reply to this message and we'll do our best to help you find it. No pressure, just a friendly reminder that we're here.

Best,
{sender_name}",,,,,Dormant,No Meaningful History,Existing Customer,False,Not Eligible,Lumpy,N/A,No repeat send while the logged action is inside its cadence window.,NO_MATERIAL_CHANGE,,
ACC-209,P4,Tail,49,9. Long-Tail Automated Nurture,Automated Nurture,LONG_TAIL_STANDARD,Ready — Automated,Draft Ready,Automation,False,True,PB08_NURTURE,Email / in-app message,Queue automated message (Automated Nurture).,30,Any (repeat) order within 90 days.,"Order placed, unsubscribe, or 2 unanswered dormant messages (pause 6 months).",Rising Tail accounts that cross the Core line re-route automatically.,LOW_CONFIDENCE,Draft ready (not sent),NUR_RETURNED,"Hi {first_name},

Welcome back to Fleek, and thanks for your recent order. You can browse bundles in the app whenever it suits you. If there's anything specific you're sourcing at the moment, reply to this message and we'll help point you in the right direction.

Best,
{sender_name}",,,,,Returned customer,No Meaningful History,Returned Customer,False,Not Eligible,Lumpy,N/A,No repeat send while the logged action is inside its cadence window.,NO_MATERIAL_CHANGE,,
ACC-210,P4,Tail,7,9. Long-Tail Automated Nurture,Automated Nurture,LONG_TAIL_STANDARD,Ready — Automated,Draft Ready,Automation,False,True,PB08_NURTURE,Email / in-app message,Queue automated message (Automated Nurture).,60,Any (repeat) order within 90 days.,"Order placed, unsubscribe, or 2 unanswered dormant messages (pause 6 months).",Rising Tail accounts that cross the Core line re-route automatically.,LOW_CONFIDENCE,Draft ready (not sent),NUR_DORMANT,"Hi {first_name},

Whenever you're planning your next stock buy, you can browse bundles on the Fleek app at any time. If you're looking for something specific, reply to this message and we'll do our best to help you find it. No pressure, just a friendly reminder that we're here.

Best,
{sender_name}",,,,,Dormant,No Meaningful History,Existing Customer,False,Not Eligible,Lumpy,N/A,No repeat send while the logged action is inside its cadence window.,NO_MATERIAL_CHANGE,,
ACC-211,P2,Key,16912,6. Growth Opportunity,Reinforce Successful Behaviour,HEALTHY_STRONG_SELF_SERVE,Human Review Required,Awaiting Human Review,Customer Success / Growth,True,False,PB06_REINFORCE,Email / in-app message,Confirm the recent buying trend (borderline / February-dependent momentum); then release or re-route the automated message.,30,"GMV run-rate maintained or higher, with GMV in each month of the next quarter.",Account shows Recent Inactivity (playbook must not run) or momentum turns Declining.,Recent Inactivity -> Verify check (human).,FEB_SENSITIVE,Withheld until human review is complete,,,"WHY NOW: Growing or stable self-serving account with strong independent browsing and recent activity.
WHAT WE KNOW:
- Key, Self-Serve, Self Serve; £16,912 6m GMV; Reseller, France; tenure 5 months.
- Momentum: Stable (Sep-Nov £9,034 -> Dec-Feb £7,878); Recently Active (last GMV month: February); 18 orders over 4 month(s).
- Dependency: Low (broker reliance 0%; 0 AM-placed / 18 self-serve orders).
- Engagement: 6665 product views, 100 app days, 71 offer(s), 18 Fleek chats, 0 video requests; basket Mixed.
- Warnings: FEB_SENSITIVE.
WHAT TO DO: Momentum is borderline or depends on February GMV (unconfirmed month). Confirm the recent buying trend, then release or re-route the automated Reinforce Successful Behaviour message.
WHAT NOT TO DO: Do not release the automated message until the momentum check is done.
SUCCESS: GMV run-rate maintained or higher, with GMV in each month of the next quarter.",,,,,Recently Active,Existing Customer,False,Not Eligible,Regular,N/A,Suppressed if Recent Inactivity; otherwise no repeat inside 30 days.,NBA_CHANGED,NBA_CHANGED;PRIORITY_DECREASED;EXECUTION_STATUS_CHANGED;GUARDRAILS_CHANGED;DATA_UPDATED,0f799e9cf54b
ACC-212,P2,Core,8581,6. Growth Opportunity,Reinforce Successful Behaviour,HEALTHY_STRONG_SELF_SERVE,Ready — Automated,Draft Ready,Automation,False,False,PB06_REINFORCE,Email / in-app message,Queue automated message (Reinforce Successful Behaviour).,30,"GMV run-rate maintained or higher, with GMV in each month of the next quarter.",Account shows Recent Inactivity (playbook must not run) or momentum turns Declining.,Recent Inactivity -> Verify check (human).,,Draft ready (not sent),REINFORCE,"Hi {first_name},

Thanks for being an active Fleek buyer. Just a quick note to keep an eye on the app for bundles and handpicked stock that fits your range, and to let you know we're here if there's anything specific you're trying to source. Reply any time and we'll help.

Best,
{sender_name}",,,,,,Recently Active,Existing Customer,False,Not Eligible,Regular,N/A,Suppressed if Recent Inactivity; otherwise no repeat inside 30 days.,NO_MATERIAL_CHANGE,,
ACC-213,P2,Core,4899,6. Growth Opportunity,Reinforce Successful Behaviour,HEALTHY_STRONG_SELF_SERVE,Ready — Automated,Draft Ready,Automation,False,False,PB06_REINFORCE,Email / in-app message,Queue automated message (Reinforce Successful Behaviour).,30,"GMV run-rate maintained or higher, with GMV in each month of the next quarter.",Account shows Recent Inactivity (playbook must not run) or momentum turns Declining.,Recent Inactivity -> Verify check (human).,NO_FEB_GMV (Feb unconfirmed),Draft ready (not sent),REINFORCE,"Hi {first_name},

Thanks for being an active Fleek buyer. Just a quick note to keep an eye on the app for bundles and handpicked stock that fits your range, and to let you know we're here if there's anything specific you're trying to source. Reply any time and we'll help.

Best,
{sender_name}",,,,,,Recently Active,Existing Customer,False,Not Eligible,Regular,N/A,Suppressed if Recent Inactivity; otherwise no repeat inside 30 days.,NO_MATERIAL_CHANGE,,
ACC-214,P1,Core,6832,8. Retention / Reactivation,Retention Conversation,ENGAGED_BUT_SHRINKING,Ready — Human,Draft Ready,Customer Success / Growth,True,False,PB01_RETENTION,"Personal email, then call",Read brief; send outreach to book a call.,7,"Root cause logged and next-90-day GMV back to at least the Sep-Nov (H1) level, or the decline arrested.","Customer confirms a planned pause/seasonal gap (log cadence), or no response after 2 attempts (escalate).","No response after 2 attempts, or Key account with further decline -> Portfolio Lead.",H2_SINGLE_MONTH_SPIKE,Draft ready (not sent),RET_CS,"Hi {first_name},

I'm part of the Fleek team and wanted to hear how the platform is working for your buying at the moment. Is anything making it harder to find or secure the stock you need? I'd value a short call to understand what would be most useful for you over the coming months. Would a quick call this week work?

Best,
{sender_name}","WHY NOW: Heavily self-serving account whose spend is falling; product adoption is not the issue.
WHAT WE KNOW:
- Core, Self-Serve, Self Serve; £6,832 6m GMV; Reseller, United Kingdom; tenure 5 months.
- Momentum: Declining (Sep-Nov £4,516 -> Dec-Feb £2,316); Recently Active (last GMV month: February); 14 orders over 4 month(s).
- Dependency: Low (broker reliance 0%; 0 AM-placed / 14 self-serve orders).
- Engagement: 665 product views, 74 app days, 53 offer(s), 82 Fleek chats, 1 video requests; basket Mixed.
- Warnings: H2_SINGLE_MONTH_SPIKE.
WHAT TO DO: Book a conversation. The customer already uses the product heavily: explore stock availability, price, offer outcomes and competitor use.
WHAT NOT TO DO: Do not send more product nudges - engagement is not the problem.
SUCCESS: Root cause logged and next-90-day GMV back to at least the Sep-Nov (H1) level, or the decline arrested.",,,,,Recently Active,Existing Customer,False,Not Eligible,Regular,N/A,"Stay in playbook while momentum is Declining; exit when momentum is Stable/Growing for a full run; if the account lapses, NBA moves to Verify/Win-Back.",NO_MATERIAL_CHANGE,GUARDRAILS_CHANGED;DATA_UPDATED,
ACC-215,P1,Core,3907,8. Retention / Reactivation,Verify Demand / Win-Back,LAPSED_THIN_HISTORY,Ready — Human,Draft Ready,Customer Success / Growth,True,False,PB02_VERIFY_WINBACK,"Personal email, then call","Send cadence check-in (verify, don't assume churn).",14,"Cadence recorded and account reclassified, or a new order within 90 days (60 days for recent-inactivity checks).",Customer confirms infrequent/seasonal buying (set a reminder for their window) or confirms churn (log reason).,Key account with no response after 2 attempts -> Portfolio Lead.,LOW_CONFIDENCE,Draft ready (not sent),VERIFY_CADENCE,"Hi {first_name},

Thanks for your previous orders with Fleek. I wanted to check how you usually plan your stock buying (seasonal, project by project, or ongoing) so we can get in touch at the right moments rather than too often. Happy to talk on a quick call, or just reply here with what works for you.

Best,
{sender_name}","WHY NOW: Apparent lapse rests on 1-2 orders or one buying month; cadence is unknown.
WHAT WE KNOW:
- Core, Self-Serve, Self Serve; £3,907 6m GMV; Reseller, United States; tenure 5 months.
- Momentum: Lapsed; No Meaningful History (last GMV month: October); 1 orders over 1 month(s).
- Dependency: Low (broker reliance 0%; 0 AM-placed / 1 self-serve orders).
- Engagement: 76 product views, 14 app days, 0 offer(s), 3 Fleek chats, 0 video requests; basket Handpick-only.
- Warnings: LOW_CONFIDENCE.
WHAT TO DO: Do not assume churn. Verify expected purchase frequency first, then set the next contact window.
WHAT NOT TO DO: Do not treat as churn or run a discount-led win-back.
SUCCESS: Cadence recorded and account reclassified, or a new order within 90 days (60 days for recent-inactivity checks).",,,,,No Meaningful History,Existing Customer,False,Not Eligible,Lumpy,N/A,"If an order appears, the account re-segments automatically; if confirmed seasonal, suppress re-contact until the stated window.",NO_MATERIAL_CHANGE,,
ACC-216,P1,Core,3497,6. Growth Opportunity,Verify Demand / Win-Back,RECENT_INACTIVITY,Ready — Human,Draft Ready,Customer Success / Growth,True,False,PB02_VERIFY_WINBACK,"Personal email, then call",Send check-in; hold automated growth messages.,14,"Cadence recorded and account reclassified, or a new order within 90 days (60 days for recent-inactivity checks).",Customer confirms infrequent/seasonal buying (set a reminder for their window) or confirms churn (log reason).,Key account with no response after 2 attempts -> Portfolio Lead.,H2_SINGLE_MONTH_SPIKE,Draft ready (not sent),CHECKIN,"Hi {first_name},

I wanted to check in on how your stock planning looks for the next couple of months. Is there anything you're looking for that you haven't been able to find on Fleek? If it helps, I'm happy to jump on a quick call or you can simply reply with what you need.

Best,
{sender_name}","WHY NOW: Growth-type account with an established pattern but no January/February GMV.
WHAT WE KNOW:
- Core, Self-Serve, Self Serve; £3,497 6m GMV; Reseller, France; tenure 5 months.
- Momentum: Growing (Sep-Nov £1,394 -> Dec-Feb £2,103); Recent Inactivity (last GMV month: December); 11 orders over 3 month(s).
- Dependency: Low (broker reliance 0%; 0 AM-placed / 11 self-serve orders).
- Engagement: 1416 product views, 50 app days, 13 offer(s), 16 Fleek chats, 0 video requests; basket Bundle-only.
- Warnings: H2_SINGLE_MONTH_SPIKE.
WHAT TO DO: Check the account is still buying and why there was no January/February GMV before any automated growth action.
WHAT NOT TO DO: Do not trigger automated growth messages until the check is complete.
SUCCESS: Cadence recorded and account reclassified, or a new order within 90 days (60 days for recent-inactivity checks).",,,,,Recent Inactivity,Existing Customer,False,Not Eligible,Regular,N/A,"If an order appears, the account re-segments automatically; if confirmed seasonal, suppress re-contact until the stated window.",NO_MATERIAL_CHANGE,,
ACC-217,P2,Core,2402,7. Onboard / Re-engage / Learn,Establish / Re-establish,NEW_CUSTOMER,Ready — Automated,Draft Ready,Automation,False,False,PB04_ESTABLISH,Email / in-app message,Send onboarding message.,14,New: 2+ orders across 2+ months within 90 days. Returned: orders in at least 2 of the next 3 months.,Second order placed (new) or cadence agreed (returned).,Returned Key account with no response after 2 attempts -> Portfolio Lead.,,Draft ready (not sent),EST_NEW,"Hi {first_name},

Welcome to Fleek, and thanks for your recent orders. A couple of tips as you build your buying routine: you can browse available stock in the app whenever suits you, and if a price doesn't quite work, you can use Make an Offer on items you're interested in. We're here if you need anything.

Best,
{sender_name}",,,,,,Recently Active,New Customer,False,Not Eligible,Regular,N/A,Once H1/H2 history exists the account leaves this playbook automatically via re-segmentation.,NO_MATERIAL_CHANGE,,
ACC-218,P4,Tail,1219,9. Long-Tail Automated Nurture,Automated Nurture,LONG_TAIL_STANDARD,Ready — Automated,Draft Ready,Automation,False,False,PB08_NURTURE,Email / in-app message,Queue automated message (Automated Nurture).,60,Any (repeat) order within 90 days.,"Order placed, unsubscribe, or 2 unanswered dormant messages (pause 6 months).",Rising Tail accounts that cross the Core line re-route automatically.,,Draft ready (not sent),NUR_DORMANT,"Hi {first_name},

Whenever you're planning your next stock buy, you can browse bundles on the Fleek app at any time. If you're looking for something specific, reply to this message and we'll do our best to help you find it. No pressure, just a friendly reminder that we're here.

Best,
{sender_name}",,,,,Dormant,No Meaningful History,Existing Customer,False,Not Eligible,Lumpy,N/A,No repeat send while the logged action is inside its cadence window.,NO_MATERIAL_CHANGE,,
ACC-219,P3,Tail,1166,9. Long-Tail Automated Nurture,Discovery-to-Offer Enablement,BROWSING_LOW_OFFERS,Ready — Automated,Draft Ready,Automation,False,False,PB05_DISCOVERY_TO_OFFER,Email / in-app message,Queue automated message (Discovery-to-Offer Enablement).,14,3+ offers within 90 days and ideally an order afterwards (association only - no offer-acceptance data).,"Offers reach 3, or two messages sent, or account becomes inactive/declining.",None (automated). Re-routes automatically if momentum turns Declining/Lapsed.,,Draft ready (not sent),DTO,"Hi {first_name},

If you spot an item you like on Fleek but the price doesn't quite work for you, you can use Make an Offer directly from the product page to propose your own price. It's a simple way to negotiate on stock you're already looking at, and you stay in control of what you pay.

Best,
{sender_name}",,,,,,Recently Active,New Customer,True,Not Eligible,Regular,N/A,No re-send while the action is already logged for this NBA; eligible again only after the NBA changes.,NO_MATERIAL_CHANGE,,
ACC-220,P4,Tail,1119,9. Long-Tail Automated Nurture,Automated Nurture,LONG_TAIL_STANDARD,Ready — Automated,Draft Ready,Automation,False,False,PB08_NURTURE,Email / in-app message,Queue automated message (Automated Nurture).,30,Any (repeat) order within 90 days.,"Order placed, unsubscribe, or 2 unanswered dormant messages (pause 6 months).",Rising Tail accounts that cross the Core line re-route automatically.,LOW_CONFIDENCE,Draft ready (not sent),NUR_NEW,"Hi {first_name},

Thanks for ordering with Fleek. As you get started, you can browse available stock in the app whenever suits you, and use Make an Offer if a price doesn't quite work. If you're looking for something specific, reply here and we'll help.

Best,
{sender_name}",,,,,New customer onboarding,No Meaningful History,New Customer,False,Not Eligible,Lumpy,N/A,No repeat send while the logged action is inside its cadence window.,NO_MATERIAL_CHANGE,,
ACC-221,P4,Tail,925,9. Long-Tail Automated Nurture,Automated Nurture,LONG_TAIL_STANDARD,Ready — Automated,Draft Ready,Automation,False,False,PB08_NURTURE,Email / in-app message,Queue automated message (Automated Nurture).,30,Any (repeat) order within 90 days.,"Order placed, unsubscribe, or 2 unanswered dormant messages (pause 6 months).",Rising Tail accounts that cross the Core line re-route automatically.,,Draft ready (not sent),NUR_NEW,"Hi {first_name},

Thanks for ordering with Fleek. As you get started, you can browse available stock in the app whenever suits you, and use Make an Offer if a price doesn't quite work. If you're looking for something specific, reply here and we'll help.

Best,
{sender_name}",,,,,New customer onboarding,Recently Active,New Customer,False,Not Eligible,Lumpy,N/A,No repeat send while the logged action is inside its cadence window.,NO_MATERIAL_CHANGE,,
ACC-222,P4,Tail,880,9. Long-Tail Automated Nurture,Automated Nurture,LONG_TAIL_STANDARD,Ready — Automated,Draft Ready,Automation,False,False,PB08_NURTURE,Email / in-app message,Queue automated message (Automated Nurture).,30,Any (repeat) order within 90 days.,"Order placed, unsubscribe, or 2 unanswered dormant messages (pause 6 months).",Rising Tail accounts that cross the Core line re-route automatically.,FEB_SENSITIVE; LOW_CONFIDENCE,Draft ready (not sent),NUR_NEW,"Hi {first_name},

Thanks for ordering with Fleek. As you get started, you can browse available stock in the app whenever suits you, and use Make an Offer if a price doesn't quite work. If you're looking for something specific, reply here and we'll help.

Best,
{sender_name}",,,,,New customer onboarding,Recently Active,New Customer,False,Not Eligible,Lumpy,N/A,No repeat send while the logged action is inside its cadence window.,NO_MATERIAL_CHANGE,,
ACC-223,P4,Tail,550,9. Long-Tail Automated Nurture,Automated Nurture,LONG_TAIL_STANDARD,Ready — Automated,Draft Ready,Automation,False,False,PB08_NURTURE,Email / in-app message,Queue automated message (Automated Nurture).,60,Any (repeat) order within 90 days.,"Order placed, unsubscribe, or 2 unanswered dormant messages (pause 6 months).",Rising Tail accounts that cross the Core line re-route automatically.,LOW_CONFIDENCE,Draft ready (not sent),NUR_DORMANT,"Hi {first_name},

Whenever you're planning your next stock buy, you can browse bundles on the Fleek app at any time. If you're looking for something specific, reply to this message and we'll do our best to help you find it. No pressure, just a friendly reminder that we're here.

Best,
{sender_name}",,,,,Dormant,No Meaningful History,Existing Customer,False,Not Eligible,Lumpy,N/A,No repeat send while the logged action is inside its cadence window.,NO_MATERIAL_CHANGE,,
ACC-224,P4,Tail,501,9. Long-Tail Automated Nurture,Automated Nurture,LONG_TAIL_STANDARD,Ready — Automated,Draft Ready,Automation,False,False,PB08_NURTURE,Email / in-app message,Queue automated message (Automated Nurture).,30,Any (repeat) order within 90 days.,"Order placed, unsubscribe, or 2 unanswered dormant messages (pause 6 months).",Rising Tail accounts that cross the Core line re-route automatically.,NO_FEB_GMV (Feb unconfirmed); LOW_CONFIDENCE,Draft ready (not sent),NUR_NEW,"Hi {first_name},

Thanks for ordering with Fleek. As you get started, you can browse available stock in the app whenever suits you, and use Make an Offer if a price doesn't quite work. If you're looking for something specific, reply here and we'll help.

Best,
{sender_name}",,,,,New customer onboarding,Recently Active,New Customer,False,Not Eligible,Lumpy,N/A,No repeat send while the logged action is inside its cadence window.,NO_MATERIAL_CHANGE,,
ACC-225,P4,Tail,493,9. Long-Tail Automated Nurture,Automated Nurture,LONG_TAIL_STANDARD,Ready — Automated,Draft Ready,Automation,False,False,PB08_NURTURE,Email / in-app message,Queue automated message (Automated Nurture).,60,Any (repeat) order within 90 days.,"Order placed, unsubscribe, or 2 unanswered dormant messages (pause 6 months).",Rising Tail accounts that cross the Core line re-route automatically.,,Draft ready (not sent),NUR_DORMANT,"Hi {first_name},

Whenever you're planning your next stock buy, you can browse bundles and handpicked stock on the Fleek app at any time. If you're looking for something specific, reply to this message and we'll do our best to help you find it. No pressure, just a friendly reminder that we're here.

Best,
{sender_name}",,,,,Dormant,Recent Inactivity,Existing Customer,False,Not Eligible,Lumpy,N/A,No repeat send while the logged action is inside its cadence window.,NO_MATERIAL_CHANGE,,
ACC-226,P4,Tail,486,9. Long-Tail Automated Nurture,Automated Nurture,LONG_TAIL_STANDARD,Ready — Automated,Draft Ready,Automation,False,False,PB08_NURTURE,Email / in-app message,Queue automated message (Automated Nurture).,60,Any (repeat) order within 90 days.,"Order placed, unsubscribe, or 2 unanswered dormant messages (pause 6 months).",Rising Tail accounts that cross the Core line re-route automatically.,LOW_CONFIDENCE,Draft ready (not sent),NUR_DORMANT,"Hi {first_name},

Whenever you're planning your next stock buy, you can browse bundles on the Fleek app at any time. If you're looking for something specific, reply to this message and we'll do our best to help you find it. No pressure, just a friendly reminder that we're here.

Best,
{sender_name}",,,,,Dormant,No Meaningful History,Existing Customer,False,Not Eligible,Lumpy,N/A,No repeat send while the logged action is inside its cadence window.,NO_MATERIAL_CHANGE,,
ACC-227,P4,Tail,461,9. Long-Tail Automated Nurture,Automated Nurture,LONG_TAIL_STANDARD,Ready — Automated,Draft Ready,Automation,False,False,PB08_NURTURE,Email / in-app message,Queue automated message (Automated Nurture).,30,Any (repeat) order within 90 days.,"Order placed, unsubscribe, or 2 unanswered dormant messages (pause 6 months).",Rising Tail accounts that cross the Core line re-route automatically.,FEB_SENSITIVE; LOW_CONFIDENCE,Draft ready (not sent),NUR_NEW,"Hi {first_name},

Thanks for ordering with Fleek. As you get started, you can browse available stock in the app whenever suits you, and use Make an Offer if a price doesn't quite work. If you're looking for something specific, reply here and we'll help.

Best,
{sender_name}",,,,,New customer onboarding,Recently Active,New Customer,False,Not Eligible,Lumpy,N/A,No repeat send while the logged action is inside its cadence window.,NO_MATERIAL_CHANGE,,
ACC-228,P4,Tail,457,9. Long-Tail Automated Nurture,Automated Nurture,LONG_TAIL_STANDARD,Ready — Automated,Draft Ready,Automation,False,False,PB08_NURTURE,Email / in-app message,Queue automated message (Automated Nurture).,30,Any (repeat) order within 90 days.,"Order placed, unsubscribe, or 2 unanswered dormant messages (pause 6 months).",Rising Tail accounts that cross the Core line re-route automatically.,FEB_SENSITIVE; LOW_CONFIDENCE,Draft ready (not sent),NUR_NEW,"Hi {first_name},

Thanks for ordering with Fleek. As you get started, you can browse available stock in the app whenever suits you, and use Make an Offer if a price doesn't quite work. If you're looking for something specific, reply here and we'll help.

Best,
{sender_name}",,,,,New customer onboarding,Recently Active,New Customer,False,Not Eligible,Lumpy,N/A,No repeat send while the logged action is inside its cadence window.,NO_MATERIAL_CHANGE,,
ACC-229,P4,Tail,442,9. Long-Tail Automated Nurture,Automated Nurture,LONG_TAIL_STANDARD,Ready — Automated,Draft Ready,Automation,False,False,PB08_NURTURE,Email / in-app message,Queue automated message (Automated Nurture).,30,Any (repeat) order within 90 days.,"Order placed, unsubscribe, or 2 unanswered dormant messages (pause 6 months).",Rising Tail accounts that cross the Core line re-route automatically.,NO_FEB_GMV (Feb unconfirmed); LOW_CONFIDENCE,Draft ready (not sent),NUR_NEW,"Hi {first_name},

Thanks for ordering with Fleek. As you get started, you can browse available stock in the app whenever suits you, and use Make an Offer if a price doesn't quite work. If you're looking for something specific, reply here and we'll help.

Best,
{sender_name}",,,,,New customer onboarding,Recently Active,New Customer,False,Not Eligible,Lumpy,N/A,No repeat send while the logged action is inside its cadence window.,NO_MATERIAL_CHANGE,,
ACC-230,P4,Tail,422,9. Long-Tail Automated Nurture,Automated Nurture,LONG_TAIL_STANDARD,Ready — Automated,Draft Ready,Automation,False,False,PB08_NURTURE,Email / in-app message,Queue automated message (Automated Nurture).,30,Any (repeat) order within 90 days.,"Order placed, unsubscribe, or 2 unanswered dormant messages (pause 6 months).",Rising Tail accounts that cross the Core line re-route automatically.,BORDERLINE_MOMENTUM; H2_SINGLE_MONTH_SPIKE; NO_FEB_GMV (Feb unconfirmed),Draft ready (not sent),NUR_REPEAT,"Hi {first_name},

Thanks for your recent orders with Fleek. A quick reminder that you can browse bundles in the app whenever you're ready for your next buy. If there's something particular you're after, just reply to this message and we'll be happy to help.

Best,
{sender_name}",,,,,Light-touch repeat buyer,Recently Active,Existing Customer,False,Not Eligible,Lumpy,N/A,No repeat send while the logged action is inside its cadence window.,NO_MATERIAL_CHANGE,,
ACC-231,P4,Tail,416,9. Long-Tail Automated Nurture,Automated Nurture,LONG_TAIL_STANDARD,Ready — Automated,Draft Ready,Automation,False,False,PB08_NURTURE,Email / in-app message,Queue automated message (Automated Nurture).,30,Any (repeat) order within 90 days.,"Order placed, unsubscribe, or 2 unanswered dormant messages (pause 6 months).",Rising Tail accounts that cross the Core line re-route automatically.,LOW_CONFIDENCE,Draft ready (not sent),NUR_REPEAT,"Hi {first_name},

Thanks for your recent orders with Fleek. A quick reminder that you can browse bundles in the app whenever you're ready for your next buy. If there's something particular you're after, just reply to this message and we'll be happy to help.

Best,
{sender_name}",,,,,Light-touch repeat buyer,No Meaningful History,Existing Customer,False,Not Eligible,Lumpy,N/A,No repeat send while the logged action is inside its cadence window.,NO_MATERIAL_CHANGE,,
ACC-232,P4,Tail,399,9. Long-Tail Automated Nurture,Automated Nurture,LONG_TAIL_STANDARD,Ready — Automated,Draft Ready,Automation,False,False,PB08_NURTURE,Email / in-app message,Queue automated message (Automated Nurture).,60,Any (repeat) order within 90 days.,"Order placed, unsubscribe, or 2 unanswered dormant messages (pause 6 months).",Rising Tail accounts that cross the Core line re-route automatically.,LOW_CONFIDENCE,Draft ready (not sent),NUR_DORMANT,"Hi {first_name},

Whenever you're planning your next stock buy, you can browse bundles on the Fleek app at any time. If you're looking for something specific, reply to this message and we'll do our best to help you find it. No pressure, just a friendly reminder that we're here.

Best,
{sender_name}",,,,,Dormant,No Meaningful History,Existing Customer,False,Not Eligible,Lumpy,N/A,No repeat send while the logged action is inside its cadence window.,NO_MATERIAL_CHANGE,,
ACC-233,P4,Tail,395,9. Long-Tail Automated Nurture,Automated Nurture,LONG_TAIL_STANDARD,Ready — Automated,Draft Ready,Automation,False,False,PB08_NURTURE,Email / in-app message,Queue automated message (Automated Nurture).,30,Any (repeat) order within 90 days.,"Order placed, unsubscribe, or 2 unanswered dormant messages (pause 6 months).",Rising Tail accounts that cross the Core line re-route automatically.,LOW_CONFIDENCE,Draft ready (not sent),NUR_ENGAGED,"Hi {first_name},

If you've found items on Fleek that you like, you can check out directly from the product page, or use Make an Offer if the price doesn't quite work for you. If something is holding you back from ordering, reply here and let us know, as we'd be glad to help.

Best,
{sender_name}",,,,,"Engaged, not converting",No Meaningful History,Existing Customer,False,Not Eligible,Lumpy,N/A,No repeat send while the logged action is inside its cadence window.,NO_MATERIAL_CHANGE,,
ACC-234,P4,Tail,393,9. Long-Tail Automated Nurture,Automated Nurture,LONG_TAIL_STANDARD,Ready — Automated,Draft Ready,Automation,False,False,PB08_NURTURE,Email / in-app message,Queue automated message (Automated Nurture).,30,Any (repeat) order within 90 days.,"Order placed, unsubscribe, or 2 unanswered dormant messages (pause 6 months).",Rising Tail accounts that cross the Core line re-route automatically.,FEB_SENSITIVE; LOW_CONFIDENCE,Draft ready (not sent),NUR_NEW,"Hi {first_name},

Thanks for ordering with Fleek. As you get started, you can browse available stock in the app whenever suits you, and use Make an Offer if a price doesn't quite work. If you're looking for something specific, reply here and we'll help.

Best,
{sender_name}",,,,,New customer onboarding,Recently Active,New Customer,False,Not Eligible,Lumpy,N/A,No repeat send while the logged action is inside its cadence window.,NO_MATERIAL_CHANGE,,
ACC-235,P4,Tail,384,9. Long-Tail Automated Nurture,Automated Nurture,LONG_TAIL_STANDARD,Ready — Automated,Draft Ready,Automation,False,False,PB08_NURTURE,Email / in-app message,Queue automated message (Automated Nurture).,30,Any (repeat) order within 90 days.,"Order placed, unsubscribe, or 2 unanswered dormant messages (pause 6 months).",Rising Tail accounts that cross the Core line re-route automatically.,NO_FEB_GMV (Feb unconfirmed); LOW_CONFIDENCE,Draft ready (not sent),NUR_NEW,"Hi {first_name},

Thanks for ordering with Fleek. As you get started, you can browse available stock in the app whenever suits you, and use Make an Offer if a price doesn't quite work. If you're looking for something specific, reply here and we'll help.

Best,
{sender_name}",,,,,New customer onboarding,Recently Active,New Customer,False,Not Eligible,Lumpy,N/A,No repeat send while the logged action is inside its cadence window.,NO_MATERIAL_CHANGE,,
ACC-236,P4,Tail,371,9. Long-Tail Automated Nurture,Automated Nurture,LONG_TAIL_STANDARD,Ready — Automated,Draft Ready,Automation,False,False,PB08_NURTURE,Email / in-app message,Queue automated message (Automated Nurture).,30,Any (repeat) order within 90 days.,"Order placed, unsubscribe, or 2 unanswered dormant messages (pause 6 months).",Rising Tail accounts that cross the Core line re-route automatically.,NO_FEB_GMV (Feb unconfirmed); LOW_CONFIDENCE,Draft ready (not sent),NUR_NEW,"Hi {first_name},

Thanks for ordering with Fleek. As you get started, you can browse available stock in the app whenever suits you, and use Make an Offer if a price doesn't quite work. If you're looking for something specific, reply here and we'll help.

Best,
{sender_name}",,,,,New customer onboarding,Recently Active,New Customer,False,Not Eligible,Lumpy,N/A,No repeat send while the logged action is inside its cadence window.,NO_MATERIAL_CHANGE,,
ACC-237,P4,Tail,371,9. Long-Tail Automated Nurture,Automated Nurture,LONG_TAIL_STANDARD,Ready — Automated,Draft Ready,Automation,False,False,PB08_NURTURE,Email / in-app message,Queue automated message (Automated Nurture).,30,Any (repeat) order within 90 days.,"Order placed, unsubscribe, or 2 unanswered dormant messages (pause 6 months).",Rising Tail accounts that cross the Core line re-route automatically.,NO_FEB_GMV (Feb unconfirmed); LOW_CONFIDENCE,Draft ready (not sent),NUR_NEW,"Hi {first_name},

Thanks for ordering with Fleek. As you get started, you can browse available stock in the app whenever suits you, and use Make an Offer if a price doesn't quite work. If you're looking for something specific, reply here and we'll help.

Best,
{sender_name}",,,,,New customer onboarding,Recently Active,New Customer,False,Not Eligible,Lumpy,N/A,No repeat send while the logged action is inside its cadence window.,NO_MATERIAL_CHANGE,,
ACC-238,P4,Tail,353,9. Long-Tail Automated Nurture,Automated Nurture,LONG_TAIL_STANDARD,Ready — Automated,Draft Ready,Automation,False,False,PB08_NURTURE,Email / in-app message,Queue automated message (Automated Nurture).,30,Any (repeat) order within 90 days.,"Order placed, unsubscribe, or 2 unanswered dormant messages (pause 6 months).",Rising Tail accounts that cross the Core line re-route automatically.,NO_FEB_GMV (Feb unconfirmed); LOW_CONFIDENCE,Draft ready (not sent),NUR_NEW,"Hi {first_name},

Thanks for ordering with Fleek. As you get started, you can browse available stock in the app whenever suits you, and use Make an Offer if a price doesn't quite work. If you're looking for something specific, reply here and we'll help.

Best,
{sender_name}",,,,,New customer onboarding,Recently Active,New Customer,False,Not Eligible,Lumpy,N/A,No repeat send while the logged action is inside its cadence window.,NO_MATERIAL_CHANGE,,
ACC-239,P4,Tail,345,9. Long-Tail Automated Nurture,Automated Nurture,LONG_TAIL_STANDARD,Ready — Automated,Draft Ready,Automation,False,False,PB08_NURTURE,Email / in-app message,Queue automated message (Automated Nurture).,60,Any (repeat) order within 90 days.,"Order placed, unsubscribe, or 2 unanswered dormant messages (pause 6 months).",Rising Tail accounts that cross the Core line re-route automatically.,LOW_CONFIDENCE,Draft ready (not sent),NUR_DORMANT,"Hi {first_name},

Whenever you're planning your next stock buy, you can browse bundles on the Fleek app at any time. If you're looking for something specific, reply to this message and we'll do our best to help you find it. No pressure, just a friendly reminder that we're here.

Best,
{sender_name}",,,,,Dormant,No Meaningful History,Existing Customer,False,Not Eligible,Lumpy,N/A,No repeat send while the logged action is inside its cadence window.,NO_MATERIAL_CHANGE,,
ACC-240,P4,Tail,337,9. Long-Tail Automated Nurture,Automated Nurture,LONG_TAIL_STANDARD,Ready — Automated,Draft Ready,Automation,False,False,PB08_NURTURE,Email / in-app message,Queue automated message (Automated Nurture).,30,Any (repeat) order within 90 days.,"Order placed, unsubscribe, or 2 unanswered dormant messages (pause 6 months).",Rising Tail accounts that cross the Core line re-route automatically.,NO_FEB_GMV (Feb unconfirmed); LOW_CONFIDENCE,Draft ready (not sent),NUR_NEW,"Hi {first_name},

Thanks for ordering with Fleek. As you get started, you can browse available stock in the app whenever suits you, and use Make an Offer if a price doesn't quite work. If you're looking for something specific, reply here and we'll help.

Best,
{sender_name}",,,,,New customer onboarding,Recently Active,New Customer,False,Not Eligible,Lumpy,N/A,No repeat send while the logged action is inside its cadence window.,NO_MATERIAL_CHANGE,,
ACC-241,P4,Tail,336,9. Long-Tail Automated Nurture,Automated Nurture,LONG_TAIL_STANDARD,Ready — Automated,Draft Ready,Automation,False,False,PB08_NURTURE,Email / in-app message,Queue automated message (Automated Nurture).,60,Any (repeat) order within 90 days.,"Order placed, unsubscribe, or 2 unanswered dormant messages (pause 6 months).",Rising Tail accounts that cross the Core line re-route automatically.,LOW_CONFIDENCE,Draft ready (not sent),NUR_DORMANT,"Hi {first_name},

Whenever you're planning your next stock buy, you can browse bundles on the Fleek app at any time. If you're looking for something specific, reply to this message and we'll do our best to help you find it. No pressure, just a friendly reminder that we're here.

Best,
{sender_name}",,,,,Dormant,No Meaningful History,Existing Customer,False,Not Eligible,Lumpy,N/A,No repeat send while the logged action is inside its cadence window.,NO_MATERIAL_CHANGE,,
ACC-242,P4,Tail,332,9. Long-Tail Automated Nurture,Automated Nurture,LONG_TAIL_STANDARD,Ready — Automated,Draft Ready,Automation,False,False,PB08_NURTURE,Email / in-app message,Queue automated message (Automated Nurture).,30,Any (repeat) order within 90 days.,"Order placed, unsubscribe, or 2 unanswered dormant messages (pause 6 months).",Rising Tail accounts that cross the Core line re-route automatically.,NO_FEB_GMV (Feb unconfirmed); LOW_CONFIDENCE,Draft ready (not sent),NUR_NEW,"Hi {first_name},

Thanks for ordering with Fleek. As you get started, you can browse available stock in the app whenever suits you, and use Make an Offer if a price doesn't quite work. If you're looking for something specific, reply here and we'll help.

Best,
{sender_name}",,,,,New customer onboarding,Recently Active,New Customer,False,Not Eligible,Lumpy,N/A,No repeat send while the logged action is inside its cadence window.,NO_MATERIAL_CHANGE,,
ACC-243,P4,Tail,322,9. Long-Tail Automated Nurture,Automated Nurture,LONG_TAIL_STANDARD,Ready — Automated,Draft Ready,Automation,False,False,PB08_NURTURE,Email / in-app message,Queue automated message (Automated Nurture).,30,Any (repeat) order within 90 days.,"Order placed, unsubscribe, or 2 unanswered dormant messages (pause 6 months).",Rising Tail accounts that cross the Core line re-route automatically.,NO_FEB_GMV (Feb unconfirmed); LOW_CONFIDENCE,Draft ready (not sent),NUR_NEW,"Hi {first_name},

Thanks for ordering with Fleek. As you get started, you can browse available stock in the app whenever suits you, and use Make an Offer if a price doesn't quite work. If you're looking for something specific, reply here and we'll help.

Best,
{sender_name}",,,,,New customer onboarding,Recently Active,New Customer,False,Not Eligible,Lumpy,N/A,No repeat send while the logged action is inside its cadence window.,NO_MATERIAL_CHANGE,,
ACC-244,P4,Tail,316,9. Long-Tail Automated Nurture,Automated Nurture,LONG_TAIL_STANDARD,Ready — Automated,Draft Ready,Automation,False,False,PB08_NURTURE,Email / in-app message,Queue automated message (Automated Nurture).,60,Any (repeat) order within 90 days.,"Order placed, unsubscribe, or 2 unanswered dormant messages (pause 6 months).",Rising Tail accounts that cross the Core line re-route automatically.,LOW_CONFIDENCE,Draft ready (not sent),NUR_DORMANT,"Hi {first_name},

Whenever you're planning your next stock buy, you can browse bundles on the Fleek app at any time. If you're looking for something specific, reply to this message and we'll do our best to help you find it. No pressure, just a friendly reminder that we're here.

Best,
{sender_name}",,,,,Dormant,No Meaningful History,Existing Customer,False,Not Eligible,Lumpy,N/A,No repeat send while the logged action is inside its cadence window.,NO_MATERIAL_CHANGE,,
ACC-245,P4,Tail,312,9. Long-Tail Automated Nurture,Automated Nurture,LONG_TAIL_STANDARD,Ready — Automated,Draft Ready,Automation,False,False,PB08_NURTURE,Email / in-app message,Queue automated message (Automated Nurture).,60,Any (repeat) order within 90 days.,"Order placed, unsubscribe, or 2 unanswered dormant messages (pause 6 months).",Rising Tail accounts that cross the Core line re-route automatically.,LOW_CONFIDENCE,Draft ready (not sent),NUR_DORMANT,"Hi {first_name},

Whenever you're planning your next stock buy, you can browse bundles on the Fleek app at any time. If you're looking for something specific, reply to this message and we'll do our best to help you find it. No pressure, just a friendly reminder that we're here.

Best,
{sender_name}",,,,,Dormant,No Meaningful History,Existing Customer,False,Not Eligible,Lumpy,N/A,No repeat send while the logged action is inside its cadence window.,NO_MATERIAL_CHANGE,,
ACC-246,P4,Tail,308,9. Long-Tail Automated Nurture,Automated Nurture,LONG_TAIL_STANDARD,Ready — Automated,Draft Ready,Automation,False,False,PB08_NURTURE,Email / in-app message,Queue automated message (Automated Nurture).,30,Any (repeat) order within 90 days.,"Order placed, unsubscribe, or 2 unanswered dormant messages (pause 6 months).",Rising Tail accounts that cross the Core line re-route automatically.,FEB_SENSITIVE; LOW_CONFIDENCE,Draft ready (not sent),NUR_NEW,"Hi {first_name},

Thanks for ordering with Fleek. As you get started, you can browse available stock in the app whenever suits you, and use Make an Offer if a price doesn't quite work. If you're looking for something specific, reply here and we'll help.

Best,
{sender_name}",,,,,New customer onboarding,Recently Active,New Customer,False,Not Eligible,Lumpy,N/A,No repeat send while the logged action is inside its cadence window.,NO_MATERIAL_CHANGE,,
ACC-247,P4,Tail,304,9. Long-Tail Automated Nurture,Automated Nurture,LONG_TAIL_STANDARD,Ready — Automated,Draft Ready,Automation,False,False,PB08_NURTURE,Email / in-app message,Queue automated message (Automated Nurture).,30,Any (repeat) order within 90 days.,"Order placed, unsubscribe, or 2 unanswered dormant messages (pause 6 months).",Rising Tail accounts that cross the Core line re-route automatically.,NO_FEB_GMV (Feb unconfirmed); LOW_CONFIDENCE,Draft ready (not sent),NUR_NEW,"Hi {first_name},

Thanks for ordering with Fleek. As you get started, you can browse available stock in the app whenever suits you, and use Make an Offer if a price doesn't quite work. If you're looking for something specific, reply here and we'll help.

Best,
{sender_name}",,,,,New customer onboarding,Recently Active,New Customer,False,Not Eligible,Lumpy,N/A,No repeat send while the logged action is inside its cadence window.,NO_MATERIAL_CHANGE,,
ACC-248,P4,Tail,303,9. Long-Tail Automated Nurture,Automated Nurture,LONG_TAIL_STANDARD,Ready — Automated,Draft Ready,Automation,False,False,PB08_NURTURE,Email / in-app message,Queue automated message (Automated Nurture).,60,Any (repeat) order within 90 days.,"Order placed, unsubscribe, or 2 unanswered dormant messages (pause 6 months).",Rising Tail accounts that cross the Core line re-route automatically.,LOW_CONFIDENCE,Draft ready (not sent),NUR_DORMANT,"Hi {first_name},

Whenever you're planning your next stock buy, you can browse handpicked stock on the Fleek app at any time. If you're looking for something specific, reply to this message and we'll do our best to help you find it. No pressure, just a friendly reminder that we're here.

Best,
{sender_name}",,,,,Dormant,No Meaningful History,Existing Customer,False,Not Eligible,Lumpy,N/A,No repeat send while the logged action is inside its cadence window.,NO_MATERIAL_CHANGE,,
ACC-249,P4,Tail,298,9. Long-Tail Automated Nurture,Automated Nurture,LONG_TAIL_STANDARD,Ready — Automated,Draft Ready,Automation,False,False,PB08_NURTURE,Email / in-app message,Queue automated message (Automated Nurture).,60,Any (repeat) order within 90 days.,"Order placed, unsubscribe, or 2 unanswered dormant messages (pause 6 months).",Rising Tail accounts that cross the Core line re-route automatically.,LOW_CONFIDENCE,Draft ready (not sent),NUR_DORMANT,"Hi {first_name},

Whenever you're planning your next stock buy, you can browse bundles on the Fleek app at any time. If you're looking for something specific, reply to this message and we'll do our best to help you find it. No pressure, just a friendly reminder that we're here.

Best,
{sender_name}",,,,,Dormant,No Meaningful History,Existing Customer,False,Not Eligible,Lumpy,N/A,No repeat send while the logged action is inside its cadence window.,NO_MATERIAL_CHANGE,,
ACC-250,P4,Tail,294,9. Long-Tail Automated Nurture,Automated Nurture,LONG_TAIL_STANDARD,Ready — Automated,Draft Ready,Automation,False,False,PB08_NURTURE,Email / in-app message,Queue automated message (Automated Nurture).,60,Any (repeat) order within 90 days.,"Order placed, unsubscribe, or 2 unanswered dormant messages (pause 6 months).",Rising Tail accounts that cross the Core line re-route automatically.,LOW_CONFIDENCE,Draft ready (not sent),NUR_DORMANT,"Hi {first_name},

Whenever you're planning your next stock buy, you can browse bundles on the Fleek app at any time. If you're looking for something specific, reply to this message and we'll do our best to help you find it. No pressure, just a friendly reminder that we're here.

Best,
{sender_name}",,,,,Dormant,No Meaningful History,Existing Customer,False,Not Eligible,Lumpy,N/A,No repeat send while the logged action is inside its cadence window.,NO_MATERIAL_CHANGE,,
ACC-251,P4,Tail,281,9. Long-Tail Automated Nurture,Automated Nurture,LONG_TAIL_STANDARD,Ready — Automated,Draft Ready,Automation,False,False,PB08_NURTURE,Email / in-app message,Queue automated message (Automated Nurture).,60,Any (repeat) order within 90 days.,"Order placed, unsubscribe, or 2 unanswered dormant messages (pause 6 months).",Rising Tail accounts that cross the Core line re-route automatically.,LOW_CONFIDENCE,Draft ready (not sent),NUR_DORMANT,"Hi {first_name},

Whenever you're planning your next stock buy, you can browse handpicked stock on the Fleek app at any time. If you're looking for something specific, reply to this message and we'll do our best to help you find it. No pressure, just a friendly reminder that we're here.

Best,
{sender_name}",,,,,Dormant,No Meaningful History,Existing Customer,False,Not Eligible,Lumpy,N/A,No repeat send while the logged action is inside its cadence window.,NO_MATERIAL_CHANGE,,
ACC-252,P4,Tail,279,9. Long-Tail Automated Nurture,Automated Nurture,LONG_TAIL_STANDARD,Ready — Automated,Draft Ready,Automation,False,False,PB08_NURTURE,Email / in-app message,Queue automated message (Automated Nurture).,30,Any (repeat) order within 90 days.,"Order placed, unsubscribe, or 2 unanswered dormant messages (pause 6 months).",Rising Tail accounts that cross the Core line re-route automatically.,FEB_SENSITIVE; LOW_CONFIDENCE,Draft ready (not sent),NUR_NEW,"Hi {first_name},

Thanks for ordering with Fleek. As you get started, you can browse available stock in the app whenever suits you, and use Make an Offer if a price doesn't quite work. If you're looking for something specific, reply here and we'll help.

Best,
{sender_name}",,,,,New customer onboarding,Recently Active,New Customer,False,Not Eligible,Lumpy,N/A,No repeat send while the logged action is inside its cadence window.,NO_MATERIAL_CHANGE,,
ACC-253,P4,Tail,274,9. Long-Tail Automated Nurture,Automated Nurture,LONG_TAIL_STANDARD,Ready — Automated,Draft Ready,Automation,False,False,PB08_NURTURE,Email / in-app message,Queue automated message (Automated Nurture).,30,Any (repeat) order within 90 days.,"Order placed, unsubscribe, or 2 unanswered dormant messages (pause 6 months).",Rising Tail accounts that cross the Core line re-route automatically.,NO_FEB_GMV (Feb unconfirmed); LOW_CONFIDENCE,Draft ready (not sent),NUR_NEW,"Hi {first_name},

Thanks for ordering with Fleek. As you get started, you can browse available stock in the app whenever suits you, and use Make an Offer if a price doesn't quite work. If you're looking for something specific, reply here and we'll help.

Best,
{sender_name}",,,,,New customer onboarding,Recently Active,New Customer,False,Not Eligible,Lumpy,N/A,No repeat send while the logged action is inside its cadence window.,NO_MATERIAL_CHANGE,,
ACC-254,P4,Tail,270,9. Long-Tail Automated Nurture,Automated Nurture,LONG_TAIL_STANDARD,Ready — Automated,Draft Ready,Automation,False,False,PB08_NURTURE,Email / in-app message,Queue automated message (Automated Nurture).,60,Any (repeat) order within 90 days.,"Order placed, unsubscribe, or 2 unanswered dormant messages (pause 6 months).",Rising Tail accounts that cross the Core line re-route automatically.,LOW_CONFIDENCE,Draft ready (not sent),NUR_DORMANT,"Hi {first_name},

Whenever you're planning your next stock buy, you can browse bundles on the Fleek app at any time. If you're looking for something specific, reply to this message and we'll do our best to help you find it. No pressure, just a friendly reminder that we're here.

Best,
{sender_name}",,,,,Dormant,No Meaningful History,Existing Customer,False,Not Eligible,Lumpy,N/A,No repeat send while the logged action is inside its cadence window.,NO_MATERIAL_CHANGE,,
ACC-255,P4,Tail,269,9. Long-Tail Automated Nurture,Automated Nurture,LONG_TAIL_STANDARD,Ready — Automated,Draft Ready,Automation,False,False,PB08_NURTURE,Email / in-app message,Queue automated message (Automated Nurture).,30,Any (repeat) order within 90 days.,"Order placed, unsubscribe, or 2 unanswered dormant messages (pause 6 months).",Rising Tail accounts that cross the Core line re-route automatically.,LOW_CONFIDENCE,Draft ready (not sent),NUR_NEW,"Hi {first_name},

Thanks for ordering with Fleek. As you get started, you can browse available stock in the app whenever suits you, and use Make an Offer if a price doesn't quite work. If you're looking for something specific, reply here and we'll help.

Best,
{sender_name}",,,,,New customer onboarding,No Meaningful History,New Customer,False,Not Eligible,Lumpy,N/A,No repeat send while the logged action is inside its cadence window.,NO_MATERIAL_CHANGE,,
ACC-256,P3,Tail,263,9. Long-Tail Automated Nurture,Discovery-to-Offer Enablement,BROWSING_LOW_OFFERS,Ready — Automated,Draft Ready,Automation,False,False,PB05_DISCOVERY_TO_OFFER,Email / in-app message,Queue automated message (Discovery-to-Offer Enablement).,14,3+ offers within 90 days and ideally an order afterwards (association only - no offer-acceptance data).,"Offers reach 3, or two messages sent, or account becomes inactive/declining.",None (automated). Re-routes automatically if momentum turns Declining/Lapsed.,LOW_CONFIDENCE,Draft ready (not sent),DTO,"Hi {first_name},

If you spot an item you like on Fleek but the price doesn't quite work for you, you can use Make an Offer directly from the product page to propose your own price. It's a simple way to negotiate on stock you're already looking at, and you stay in control of what you pay.

Best,
{sender_name}",,,,,,Recently Active,New Customer,False,Not Eligible,Lumpy,N/A,No re-send while the action is already logged for this NBA; eligible again only after the NBA changes.,NO_MATERIAL_CHANGE,,
ACC-257,P4,Tail,260,9. Long-Tail Automated Nurture,Automated Nurture,LONG_TAIL_STANDARD,Ready — Automated,Draft Ready,Automation,False,False,PB08_NURTURE,Email / in-app message,Queue automated message (Automated Nurture).,60,Any (repeat) order within 90 days.,"Order placed, unsubscribe, or 2 unanswered dormant messages (pause 6 months).",Rising Tail accounts that cross the Core line re-route automatically.,LOW_CONFIDENCE,Draft ready (not sent),NUR_DORMANT,"Hi {first_name},

Whenever you're planning your next stock buy, you can browse bundles on the Fleek app at any time. If you're looking for something specific, reply to this message and we'll do our best to help you find it. No pressure, just a friendly reminder that we're here.

Best,
{sender_name}",,,,,Dormant,No Meaningful History,Existing Customer,False,Not Eligible,Lumpy,N/A,No repeat send while the logged action is inside its cadence window.,NO_MATERIAL_CHANGE,,
ACC-258,P4,Tail,246,9. Long-Tail Automated Nurture,Automated Nurture,LONG_TAIL_STANDARD,Ready — Automated,Draft Ready,Automation,False,False,PB08_NURTURE,Email / in-app message,Queue automated message (Automated Nurture).,60,Any (repeat) order within 90 days.,"Order placed, unsubscribe, or 2 unanswered dormant messages (pause 6 months).",Rising Tail accounts that cross the Core line re-route automatically.,LOW_CONFIDENCE,Draft ready (not sent),NUR_DORMANT,"Hi {first_name},

Whenever you're planning your next stock buy, you can browse bundles on the Fleek app at any time. If you're looking for something specific, reply to this message and we'll do our best to help you find it. No pressure, just a friendly reminder that we're here.

Best,
{sender_name}",,,,,Dormant,No Meaningful History,Existing Customer,False,Not Eligible,Lumpy,N/A,No repeat send while the logged action is inside its cadence window.,NO_MATERIAL_CHANGE,,
ACC-259,P4,Tail,242,9. Long-Tail Automated Nurture,Automated Nurture,LONG_TAIL_STANDARD,Ready — Automated,Draft Ready,Automation,False,False,PB08_NURTURE,Email / in-app message,Queue automated message (Automated Nurture).,30,Any (repeat) order within 90 days.,"Order placed, unsubscribe, or 2 unanswered dormant messages (pause 6 months).",Rising Tail accounts that cross the Core line re-route automatically.,FEB_SENSITIVE; LOW_CONFIDENCE,Draft ready (not sent),NUR_NEW,"Hi {first_name},

Thanks for ordering with Fleek. As you get started, you can browse available stock in the app whenever suits you, and use Make an Offer if a price doesn't quite work. If you're looking for something specific, reply here and we'll help.

Best,
{sender_name}",,,,,New customer onboarding,Recently Active,New Customer,False,Not Eligible,Lumpy,N/A,No repeat send while the logged action is inside its cadence window.,NO_MATERIAL_CHANGE,,
ACC-260,P4,Tail,216,9. Long-Tail Automated Nurture,Automated Nurture,LONG_TAIL_STANDARD,Ready — Automated,Draft Ready,Automation,False,False,PB08_NURTURE,Email / in-app message,Queue automated message (Automated Nurture).,60,Any (repeat) order within 90 days.,"Order placed, unsubscribe, or 2 unanswered dormant messages (pause 6 months).",Rising Tail accounts that cross the Core line re-route automatically.,LOW_CONFIDENCE,Draft ready (not sent),NUR_DORMANT,"Hi {first_name},

Whenever you're planning your next stock buy, you can browse bundles and handpicked stock on the Fleek app at any time. If you're looking for something specific, reply to this message and we'll do our best to help you find it. No pressure, just a friendly reminder that we're here.

Best,
{sender_name}",,,,,Dormant,No Meaningful History,Existing Customer,False,Not Eligible,Lumpy,N/A,No repeat send while the logged action is inside its cadence window.,NO_MATERIAL_CHANGE,,
ACC-261,P4,Tail,216,9. Long-Tail Automated Nurture,Automated Nurture,LONG_TAIL_STANDARD,Ready — Automated,Draft Ready,Automation,False,False,PB08_NURTURE,Email / in-app message,Queue automated message (Automated Nurture).,60,Any (repeat) order within 90 days.,"Order placed, unsubscribe, or 2 unanswered dormant messages (pause 6 months).",Rising Tail accounts that cross the Core line re-route automatically.,LOW_CONFIDENCE,Draft ready (not sent),NUR_DORMANT,"Hi {first_name},

Whenever you're planning your next stock buy, you can browse bundles on the Fleek app at any time. If you're looking for something specific, reply to this message and we'll do our best to help you find it. No pressure, just a friendly reminder that we're here.

Best,
{sender_name}",,,,,Dormant,No Meaningful History,Existing Customer,False,Not Eligible,Lumpy,N/A,No repeat send while the logged action is inside its cadence window.,NO_MATERIAL_CHANGE,,
ACC-262,P4,Tail,212,9. Long-Tail Automated Nurture,Automated Nurture,LONG_TAIL_STANDARD,Ready — Automated,Draft Ready,Automation,False,False,PB08_NURTURE,Email / in-app message,Queue automated message (Automated Nurture).,30,Any (repeat) order within 90 days.,"Order placed, unsubscribe, or 2 unanswered dormant messages (pause 6 months).",Rising Tail accounts that cross the Core line re-route automatically.,NO_FEB_GMV (Feb unconfirmed); LOW_CONFIDENCE,Draft ready (not sent),NUR_NEW,"Hi {first_name},

Thanks for ordering with Fleek. As you get started, you can browse available stock in the app whenever suits you, and use Make an Offer if a price doesn't quite work. If you're looking for something specific, reply here and we'll help.

Best,
{sender_name}",,,,,New customer onboarding,Recently Active,New Customer,False,Not Eligible,Lumpy,N/A,No repeat send while the logged action is inside its cadence window.,NO_MATERIAL_CHANGE,,
ACC-263,P4,Tail,211,9. Long-Tail Automated Nurture,Automated Nurture,LONG_TAIL_STANDARD,Ready — Automated,Draft Ready,Automation,False,False,PB08_NURTURE,Email / in-app message,Queue automated message (Automated Nurture).,30,Any (repeat) order within 90 days.,"Order placed, unsubscribe, or 2 unanswered dormant messages (pause 6 months).",Rising Tail accounts that cross the Core line re-route automatically.,FEB_SENSITIVE; LOW_CONFIDENCE,Draft ready (not sent),NUR_NEW,"Hi {first_name},

Thanks for ordering with Fleek. As you get started, you can browse available stock in the app whenever suits you, and use Make an Offer if a price doesn't quite work. If you're looking for something specific, reply here and we'll help.

Best,
{sender_name}",,,,,New customer onboarding,Recently Active,New Customer,False,Not Eligible,Lumpy,N/A,No repeat send while the logged action is inside its cadence window.,NO_MATERIAL_CHANGE,,
ACC-264,P4,Tail,209,9. Long-Tail Automated Nurture,Automated Nurture,LONG_TAIL_STANDARD,Ready — Automated,Draft Ready,Automation,False,False,PB08_NURTURE,Email / in-app message,Queue automated message (Automated Nurture).,30,Any (repeat) order within 90 days.,"Order placed, unsubscribe, or 2 unanswered dormant messages (pause 6 months).",Rising Tail accounts that cross the Core line re-route automatically.,NO_FEB_GMV (Feb unconfirmed); LOW_CONFIDENCE,Draft ready (not sent),NUR_NEW,"Hi {first_name},

Thanks for ordering with Fleek. As you get started, you can browse available stock in the app whenever suits you, and use Make an Offer if a price doesn't quite work. If you're looking for something specific, reply here and we'll help.

Best,
{sender_name}",,,,,New customer onboarding,Recently Active,New Customer,False,Not Eligible,Lumpy,N/A,No repeat send while the logged action is inside its cadence window.,NO_MATERIAL_CHANGE,,
ACC-265,P4,Tail,196,9. Long-Tail Automated Nurture,Automated Nurture,LONG_TAIL_STANDARD,Ready — Automated,Draft Ready,Automation,False,False,PB08_NURTURE,Email / in-app message,Queue automated message (Automated Nurture).,30,Any (repeat) order within 90 days.,"Order placed, unsubscribe, or 2 unanswered dormant messages (pause 6 months).",Rising Tail accounts that cross the Core line re-route automatically.,NO_FEB_GMV (Feb unconfirmed); LOW_CONFIDENCE,Draft ready (not sent),NUR_NEW,"Hi {first_name},

Thanks for ordering with Fleek. As you get started, you can browse available stock in the app whenever suits you, and use Make an Offer if a price doesn't quite work. If you're looking for something specific, reply here and we'll help.

Best,
{sender_name}",,,,,New customer onboarding,Recently Active,New Customer,False,Not Eligible,Lumpy,N/A,No repeat send while the logged action is inside its cadence window.,NO_MATERIAL_CHANGE,,
ACC-266,P4,Tail,188,9. Long-Tail Automated Nurture,Automated Nurture,LONG_TAIL_STANDARD,Ready — Automated,Draft Ready,Automation,False,False,PB08_NURTURE,Email / in-app message,Queue automated message (Automated Nurture).,60,Any (repeat) order within 90 days.,"Order placed, unsubscribe, or 2 unanswered dormant messages (pause 6 months).",Rising Tail accounts that cross the Core line re-route automatically.,LOW_CONFIDENCE,Draft ready (not sent),NUR_DORMANT,"Hi {first_name},

Whenever you're planning your next stock buy, you can browse bundles on the Fleek app at any time. If you're looking for something specific, reply to this message and we'll do our best to help you find it. No pressure, just a friendly reminder that we're here.

Best,
{sender_name}",,,,,Dormant,No Meaningful History,Existing Customer,False,Not Eligible,Lumpy,N/A,No repeat send while the logged action is inside its cadence window.,NO_MATERIAL_CHANGE,,
ACC-267,P4,Tail,186,9. Long-Tail Automated Nurture,Automated Nurture,LONG_TAIL_STANDARD,Ready — Automated,Draft Ready,Automation,False,False,PB08_NURTURE,Email / in-app message,Queue automated message (Automated Nurture).,60,Any (repeat) order within 90 days.,"Order placed, unsubscribe, or 2 unanswered dormant messages (pause 6 months).",Rising Tail accounts that cross the Core line re-route automatically.,LOW_CONFIDENCE,Draft ready (not sent),NUR_DORMANT,"Hi {first_name},

Whenever you're planning your next stock buy, you can browse bundles on the Fleek app at any time. If you're looking for something specific, reply to this message and we'll do our best to help you find it. No pressure, just a friendly reminder that we're here.

Best,
{sender_name}",,,,,Dormant,No Meaningful History,Existing Customer,False,Not Eligible,Lumpy,N/A,No repeat send while the logged action is inside its cadence window.,NO_MATERIAL_CHANGE,,
ACC-268,P4,Tail,182,9. Long-Tail Automated Nurture,Automated Nurture,LONG_TAIL_STANDARD,Ready — Automated,Draft Ready,Automation,False,False,PB08_NURTURE,Email / in-app message,Queue automated message (Automated Nurture).,30,Any (repeat) order within 90 days.,"Order placed, unsubscribe, or 2 unanswered dormant messages (pause 6 months).",Rising Tail accounts that cross the Core line re-route automatically.,NO_FEB_GMV (Feb unconfirmed); LOW_CONFIDENCE,Draft ready (not sent),NUR_NEW,"Hi {first_name},

Thanks for ordering with Fleek. As you get started, you can browse available stock in the app whenever suits you, and use Make an Offer if a price doesn't quite work. If you're looking for something specific, reply here and we'll help.

Best,
{sender_name}",,,,,New customer onboarding,Recently Active,New Customer,False,Not Eligible,Lumpy,N/A,No repeat send while the logged action is inside its cadence window.,NO_MATERIAL_CHANGE,,
ACC-269,P4,Tail,181,9. Long-Tail Automated Nurture,Automated Nurture,LONG_TAIL_STANDARD,Ready — Automated,Draft Ready,Automation,False,False,PB08_NURTURE,Email / in-app message,Queue automated message (Automated Nurture).,30,Any (repeat) order within 90 days.,"Order placed, unsubscribe, or 2 unanswered dormant messages (pause 6 months).",Rising Tail accounts that cross the Core line re-route automatically.,NO_FEB_GMV (Feb unconfirmed); LOW_CONFIDENCE,Draft ready (not sent),NUR_NEW,"Hi {first_name},

Thanks for ordering with Fleek. As you get started, you can browse available stock in the app whenever suits you, and use Make an Offer if a price doesn't quite work. If you're looking for something specific, reply here and we'll help.

Best,
{sender_name}",,,,,New customer onboarding,Recently Active,New Customer,False,Not Eligible,Lumpy,N/A,No repeat send while the logged action is inside its cadence window.,NO_MATERIAL_CHANGE,,
ACC-270,P4,Tail,180,9. Long-Tail Automated Nurture,Automated Nurture,LONG_TAIL_STANDARD,Ready — Automated,Draft Ready,Automation,False,False,PB08_NURTURE,Email / in-app message,Queue automated message (Automated Nurture).,60,Any (repeat) order within 90 days.,"Order placed, unsubscribe, or 2 unanswered dormant messages (pause 6 months).",Rising Tail accounts that cross the Core line re-route automatically.,LOW_CONFIDENCE,Draft ready (not sent),NUR_DORMANT,"Hi {first_name},

Whenever you're planning your next stock buy, you can browse bundles on the Fleek app at any time. If you're looking for something specific, reply to this message and we'll do our best to help you find it. No pressure, just a friendly reminder that we're here.

Best,
{sender_name}",,,,,Dormant,No Meaningful History,Existing Customer,False,Not Eligible,Lumpy,N/A,No repeat send while the logged action is inside its cadence window.,NO_MATERIAL_CHANGE,,
ACC-271,P4,Tail,173,9. Long-Tail Automated Nurture,Automated Nurture,LONG_TAIL_STANDARD,Ready — Automated,Draft Ready,Automation,False,False,PB08_NURTURE,Email / in-app message,Queue automated message (Automated Nurture).,60,Any (repeat) order within 90 days.,"Order placed, unsubscribe, or 2 unanswered dormant messages (pause 6 months).",Rising Tail accounts that cross the Core line re-route automatically.,LOW_CONFIDENCE,Draft ready (not sent),NUR_DORMANT,"Hi {first_name},

Whenever you're planning your next stock buy, you can browse bundles on the Fleek app at any time. If you're looking for something specific, reply to this message and we'll do our best to help you find it. No pressure, just a friendly reminder that we're here.

Best,
{sender_name}",,,,,Dormant,No Meaningful History,Existing Customer,False,Not Eligible,Lumpy,N/A,No repeat send while the logged action is inside its cadence window.,NO_MATERIAL_CHANGE,,
ACC-272,P4,Tail,170,9. Long-Tail Automated Nurture,Automated Nurture,LONG_TAIL_STANDARD,Ready — Automated,Draft Ready,Automation,False,False,PB08_NURTURE,Email / in-app message,Queue automated message (Automated Nurture).,30,Any (repeat) order within 90 days.,"Order placed, unsubscribe, or 2 unanswered dormant messages (pause 6 months).",Rising Tail accounts that cross the Core line re-route automatically.,LOW_CONFIDENCE,Draft ready (not sent),NUR_NEW,"Hi {first_name},

Thanks for ordering with Fleek. As you get started, you can browse available stock in the app whenever suits you, and use Make an Offer if a price doesn't quite work. If you're looking for something specific, reply here and we'll help.

Best,
{sender_name}",,,,,New customer onboarding,No Meaningful History,New Customer,False,Not Eligible,Lumpy,N/A,No repeat send while the logged action is inside its cadence window.,NO_MATERIAL_CHANGE,,
ACC-273,P4,Tail,154,9. Long-Tail Automated Nurture,Automated Nurture,LONG_TAIL_STANDARD,Ready — Automated,Draft Ready,Automation,False,False,PB08_NURTURE,Email / in-app message,Queue automated message (Automated Nurture).,30,Any (repeat) order within 90 days.,"Order placed, unsubscribe, or 2 unanswered dormant messages (pause 6 months).",Rising Tail accounts that cross the Core line re-route automatically.,NO_FEB_GMV (Feb unconfirmed); LOW_CONFIDENCE,Draft ready (not sent),NUR_NEW,"Hi {first_name},

Thanks for ordering with Fleek. As you get started, you can browse available stock in the app whenever suits you, and use Make an Offer if a price doesn't quite work. If you're looking for something specific, reply here and we'll help.

Best,
{sender_name}",,,,,New customer onboarding,Recently Active,New Customer,False,Not Eligible,Lumpy,N/A,No repeat send while the logged action is inside its cadence window.,NO_MATERIAL_CHANGE,,
ACC-274,P4,Tail,147,9. Long-Tail Automated Nurture,Automated Nurture,LONG_TAIL_STANDARD,Ready — Automated,Draft Ready,Automation,False,False,PB08_NURTURE,Email / in-app message,Queue automated message (Automated Nurture).,30,Any (repeat) order within 90 days.,"Order placed, unsubscribe, or 2 unanswered dormant messages (pause 6 months).",Rising Tail accounts that cross the Core line re-route automatically.,NO_FEB_GMV (Feb unconfirmed); LOW_CONFIDENCE,Draft ready (not sent),NUR_NEW,"Hi {first_name},

Thanks for ordering with Fleek. As you get started, you can browse available stock in the app whenever suits you, and use Make an Offer if a price doesn't quite work. If you're looking for something specific, reply here and we'll help.

Best,
{sender_name}",,,,,New customer onboarding,Recently Active,New Customer,False,Not Eligible,Lumpy,N/A,No repeat send while the logged action is inside its cadence window.,NO_MATERIAL_CHANGE,,
ACC-275,P4,Tail,143,9. Long-Tail Automated Nurture,Automated Nurture,LONG_TAIL_STANDARD,Ready — Automated,Draft Ready,Automation,False,False,PB08_NURTURE,Email / in-app message,Queue automated message (Automated Nurture).,30,Any (repeat) order within 90 days.,"Order placed, unsubscribe, or 2 unanswered dormant messages (pause 6 months).",Rising Tail accounts that cross the Core line re-route automatically.,FEB_SENSITIVE; LOW_CONFIDENCE,Draft ready (not sent),NUR_NEW,"Hi {first_name},

Thanks for ordering with Fleek. As you get started, you can browse available stock in the app whenever suits you, and use Make an Offer if a price doesn't quite work. If you're looking for something specific, reply here and we'll help.

Best,
{sender_name}",,,,,New customer onboarding,Recently Active,New Customer,False,Not Eligible,Lumpy,N/A,No repeat send while the logged action is inside its cadence window.,NO_MATERIAL_CHANGE,,
ACC-276,P4,Tail,142,9. Long-Tail Automated Nurture,Automated Nurture,LONG_TAIL_STANDARD,Ready — Automated,Draft Ready,Automation,False,False,PB08_NURTURE,Email / in-app message,Queue automated message (Automated Nurture).,30,Any (repeat) order within 90 days.,"Order placed, unsubscribe, or 2 unanswered dormant messages (pause 6 months).",Rising Tail accounts that cross the Core line re-route automatically.,NO_FEB_GMV (Feb unconfirmed); LOW_CONFIDENCE,Draft ready (not sent),NUR_NEW,"Hi {first_name},

Thanks for ordering with Fleek. As you get started, you can browse available stock in the app whenever suits you, and use Make an Offer if a price doesn't quite work. If you're looking for something specific, reply here and we'll help.

Best,
{sender_name}",,,,,New customer onboarding,Recently Active,New Customer,False,Not Eligible,Lumpy,N/A,No repeat send while the logged action is inside its cadence window.,NO_MATERIAL_CHANGE,,
ACC-277,P4,Tail,140,9. Long-Tail Automated Nurture,Automated Nurture,LONG_TAIL_STANDARD,Ready — Automated,Draft Ready,Automation,False,False,PB08_NURTURE,Email / in-app message,Queue automated message (Automated Nurture).,30,Any (repeat) order within 90 days.,"Order placed, unsubscribe, or 2 unanswered dormant messages (pause 6 months).",Rising Tail accounts that cross the Core line re-route automatically.,FEB_SENSITIVE; LOW_CONFIDENCE,Draft ready (not sent),NUR_NEW,"Hi {first_name},

Thanks for ordering with Fleek. As you get started, you can browse available stock in the app whenever suits you, and use Make an Offer if a price doesn't quite work. If you're looking for something specific, reply here and we'll help.

Best,
{sender_name}",,,,,New customer onboarding,Recently Active,New Customer,False,Not Eligible,Lumpy,N/A,No repeat send while the logged action is inside its cadence window.,NO_MATERIAL_CHANGE,,
ACC-278,P4,Tail,138,9. Long-Tail Automated Nurture,Automated Nurture,LONG_TAIL_STANDARD,Ready — Automated,Draft Ready,Automation,False,False,PB08_NURTURE,Email / in-app message,Queue automated message (Automated Nurture).,60,Any (repeat) order within 90 days.,"Order placed, unsubscribe, or 2 unanswered dormant messages (pause 6 months).",Rising Tail accounts that cross the Core line re-route automatically.,LOW_CONFIDENCE,Draft ready (not sent),NUR_DORMANT,"Hi {first_name},

Whenever you're planning your next stock buy, you can browse bundles on the Fleek app at any time. If you're looking for something specific, reply to this message and we'll do our best to help you find it. No pressure, just a friendly reminder that we're here.

Best,
{sender_name}",,,,,Dormant,No Meaningful History,Existing Customer,False,Not Eligible,Lumpy,N/A,No repeat send while the logged action is inside its cadence window.,NO_MATERIAL_CHANGE,,
ACC-279,P4,Tail,131,9. Long-Tail Automated Nurture,Automated Nurture,LONG_TAIL_STANDARD,Ready — Automated,Draft Ready,Automation,False,False,PB08_NURTURE,Email / in-app message,Queue automated message (Automated Nurture).,30,Any (repeat) order within 90 days.,"Order placed, unsubscribe, or 2 unanswered dormant messages (pause 6 months).",Rising Tail accounts that cross the Core line re-route automatically.,LOW_CONFIDENCE,Draft ready (not sent),NUR_NEW,"Hi {first_name},

Thanks for ordering with Fleek. As you get started, you can browse available stock in the app whenever suits you, and use Make an Offer if a price doesn't quite work. If you're looking for something specific, reply here and we'll help.

Best,
{sender_name}",,,,,New customer onboarding,No Meaningful History,New Customer,False,Not Eligible,Lumpy,N/A,No repeat send while the logged action is inside its cadence window.,NO_MATERIAL_CHANGE,,
ACC-280,P4,Tail,123,9. Long-Tail Automated Nurture,Automated Nurture,LONG_TAIL_STANDARD,Ready — Automated,Draft Ready,Automation,False,False,PB08_NURTURE,Email / in-app message,Queue automated message (Automated Nurture).,30,Any (repeat) order within 90 days.,"Order placed, unsubscribe, or 2 unanswered dormant messages (pause 6 months).",Rising Tail accounts that cross the Core line re-route automatically.,NO_FEB_GMV (Feb unconfirmed); LOW_CONFIDENCE,Draft ready (not sent),NUR_NEW,"Hi {first_name},

Thanks for ordering with Fleek. As you get started, you can browse available stock in the app whenever suits you, and use Make an Offer if a price doesn't quite work. If you're looking for something specific, reply here and we'll help.

Best,
{sender_name}",,,,,New customer onboarding,Recently Active,New Customer,False,Not Eligible,Lumpy,N/A,No repeat send while the logged action is inside its cadence window.,NO_MATERIAL_CHANGE,,
ACC-281,P4,Tail,119,9. Long-Tail Automated Nurture,Automated Nurture,LONG_TAIL_STANDARD,Ready — Automated,Draft Ready,Automation,False,False,PB08_NURTURE,Email / in-app message,Queue automated message (Automated Nurture).,60,Any (repeat) order within 90 days.,"Order placed, unsubscribe, or 2 unanswered dormant messages (pause 6 months).",Rising Tail accounts that cross the Core line re-route automatically.,LOW_CONFIDENCE,Draft ready (not sent),NUR_DORMANT,"Hi {first_name},

Whenever you're planning your next stock buy, you can browse bundles on the Fleek app at any time. If you're looking for something specific, reply to this message and we'll do our best to help you find it. No pressure, just a friendly reminder that we're here.

Best,
{sender_name}",,,,,Dormant,No Meaningful History,Existing Customer,False,Not Eligible,Lumpy,N/A,No repeat send while the logged action is inside its cadence window.,NO_MATERIAL_CHANGE,,
ACC-282,P4,Tail,118,9. Long-Tail Automated Nurture,Automated Nurture,LONG_TAIL_STANDARD,Ready — Automated,Draft Ready,Automation,False,False,PB08_NURTURE,Email / in-app message,Queue automated message (Automated Nurture).,30,Any (repeat) order within 90 days.,"Order placed, unsubscribe, or 2 unanswered dormant messages (pause 6 months).",Rising Tail accounts that cross the Core line re-route automatically.,NO_FEB_GMV (Feb unconfirmed); LOW_CONFIDENCE,Draft ready (not sent),NUR_NEW,"Hi {first_name},

Thanks for ordering with Fleek. As you get started, you can browse available stock in the app whenever suits you, and use Make an Offer if a price doesn't quite work. If you're looking for something specific, reply here and we'll help.

Best,
{sender_name}",,,,,New customer onboarding,Recently Active,New Customer,False,Not Eligible,Lumpy,N/A,No repeat send while the logged action is inside its cadence window.,NO_MATERIAL_CHANGE,,
ACC-283,P4,Tail,112,9. Long-Tail Automated Nurture,Automated Nurture,LONG_TAIL_STANDARD,Ready — Automated,Draft Ready,Automation,False,False,PB08_NURTURE,Email / in-app message,Queue automated message (Automated Nurture).,60,Any (repeat) order within 90 days.,"Order placed, unsubscribe, or 2 unanswered dormant messages (pause 6 months).",Rising Tail accounts that cross the Core line re-route automatically.,LOW_CONFIDENCE,Draft ready (not sent),NUR_DORMANT,"Hi {first_name},

Whenever you're planning your next stock buy, you can browse bundles on the Fleek app at any time. If you're looking for something specific, reply to this message and we'll do our best to help you find it. No pressure, just a friendly reminder that we're here.

Best,
{sender_name}",,,,,Dormant,No Meaningful History,Existing Customer,False,Not Eligible,Lumpy,N/A,No repeat send while the logged action is inside its cadence window.,NO_MATERIAL_CHANGE,,
ACC-284,P4,Tail,104,9. Long-Tail Automated Nurture,Automated Nurture,LONG_TAIL_STANDARD,Ready — Automated,Draft Ready,Automation,False,False,PB08_NURTURE,Email / in-app message,Queue automated message (Automated Nurture).,30,Any (repeat) order within 90 days.,"Order placed, unsubscribe, or 2 unanswered dormant messages (pause 6 months).",Rising Tail accounts that cross the Core line re-route automatically.,FEB_SENSITIVE; LOW_CONFIDENCE,Draft ready (not sent),NUR_NEW,"Hi {first_name},

Thanks for ordering with Fleek. As you get started, you can browse available stock in the app whenever suits you, and use Make an Offer if a price doesn't quite work. If you're looking for something specific, reply here and we'll help.

Best,
{sender_name}",,,,,New customer onboarding,Recently Active,New Customer,False,Not Eligible,Lumpy,N/A,No repeat send while the logged action is inside its cadence window.,NO_MATERIAL_CHANGE,,
ACC-285,P4,Tail,98,9. Long-Tail Automated Nurture,Automated Nurture,LONG_TAIL_STANDARD,Ready — Automated,Draft Ready,Automation,False,False,PB08_NURTURE,Email / in-app message,Queue automated message (Automated Nurture).,30,Any (repeat) order within 90 days.,"Order placed, unsubscribe, or 2 unanswered dormant messages (pause 6 months).",Rising Tail accounts that cross the Core line re-route automatically.,FEB_SENSITIVE; LOW_CONFIDENCE,Draft ready (not sent),NUR_NEW,"Hi {first_name},

Thanks for ordering with Fleek. As you get started, you can browse available stock in the app whenever suits you, and use Make an Offer if a price doesn't quite work. If you're looking for something specific, reply here and we'll help.

Best,
{sender_name}",,,,,New customer onboarding,Recently Active,New Customer,False,Not Eligible,Lumpy,N/A,No repeat send while the logged action is inside its cadence window.,NO_MATERIAL_CHANGE,,
ACC-286,P4,Tail,96,9. Long-Tail Automated Nurture,Automated Nurture,LONG_TAIL_STANDARD,Ready — Automated,Draft Ready,Automation,False,False,PB08_NURTURE,Email / in-app message,Queue automated message (Automated Nurture).,60,Any (repeat) order within 90 days.,"Order placed, unsubscribe, or 2 unanswered dormant messages (pause 6 months).",Rising Tail accounts that cross the Core line re-route automatically.,LOW_CONFIDENCE,Draft ready (not sent),NUR_DORMANT,"Hi {first_name},

Whenever you're planning your next stock buy, you can browse bundles on the Fleek app at any time. If you're looking for something specific, reply to this message and we'll do our best to help you find it. No pressure, just a friendly reminder that we're here.

Best,
{sender_name}",,,,,Dormant,No Meaningful History,Existing Customer,False,Not Eligible,Lumpy,N/A,No repeat send while the logged action is inside its cadence window.,NO_MATERIAL_CHANGE,,
ACC-287,P4,Tail,94,9. Long-Tail Automated Nurture,Automated Nurture,LONG_TAIL_STANDARD,Ready — Automated,Draft Ready,Automation,False,False,PB08_NURTURE,Email / in-app message,Queue automated message (Automated Nurture).,30,Any (repeat) order within 90 days.,"Order placed, unsubscribe, or 2 unanswered dormant messages (pause 6 months).",Rising Tail accounts that cross the Core line re-route automatically.,LOW_CONFIDENCE,Draft ready (not sent),NUR_NEW,"Hi {first_name},

Thanks for ordering with Fleek. As you get started, you can browse available stock in the app whenever suits you, and use Make an Offer if a price doesn't quite work. If you're looking for something specific, reply here and we'll help.

Best,
{sender_name}",,,,,New customer onboarding,No Meaningful History,New Customer,False,Not Eligible,Lumpy,N/A,No repeat send while the logged action is inside its cadence window.,NO_MATERIAL_CHANGE,,
ACC-288,P4,Tail,88,9. Long-Tail Automated Nurture,Automated Nurture,LONG_TAIL_STANDARD,Ready — Automated,Draft Ready,Automation,False,False,PB08_NURTURE,Email / in-app message,Queue automated message (Automated Nurture).,60,Any (repeat) order within 90 days.,"Order placed, unsubscribe, or 2 unanswered dormant messages (pause 6 months).",Rising Tail accounts that cross the Core line re-route automatically.,LOW_CONFIDENCE,Draft ready (not sent),NUR_DORMANT,"Hi {first_name},

Whenever you're planning your next stock buy, you can browse bundles on the Fleek app at any time. If you're looking for something specific, reply to this message and we'll do our best to help you find it. No pressure, just a friendly reminder that we're here.

Best,
{sender_name}",,,,,Dormant,No Meaningful History,Existing Customer,False,Not Eligible,Lumpy,N/A,No repeat send while the logged action is inside its cadence window.,NO_MATERIAL_CHANGE,,
ACC-289,P4,Tail,87,9. Long-Tail Automated Nurture,Automated Nurture,LONG_TAIL_STANDARD,Ready — Automated,Draft Ready,Automation,False,False,PB08_NURTURE,Email / in-app message,Queue automated message (Automated Nurture).,30,Any (repeat) order within 90 days.,"Order placed, unsubscribe, or 2 unanswered dormant messages (pause 6 months).",Rising Tail accounts that cross the Core line re-route automatically.,FEB_SENSITIVE; LOW_CONFIDENCE,Draft ready (not sent),NUR_NEW,"Hi {first_name},

Thanks for ordering with Fleek. As you get started, you can browse available stock in the app whenever suits you, and use Make an Offer if a price doesn't quite work. If you're looking for something specific, reply here and we'll help.

Best,
{sender_name}",,,,,New customer onboarding,Recently Active,New Customer,False,Not Eligible,Lumpy,N/A,No repeat send while the logged action is inside its cadence window.,NO_MATERIAL_CHANGE,,
ACC-290,P4,Tail,86,9. Long-Tail Automated Nurture,Automated Nurture,LONG_TAIL_STANDARD,Ready — Automated,Draft Ready,Automation,False,False,PB08_NURTURE,Email / in-app message,Queue automated message (Automated Nurture).,30,Any (repeat) order within 90 days.,"Order placed, unsubscribe, or 2 unanswered dormant messages (pause 6 months).",Rising Tail accounts that cross the Core line re-route automatically.,NO_FEB_GMV (Feb unconfirmed); LOW_CONFIDENCE,Draft ready (not sent),NUR_NEW,"Hi {first_name},

Thanks for ordering with Fleek. As you get started, you can browse available stock in the app whenever suits you, and use Make an Offer if a price doesn't quite work. If you're looking for something specific, reply here and we'll help.

Best,
{sender_name}",,,,,New customer onboarding,Recently Active,New Customer,False,Not Eligible,Lumpy,N/A,No repeat send while the logged action is inside its cadence window.,NO_MATERIAL_CHANGE,,
ACC-291,P4,Tail,84,9. Long-Tail Automated Nurture,Automated Nurture,LONG_TAIL_STANDARD,Ready — Automated,Draft Ready,Automation,False,False,PB08_NURTURE,Email / in-app message,Queue automated message (Automated Nurture).,30,Any (repeat) order within 90 days.,"Order placed, unsubscribe, or 2 unanswered dormant messages (pause 6 months).",Rising Tail accounts that cross the Core line re-route automatically.,NO_FEB_GMV (Feb unconfirmed); LOW_CONFIDENCE,Draft ready (not sent),NUR_NEW,"Hi {first_name},

Thanks for ordering with Fleek. As you get started, you can browse available stock in the app whenever suits you, and use Make an Offer if a price doesn't quite work. If you're looking for something specific, reply here and we'll help.

Best,
{sender_name}",,,,,New customer onboarding,Recently Active,New Customer,False,Not Eligible,Lumpy,N/A,No repeat send while the logged action is inside its cadence window.,NO_MATERIAL_CHANGE,,
ACC-292,P4,Tail,84,9. Long-Tail Automated Nurture,Automated Nurture,LONG_TAIL_STANDARD,Ready — Automated,Draft Ready,Automation,False,False,PB08_NURTURE,Email / in-app message,Queue automated message (Automated Nurture).,60,Any (repeat) order within 90 days.,"Order placed, unsubscribe, or 2 unanswered dormant messages (pause 6 months).",Rising Tail accounts that cross the Core line re-route automatically.,LOW_CONFIDENCE,Draft ready (not sent),NUR_DORMANT,"Hi {first_name},

Whenever you're planning your next stock buy, you can browse bundles on the Fleek app at any time. If you're looking for something specific, reply to this message and we'll do our best to help you find it. No pressure, just a friendly reminder that we're here.

Best,
{sender_name}",,,,,Dormant,No Meaningful History,Existing Customer,False,Not Eligible,Lumpy,N/A,No repeat send while the logged action is inside its cadence window.,NO_MATERIAL_CHANGE,,
ACC-293,P4,Tail,82,9. Long-Tail Automated Nurture,Automated Nurture,LONG_TAIL_STANDARD,Ready — Automated,Draft Ready,Automation,False,False,PB08_NURTURE,Email / in-app message,Queue automated message (Automated Nurture).,30,Any (repeat) order within 90 days.,"Order placed, unsubscribe, or 2 unanswered dormant messages (pause 6 months).",Rising Tail accounts that cross the Core line re-route automatically.,FEB_SENSITIVE; LOW_CONFIDENCE,Draft ready (not sent),NUR_NEW,"Hi {first_name},

Thanks for ordering with Fleek. As you get started, you can browse available stock in the app whenever suits you, and use Make an Offer if a price doesn't quite work. If you're looking for something specific, reply here and we'll help.

Best,
{sender_name}",,,,,New customer onboarding,Recently Active,New Customer,False,Not Eligible,Lumpy,N/A,No repeat send while the logged action is inside its cadence window.,NO_MATERIAL_CHANGE,,
ACC-294,P4,Tail,78,9. Long-Tail Automated Nurture,Automated Nurture,LONG_TAIL_STANDARD,Ready — Automated,Draft Ready,Automation,False,False,PB08_NURTURE,Email / in-app message,Queue automated message (Automated Nurture).,60,Any (repeat) order within 90 days.,"Order placed, unsubscribe, or 2 unanswered dormant messages (pause 6 months).",Rising Tail accounts that cross the Core line re-route automatically.,LOW_CONFIDENCE,Draft ready (not sent),NUR_DORMANT,"Hi {first_name},

Whenever you're planning your next stock buy, you can browse bundles on the Fleek app at any time. If you're looking for something specific, reply to this message and we'll do our best to help you find it. No pressure, just a friendly reminder that we're here.

Best,
{sender_name}",,,,,Dormant,No Meaningful History,Existing Customer,False,Not Eligible,Lumpy,N/A,No repeat send while the logged action is inside its cadence window.,NO_MATERIAL_CHANGE,,
ACC-295,P4,Tail,75,9. Long-Tail Automated Nurture,Automated Nurture,LONG_TAIL_STANDARD,Ready — Automated,Draft Ready,Automation,False,False,PB08_NURTURE,Email / in-app message,Queue automated message (Automated Nurture).,60,Any (repeat) order within 90 days.,"Order placed, unsubscribe, or 2 unanswered dormant messages (pause 6 months).",Rising Tail accounts that cross the Core line re-route automatically.,LOW_CONFIDENCE,Draft ready (not sent),NUR_DORMANT,"Hi {first_name},

Whenever you're planning your next stock buy, you can browse bundles on the Fleek app at any time. If you're looking for something specific, reply to this message and we'll do our best to help you find it. No pressure, just a friendly reminder that we're here.

Best,
{sender_name}",,,,,Dormant,No Meaningful History,Existing Customer,False,Not Eligible,Lumpy,N/A,No repeat send while the logged action is inside its cadence window.,NO_MATERIAL_CHANGE,,
ACC-296,P4,Tail,67,9. Long-Tail Automated Nurture,Automated Nurture,LONG_TAIL_STANDARD,Ready — Automated,Draft Ready,Automation,False,False,PB08_NURTURE,Email / in-app message,Queue automated message (Automated Nurture).,30,Any (repeat) order within 90 days.,"Order placed, unsubscribe, or 2 unanswered dormant messages (pause 6 months).",Rising Tail accounts that cross the Core line re-route automatically.,FEB_SENSITIVE; LOW_CONFIDENCE,Draft ready (not sent),NUR_NEW,"Hi {first_name},

Thanks for ordering with Fleek. As you get started, you can browse available stock in the app whenever suits you, and use Make an Offer if a price doesn't quite work. If you're looking for something specific, reply here and we'll help.

Best,
{sender_name}",,,,,New customer onboarding,Recently Active,New Customer,False,Not Eligible,Lumpy,N/A,No repeat send while the logged action is inside its cadence window.,NO_MATERIAL_CHANGE,,
ACC-297,P4,Tail,61,9. Long-Tail Automated Nurture,Automated Nurture,LONG_TAIL_STANDARD,Ready — Automated,Draft Ready,Automation,False,False,PB08_NURTURE,Email / in-app message,Queue automated message (Automated Nurture).,60,Any (repeat) order within 90 days.,"Order placed, unsubscribe, or 2 unanswered dormant messages (pause 6 months).",Rising Tail accounts that cross the Core line re-route automatically.,LOW_CONFIDENCE,Draft ready (not sent),NUR_DORMANT,"Hi {first_name},

Whenever you're planning your next stock buy, you can browse bundles on the Fleek app at any time. If you're looking for something specific, reply to this message and we'll do our best to help you find it. No pressure, just a friendly reminder that we're here.

Best,
{sender_name}",,,,,Dormant,No Meaningful History,Existing Customer,False,Not Eligible,Lumpy,N/A,No repeat send while the logged action is inside its cadence window.,NO_MATERIAL_CHANGE,,
ACC-298,P4,Tail,61,9. Long-Tail Automated Nurture,Automated Nurture,LONG_TAIL_STANDARD,Ready — Automated,Draft Ready,Automation,False,False,PB08_NURTURE,Email / in-app message,Queue automated message (Automated Nurture).,30,Any (repeat) order within 90 days.,"Order placed, unsubscribe, or 2 unanswered dormant messages (pause 6 months).",Rising Tail accounts that cross the Core line re-route automatically.,FEB_SENSITIVE; LOW_CONFIDENCE,Draft ready (not sent),NUR_NEW,"Hi {first_name},

Thanks for ordering with Fleek. As you get started, you can browse available stock in the app whenever suits you, and use Make an Offer if a price doesn't quite work. If you're looking for something specific, reply here and we'll help.

Best,
{sender_name}",,,,,New customer onboarding,Recently Active,New Customer,False,Not Eligible,Lumpy,N/A,No repeat send while the logged action is inside its cadence window.,NO_MATERIAL_CHANGE,,
ACC-299,P4,Tail,58,9. Long-Tail Automated Nurture,Automated Nurture,LONG_TAIL_STANDARD,Ready — Automated,Draft Ready,Automation,False,False,PB08_NURTURE,Email / in-app message,Queue automated message (Automated Nurture).,60,Any (repeat) order within 90 days.,"Order placed, unsubscribe, or 2 unanswered dormant messages (pause 6 months).",Rising Tail accounts that cross the Core line re-route automatically.,LOW_CONFIDENCE,Draft ready (not sent),NUR_DORMANT,"Hi {first_name},

Whenever you're planning your next stock buy, you can browse bundles on the Fleek app at any time. If you're looking for something specific, reply to this message and we'll do our best to help you find it. No pressure, just a friendly reminder that we're here.

Best,
{sender_name}",,,,,Dormant,No Meaningful History,Existing Customer,False,Not Eligible,Lumpy,N/A,No repeat send while the logged action is inside its cadence window.,NO_MATERIAL_CHANGE,,
ACC-300,P4,Tail,34,9. Long-Tail Automated Nurture,Automated Nurture,LONG_TAIL_STANDARD,Ready — Automated,Draft Ready,Automation,False,False,PB08_NURTURE,Email / in-app message,Queue automated message (Automated Nurture).,30,Any (repeat) order within 90 days.,"Order placed, unsubscribe, or 2 unanswered dormant messages (pause 6 months).",Rising Tail accounts that cross the Core line re-route automatically.,FEB_SENSITIVE; LOW_CONFIDENCE,Draft ready (not sent),NUR_NEW,"Hi {first_name},

Thanks for ordering with Fleek. As you get started, you can browse available stock in the app whenever suits you, and use Make an Offer if a price doesn't quite work. If you're looking for something specific, reply here and we'll help.

Best,
{sender_name}",,,,,New customer onboarding,Recently Active,New Customer,False,Not Eligible,Lumpy,N/A,No repeat send while the logged action is inside its cadence window.,NO_MATERIAL_CHANGE,,
ACC-301,P1,Key,16389,2. Protect / Retain First,Retention Conversation,DECLINING_KEY_CORE,Ready — Human,Draft Ready,Account Manager,False,False,PB01_RETENTION,"Personal email from AM, then call",Read brief; send outreach to book a review call.,7,"Root cause logged and next-90-day GMV back to at least the Sep-Nov (H1) level, or the decline arrested.","Customer confirms a planned pause/seasonal gap (log cadence), or no response after 2 attempts (escalate).","No response after 2 attempts, or Key account with further decline -> Portfolio Lead.",FEB_SENSITIVE; H2_SINGLE_MONTH_SPIKE,Draft ready (not sent),RET_AM,"Hi {first_name},

I'd like to set up a short call to review how sourcing through Fleek is working for you at the moment and what you're planning to buy over the next few months. It will help me make sure the stock I source for you (handpicked stock) is the right fit. Would sometime later this week or early next week suit you?

Best,
{sender_name}","WHY NOW: Commercially important, broker-led spend is falling.
WHAT WE KNOW:
- Key, Broker-Reliant, Account Managed; £16,389 6m GMV; Reseller, France; tenure 12 months.
- Momentum: Declining (Sep-Nov £14,003 -> Dec-Feb £2,386); Recently Active (last GMV month: February); 4 orders over 3 month(s).
- Dependency: High (broker reliance 67%; 3 AM-placed / 1 self-serve orders).
- Engagement: 13 product views, 8 app days, 1 offer(s), 21 Fleek chats, 0 video requests; basket Handpick-only.
- Warnings: FEB_SENSITIVE; H2_SINGLE_MONTH_SPIKE.
WHAT TO DO: Book a conversation. Explore stock availability, price, assortment fit, buying cadence, competitor/offline wholesaler use and operational friction. Agree a recovery plan.
WHAT NOT TO DO: Do not reduce AM support or push migration; do not suggest the customer is at fault; do not propose chat/video/feature usage as the fix.
SUCCESS: Root cause logged and next-90-day GMV back to at least the Sep-Nov (H1) level, or the decline arrested.",,,,,Recently Active,Existing Customer,False,Not Eligible,Lumpy,N/A,"Stay in playbook while momentum is Declining; exit when momentum is Stable/Growing for a full run; if the account lapses, NBA moves to Verify/Win-Back.",NEW_ACCOUNT,NEW_ACCOUNT,5ec9071df9c3
ACC-302,P2,Key,10234,1. Migration Candidate,Guided Self-Serve Migration,MIGRATION_KEY_SIGNOFF,Human Sign-Off Required,Awaiting Sign-Off,Portfolio Lead + Account Manager,False,False,PB03_GUIDED_MIGRATION,AM call + in-app walkthrough; automated milestone tracking,Portfolio Lead + AM sign-off decision on a gradual self-serve shift.,15,"Day 90: Self-Serve Capability Demonstrated (>=25 PDP views, >=6 app days, self-serve share above baseline) with GMV guardrail held.",GMV guardrail breached (At Risk) -> restore high-touch support; no behaviour change at day 90 -> reassess suitability.,At Risk at day 45; any Key account change; customer pushback on the change.,KEY_SIGNOFF; H2_SINGLE_MONTH_SPIKE; NO_FEB_GMV (Feb unconfirmed),Withheld until sign-off is recorded,,,"WHY NOW: Key broker-reliant account with healthy spend; downside risk too large for automated initiation.
WHAT WE KNOW:
- Key, Broker-Reliant, Account Managed; £10,234 6m GMV; Reseller, Austria; tenure 7 months.
- Momentum: Stable (Sep-Nov £5,123 -> Dec-Feb £5,111); Recently Active (last GMV month: January); 13 orders over 4 month(s).
- Dependency: High (broker reliance 60%; 8 AM-placed / 5 self-serve orders).
- Engagement: 8 product views, 6 app days, 1 offer(s), 79 Fleek chats, 26 video requests; basket Mixed.
- Warnings: KEY_SIGNOFF; H2_SINGLE_MONTH_SPIKE; NO_FEB_GMV (Feb unconfirmed).
WHAT TO DO: Portfolio Lead and AM decide whether a gradual self-serve shift is appropriate. Record approve / decline and conditions.
WHAT NOT TO DO: No migration communication before sign-off.
SUCCESS: Day 90: Self-Serve Capability Demonstrated (>=25 PDP views, >=6 app days, self-serve share above baseline) with GMV guardrail held.",,,,,Recently Active,Existing Customer,False,Not Eligible,Regular,Baseline,"Enter 90-day monitoring inputs; migration_progress_status updates (Baseline/Progressing/Capability/At Risk). Day-90 outcomes: Capability Demonstrated, Progressing - Extend, At Risk - Restore support, No Change - Reassess.",NEW_ACCOUNT,NEW_ACCOUNT,c5b4f4826999
ACC-303,P1,Core,7165,2. Protect / Retain First,Retention Conversation,DECLINING_KEY_CORE,Ready — Human,Draft Ready,Account Manager,False,False,PB01_RETENTION,"Personal email from AM, then call",Read brief; send outreach to book a review call.,7,"Root cause logged and next-90-day GMV back to at least the Sep-Nov (H1) level, or the decline arrested.","Customer confirms a planned pause/seasonal gap (log cadence), or no response after 2 attempts (escalate).","No response after 2 attempts, or Key account with further decline -> Portfolio Lead.",MATERIAL_BROKER_INCONSISTENCY,Draft ready (not sent),RET_AM,"Hi {first_name},

I'd like to set up a short call to review how sourcing through Fleek is working for you at the moment and what you're planning to buy over the next few months. It will help me make sure the stock I source for you (bundles and handpicked stock) is the right fit. Would sometime later this week or early next week suit you?

Best,
{sender_name}","WHY NOW: Commercially important, broker-led spend is falling.
WHAT WE KNOW:
- Core, Broker-Reliant, Account Managed; £7,165 6m GMV; Reseller, Germany; tenure 17 months.
- Momentum: Declining (Sep-Nov £4,544 -> Dec-Feb £2,621); Recently Active (last GMV month: February); 21 orders over 6 month(s).
- Dependency: High (broker reliance 79%; 17 AM-placed / 4 self-serve orders).
- Engagement: 1 product views, 5 app days, 1 offer(s), 34 Fleek chats, 0 video requests; basket Mixed.
- Warnings: MATERIAL_BROKER_INCONSISTENCY.
WHAT TO DO: Book a conversation. Explore stock availability, price, assortment fit, buying cadence, competitor/offline wholesaler use and operational friction. Agree a recovery plan.
WHAT NOT TO DO: Do not reduce AM support or push migration; do not suggest the customer is at fault; do not propose chat/video/feature usage as the fix.
SUCCESS: Root cause logged and next-90-day GMV back to at least the Sep-Nov (H1) level, or the decline arrested.",,,,,Recently Active,Existing Customer,False,Not Eligible,Regular,N/A,"Stay in playbook while momentum is Declining; exit when momentum is Stable/Growing for a full run; if the account lapses, NBA moves to Verify/Win-Back.",NEW_ACCOUNT,NEW_ACCOUNT,098772224d83
ACC-304,P2,Core,4461,1. Migration Candidate,Guided Self-Serve Migration,MIGRATION_PHASE1_READY,Ready — Hybrid,Draft Ready,Account Manager,False,False,PB03_GUIDED_MIGRATION,AM call + in-app walkthrough; automated milestone tracking,Day 0: AM walkthrough call on independent stock discovery.,15,"Day 90: Self-Serve Capability Demonstrated (>=25 PDP views, >=6 app days, self-serve share above baseline) with GMV guardrail held.",GMV guardrail breached (At Risk) -> restore high-touch support; no behaviour change at day 90 -> reassess suitability.,At Risk at day 45; any Key account change; customer pushback on the change.,H2_SINGLE_MONTH_SPIKE; NO_FEB_GMV (Feb unconfirmed),Draft ready (not sent),MIG_DAY0,"Hi {first_name},

Alongside the stock I source for you, I'd like to show you how to browse Fleek's full range directly in the app, so you can look through bundles whenever it suits you, make an offer where it fits and place orders yourself. I'm still here for anything you need. Could we do a short walkthrough together this week?

Best,
{sender_name}","WHY NOW: Broker-reliant Core account with healthy, regular spend and repeat self-serve checkout, but little independent browsing.
WHAT WE KNOW:
- Core, Broker-Reliant, Account Managed; £4,461 6m GMV; Reseller, France; tenure 6 months.
- Momentum: Growing (Sep-Nov £1,832 -> Dec-Feb £2,628); Recently Active (last GMV month: January); 12 orders over 5 month(s).
- Dependency: High (broker reliance 51%; 6 AM-placed / 6 self-serve orders).
- Engagement: 10 product views, 3 app days, 1 offer(s), 27 Fleek chats, 4 video requests; basket Bundle-only.
- Warnings: H2_SINGLE_MONTH_SPIKE; NO_FEB_GMV (Feb unconfirmed).
WHAT TO DO: Run the Phase 1 plan: Day 0 app walkthrough focused on finding stock independently; check-in Day 15-30; formal review Day 45; outcome Day 90.
WHAT NOT TO DO: Do not remove AM support; do not mention cost reduction or 'migration'.
SUCCESS: Day 90: Self-Serve Capability Demonstrated (>=25 PDP views, >=6 app days, self-serve share above baseline) with GMV guardrail held.",,,,,Recently Active,Existing Customer,False,Ready,Regular,Baseline,"Enter 90-day monitoring inputs; migration_progress_status updates (Baseline/Progressing/Capability/At Risk). Day-90 outcomes: Capability Demonstrated, Progressing - Extend, At Risk - Restore support, No Change - Reassess.",NEW_ACCOUNT,NEW_ACCOUNT,9ce6f8396576
ACC-305,P1,Core,3066,3. Win-Back / Verify,Verify Demand / Win-Back,LAPSED_ESTABLISHED,Ready — Human,Draft Ready,Account Manager,False,False,PB02_VERIFY_WINBACK,"Personal email from AM, then call",Send win-back check-in.,14,"Cadence recorded and account reclassified, or a new order within 90 days (60 days for recent-inactivity checks).",Customer confirms infrequent/seasonal buying (set a reminder for their window) or confirms churn (log reason).,Key account with no response after 2 attempts -> Portfolio Lead.,,Draft ready (not sent),WINBACK,"Hi {first_name},

It's been a little while since we last caught up, so I wanted to check in on your buying plans for the coming months. If you're sourcing bundles and handpicked stock again soon, I'd be glad to talk through what you're looking for and how we can help. Would a quick call be useful?

Best,
{sender_name}","WHY NOW: Established buyer with a repeat pattern has had no GMV since November or earlier.
WHAT WE KNOW:
- Core, Broker-Reliant, Account Managed; £3,066 6m GMV; Reseller, United Kingdom; tenure 8 months.
- Momentum: Lapsed; Recent Inactivity (last GMV month: October); 9 orders over 2 month(s).
- Dependency: High (broker reliance 51%; 5 AM-placed / 4 self-serve orders).
- Engagement: 1 product views, 2 app days, 1 offer(s), 40 Fleek chats, 0 video requests; basket Mixed.
WHAT TO DO: Win-back conversation about upcoming buying needs and what would bring them back.
WHAT NOT TO DO: Do not say 'you churned' or 'you've stopped buying'.
SUCCESS: Cadence recorded and account reclassified, or a new order within 90 days (60 days for recent-inactivity checks).",,,,,Recent Inactivity,Existing Customer,False,Not Eligible,Lumpy,N/A,"If an order appears, the account re-segments automatically; if confirmed seasonal, suppress re-contact until the stated window.",NEW_ACCOUNT,NEW_ACCOUNT,962b402c8042
ACC-306,P1,Core,2592,3. Win-Back / Verify,Verify Demand / Win-Back,LAPSED_THIN_HISTORY,Ready — Human,Draft Ready,Account Manager,False,False,PB02_VERIFY_WINBACK,"Personal email from AM, then call","Send cadence check-in (verify, don't assume churn).",14,"Cadence recorded and account reclassified, or a new order within 90 days (60 days for recent-inactivity checks).",Customer confirms infrequent/seasonal buying (set a reminder for their window) or confirms churn (log reason).,Key account with no response after 2 attempts -> Portfolio Lead.,,Draft ready (not sent),VERIFY_CADENCE,"Hi {first_name},

Thanks for your previous orders with Fleek. I wanted to check how you usually plan your stock buying (seasonal, project by project, or ongoing) so we can get in touch at the right moments rather than too often. Happy to talk on a quick call, or just reply here with what works for you.

Best,
{sender_name}","WHY NOW: Apparent lapse rests on 1-2 orders or one buying month; cadence is unknown.
WHAT WE KNOW:
- Core, Broker-Reliant, Account Managed; £2,592 6m GMV; Reseller, Italy; tenure 15 months.
- Momentum: Lapsed; No Meaningful History (last GMV month: October); 3 orders over 1 month(s).
- Dependency: High (broker reliance 71%; 2 AM-placed / 1 self-serve orders).
- Engagement: 7 product views, 4 app days, 0 offer(s), 34 Fleek chats, 0 video requests; basket Mixed.
WHAT TO DO: Do not assume churn. Verify expected purchase frequency first, then set the next contact window.
WHAT NOT TO DO: Do not treat as churn or run a discount-led win-back.
SUCCESS: Cadence recorded and account reclassified, or a new order within 90 days (60 days for recent-inactivity checks).",,,,,No Meaningful History,Existing Customer,False,Not Eligible,Lumpy,N/A,"If an order appears, the account re-segments automatically; if confirmed seasonal, suppress re-contact until the stated window.",NEW_ACCOUNT,NEW_ACCOUNT,b7ed5d73d9d0
ACC-307,P2,Core,2236,7. Onboard / Re-engage / Learn,Establish / Re-establish,RETURNED_CUSTOMER,Ready — Human,Draft Ready,Account Manager,False,False,PB04_ESTABLISH,"Personal email from AM, then call",Send welcome-back outreach; book a call.,10,New: 2+ orders across 2+ months within 90 days. Returned: orders in at least 2 of the next 3 months.,Second order placed (new) or cadence agreed (returned).,Returned Key account with no response after 2 attempts -> Portfolio Lead.,LOW_CONFIDENCE,Draft ready (not sent),EST_RETURNED,"Hi {first_name},

Great to see you ordering with Fleek again. I'd love to catch up on what you're sourcing at the moment and how often you're planning to buy, so we can make sure the right bundles and handpicked stock is in front of you. Would a quick call in the next week or two work?

Best,
{sender_name}","WHY NOW: Long-tenured customer returned in Dec-Feb after no Sep-Nov spend.
WHAT WE KNOW:
- Core, AM-Owned / Self-Serving, Account Managed; £2,236 6m GMV; Reseller, Germany; tenure 19 months.
- Momentum: H2 Active / No H1 GMV; Recently Active (last GMV month: February); 2 orders over 2 month(s).
- Dependency: Low (broker reliance 8%; 0 AM-placed / 2 self-serve orders).
- Engagement: 16 product views, 9 app days, 2 offer(s), 0 Fleek chats, 0 video requests; basket Mixed.
- Warnings: LOW_CONFIDENCE.
WHAT TO DO: Welcome-back conversation: what brought them back, what they are sourcing now, how often they plan to buy.
WHAT NOT TO DO: Do not treat them as a brand-new customer.
SUCCESS: New: 2+ orders across 2+ months within 90 days. Returned: orders in at least 2 of the next 3 months.",,,,,Recently Active,Returned Customer,False,Not Eligible,Lumpy,N/A,Once H1/H2 history exists the account leaves this playbook automatically via re-segmentation.,NEW_ACCOUNT,NEW_ACCOUNT,f0c9d7e4576d
ACC-308,P3,Core,2011,1. Migration Candidate,Guided Self-Serve Migration,MIGRATION_PRE_ENTRY,Ready — Human,Draft Ready,Account Manager,False,False,PB03_GUIDED_MIGRATION,AM call + in-app walkthrough; automated milestone tracking,AM encourages a second self-serve checkout.,15,"Day 90: Self-Serve Capability Demonstrated (>=25 PDP views, >=6 app days, self-serve share above baseline) with GMV guardrail held.",GMV guardrail breached (At Risk) -> restore high-touch support; no behaviour change at day 90 -> reassess suitability.,At Risk at day 45; any Key account change; customer pushback on the change.,MATERIAL_BROKER_INCONSISTENCY,Draft ready (not sent),MIG_PREENTRY,"Hi {first_name},

A quick tip: whenever you spot something you like while browsing the Fleek app, you can place the order directly there, at a time that suits you. I'll keep sourcing for you as usual, so nothing changes on my side. Let me know if a short walkthrough of the app would be helpful.

Best,
{sender_name}","WHY NOW: Broker-reliant Core account with healthy spend but only one self-serve order.
WHAT WE KNOW:
- Core, Broker-Reliant, Account Managed; £2,011 6m GMV; Reseller, France; tenure 17 months.
- Momentum: Growing (Sep-Nov £560 -> Dec-Feb £1,450); Recently Active (last GMV month: February); 5 orders over 3 month(s).
- Dependency: High (broker reliance 70%; 4 AM-placed / 1 self-serve orders).
- Engagement: 8 product views, 7 app days, 0 offer(s), 13 Fleek chats, 0 video requests; basket Mixed.
- Warnings: MATERIAL_BROKER_INCONSISTENCY.
WHAT TO DO: Encourage a second self-serve checkout on stock the customer already wants; keep sourcing as usual; re-assess for Phase 1 next run.
WHAT NOT TO DO: Do not reduce sourcing support.
SUCCESS: Day 90: Self-Serve Capability Demonstrated (>=25 PDP views, >=6 app days, self-serve share above baseline) with GMV guardrail held.",,,,,Recently Active,Existing Customer,False,Not Eligible,Regular,Baseline,"Enter 90-day monitoring inputs; migration_progress_status updates (Baseline/Progressing/Capability/At Risk). Day-90 outcomes: Capability Demonstrated, Progressing - Extend, At Risk - Restore support, No Change - Reassess.",NEW_ACCOUNT,NEW_ACCOUNT,560c61f4bb1d
ACC-309,P4,Tail,1910,5. Cost-to-Serve / Low-Touch,Automated Nurture,DORMANT_LOW_VALUE,Ready — Automated,Draft Ready,Automation,False,True,PB08_NURTURE,Email / in-app message,Queue automated message (Automated Nurture).,60,Any (repeat) order within 90 days.,"Order placed, unsubscribe, or 2 unanswered dormant messages (pause 6 months).",Rising Tail accounts that cross the Core line re-route automatically.,,Draft ready (not sent),NUR_DORMANT,"Hi {first_name},

Whenever you're planning your next stock buy, you can browse bundles on the Fleek app at any time. If you're looking for something specific, reply to this message and we'll do our best to help you find it. No pressure, just a friendly reminder that we're here.

Best,
{sender_name}",,,,,Dormant,Recent Inactivity,Existing Customer,False,Not Eligible,Regular,N/A,No repeat send while the logged action is inside its cadence window.,NEW_ACCOUNT,NEW_ACCOUNT,e825aada3171
ACC-310,P3,Tail,1884,5. Cost-to-Serve / Low-Touch,Service Model Review,COST_TO_SERVE_ACTIVE,Ready — Human,Not Started,Portfolio Lead,False,False,PB07_SERVICE_MODEL_REVIEW,Internal review (no customer contact),Portfolio Lead reviews account card and records a service decision.,14,Decision logged; broker effort reduced where agreed without GMV loss.,Decision recorded.,None.,H2_SINGLE_MONTH_SPIKE; NO_FEB_GMV (Feb unconfirmed),None: internal-only review,,,"WHY NOW: Low-value broker-reliant account that is still buying.
WHAT WE KNOW:
- Tail, Broker-Reliant, Account Managed; £1,884 6m GMV; Reseller, United Kingdom; tenure 17 months.
- Momentum: Declining (Sep-Nov £1,516 -> Dec-Feb £369); Recently Active (last GMV month: January); 7 orders over 3 month(s).
- Dependency: High (broker reliance 75%; 5 AM-placed / 2 self-serve orders).
- Engagement: 10 product views, 5 app days, 1 offer(s), 24 Fleek chats, 0 video requests; basket Mixed.
- Warnings: H2_SINGLE_MONTH_SPIKE; NO_FEB_GMV (Feb unconfirmed).
WHAT TO DO: Review the card and decide: maintain support / move to lower-touch / automated nurture / revisit later.
WHAT NOT TO DO: No customer message. No ROI claim (no AM cost data).
SUCCESS: Decision logged; broker effort reduced where agreed without GMV loss.",,,,,Recently Active,Existing Customer,False,Not Eligible,Regular,N/A,Decision stored; account not re-queued unless its NBA changes.,NEW_ACCOUNT,NEW_ACCOUNT,618c111a6d6b
ACC-311,P3,Tail,1817,9. Long-Tail Automated Nurture,Automated Nurture,RISING_TAIL_EARLY,Ready — Automated,Draft Ready,Automation,False,True,PB08_NURTURE,Email / in-app message,Queue automated message (Automated Nurture).,30,Any (repeat) order within 90 days.,"Order placed, unsubscribe, or 2 unanswered dormant messages (pause 6 months).",Rising Tail accounts that cross the Core line re-route automatically.,H2_SINGLE_MONTH_SPIKE; NO_FEB_GMV (Feb unconfirmed),Draft ready (not sent),NUR_RISING,"Hi {first_name},

Thanks for your recent orders with Fleek. Whenever you're planning your next buy, the app is the quickest way to browse bundles and make an offer where a price doesn't quite work. If you're looking for something specific, reply here and we'll help.

Best,
{sender_name}",,,,,Rising tail – early pattern,Recently Active,Returned Customer,True,Not Eligible,Lumpy,N/A,No repeat send while the logged action is inside its cadence window.,NEW_ACCOUNT,NEW_ACCOUNT,d9c6ad7bd10f
ACC-312,P4,Tail,1593,5. Cost-to-Serve / Low-Touch,Automated Nurture,DORMANT_LOW_VALUE,Ready — Automated,Draft Ready,Automation,False,True,PB08_NURTURE,Email / in-app message,Queue automated message (Automated Nurture).,60,Any (repeat) order within 90 days.,"Order placed, unsubscribe, or 2 unanswered dormant messages (pause 6 months).",Rising Tail accounts that cross the Core line re-route automatically.,BORDERLINE_MOMENTUM; MATERIAL_BROKER_INCONSISTENCY; LOW_CONFIDENCE,Draft ready (not sent),NUR_DORMANT,"Hi {first_name},

Whenever you're planning your next stock buy, you can browse bundles on the Fleek app at any time. If you're looking for something specific, reply to this message and we'll do our best to help you find it. No pressure, just a friendly reminder that we're here.

Best,
{sender_name}",,,,,Dormant,No Meaningful History,Existing Customer,False,Not Eligible,Lumpy,N/A,No repeat send while the logged action is inside its cadence window.,NEW_ACCOUNT,NEW_ACCOUNT,fca883535edd
ACC-313,P3,Tail,1336,5. Cost-to-Serve / Low-Touch,Service Model Review,COST_TO_SERVE_ACTIVE,Ready — Human,Not Started,Portfolio Lead,False,False,PB07_SERVICE_MODEL_REVIEW,Internal review (no customer contact),Portfolio Lead reviews account card and records a service decision.,14,Decision logged; broker effort reduced where agreed without GMV loss.,Decision recorded.,None.,FEB_SENSITIVE,None: internal-only review,,,"WHY NOW: Low-value broker-reliant account that is still buying.
WHAT WE KNOW:
- Tail, Broker-Reliant, Account Managed; £1,336 6m GMV; Reseller, United Kingdom; tenure 13 months.
- Momentum: Stable (Sep-Nov £686 -> Dec-Feb £649); Recently Active (last GMV month: February); 5 orders over 3 month(s).
- Dependency: High (broker reliance 80%; 4 AM-placed / 1 self-serve orders).
- Engagement: 7 product views, 6 app days, 1 offer(s), 6 Fleek chats, 1 video requests; basket Mixed.
- Warnings: FEB_SENSITIVE.
WHAT TO DO: Review the card and decide: maintain support / move to lower-touch / automated nurture / revisit later.
WHAT NOT TO DO: No customer message. No ROI claim (no AM cost data).
SUCCESS: Decision logged; broker effort reduced where agreed without GMV loss.",,,,,Recently Active,Existing Customer,False,Not Eligible,Regular,N/A,Decision stored; account not re-queued unless its NBA changes.,NEW_ACCOUNT,NEW_ACCOUNT,36cd01a37a11
ACC-314,P4,Tail,1170,5. Cost-to-Serve / Low-Touch,Automated Nurture,DORMANT_LOW_VALUE,Ready — Automated,Draft Ready,Automation,False,True,PB08_NURTURE,Email / in-app message,Queue automated message (Automated Nurture).,60,Any (repeat) order within 90 days.,"Order placed, unsubscribe, or 2 unanswered dormant messages (pause 6 months).",Rising Tail accounts that cross the Core line re-route automatically.,MATERIAL_BROKER_INCONSISTENCY; LOW_CONFIDENCE,Draft ready (not sent),NUR_DORMANT,"Hi {first_name},

Whenever you're planning your next stock buy, you can browse bundles on the Fleek app at any time. If you're looking for something specific, reply to this message and we'll do our best to help you find it. No pressure, just a friendly reminder that we're here.

Best,
{sender_name}",,,,,Dormant,No Meaningful History,Existing Customer,False,Not Eligible,Lumpy,N/A,No repeat send while the logged action is inside its cadence window.,NEW_ACCOUNT,NEW_ACCOUNT,96c9cb8e3c47
ACC-315,P4,Tail,1062,5. Cost-to-Serve / Low-Touch,Automated Nurture,DORMANT_LOW_VALUE,Ready — Automated,Draft Ready,Automation,False,True,PB08_NURTURE,Email / in-app message,Queue automated message (Automated Nurture).,60,Any (repeat) order within 90 days.,"Order placed, unsubscribe, or 2 unanswered dormant messages (pause 6 months).",Rising Tail accounts that cross the Core line re-route automatically.,LOW_CONFIDENCE,Draft ready (not sent),NUR_DORMANT,"Hi {first_name},

Whenever you're planning your next stock buy, you can browse bundles and handpicked stock on the Fleek app at any time. If you're looking for something specific, reply to this message and we'll do our best to help you find it. No pressure, just a friendly reminder that we're here.

Best,
{sender_name}",,,,,Dormant,No Meaningful History,Existing Customer,False,Not Eligible,Lumpy,N/A,No repeat send while the logged action is inside its cadence window.,NEW_ACCOUNT,NEW_ACCOUNT,9e21a407858c
ACC-316,P4,Tail,998,9. Long-Tail Automated Nurture,Automated Nurture,LONG_TAIL_STANDARD,Ready — Automated,Draft Ready,Automation,False,True,PB08_NURTURE,Email / in-app message,Queue automated message (Automated Nurture).,30,Any (repeat) order within 90 days.,"Order placed, unsubscribe, or 2 unanswered dormant messages (pause 6 months).",Rising Tail accounts that cross the Core line re-route automatically.,LOW_CONFIDENCE,Draft ready (not sent),NUR_RETURNED,"Hi {first_name},

Welcome back to Fleek, and thanks for your recent order. You can browse bundles and handpicked stock in the app whenever it suits you. If there's anything specific you're sourcing at the moment, reply to this message and we'll help point you in the right direction.

Best,
{sender_name}",,,,,Returned customer,Recently Active,Returned Customer,False,Not Eligible,Lumpy,N/A,No repeat send while the logged action is inside its cadence window.,NEW_ACCOUNT,NEW_ACCOUNT,f35144765037
ACC-317,P4,Tail,922,5. Cost-to-Serve / Low-Touch,Automated Nurture,DORMANT_LOW_VALUE,Ready — Automated,Draft Ready,Automation,False,True,PB08_NURTURE,Email / in-app message,Queue automated message (Automated Nurture).,60,Any (repeat) order within 90 days.,"Order placed, unsubscribe, or 2 unanswered dormant messages (pause 6 months).",Rising Tail accounts that cross the Core line re-route automatically.,,Draft ready (not sent),NUR_DORMANT,"Hi {first_name},

Whenever you're planning your next stock buy, you can browse bundles and handpicked stock on the Fleek app at any time. If you're looking for something specific, reply to this message and we'll do our best to help you find it. No pressure, just a friendly reminder that we're here.

Best,
{sender_name}",,,,,Dormant,Recent Inactivity,Existing Customer,False,Not Eligible,Lumpy,N/A,No repeat send while the logged action is inside its cadence window.,NEW_ACCOUNT,NEW_ACCOUNT,72f88603e5d2
ACC-318,P4,Tail,626,9. Long-Tail Automated Nurture,Automated Nurture,LONG_TAIL_STANDARD,Ready — Automated,Draft Ready,Automation,False,True,PB08_NURTURE,Email / in-app message,Queue automated message (Automated Nurture).,30,Any (repeat) order within 90 days.,"Order placed, unsubscribe, or 2 unanswered dormant messages (pause 6 months).",Rising Tail accounts that cross the Core line re-route automatically.,,Draft ready (not sent),NUR_STANDARD,"Hi {first_name},

A quick reminder that you can browse bundles and handpicked stock on the Fleek app whenever you're planning your next buy, at a time that suits you. If there's something specific you're looking for, reply to this message and we'll do our best to help.

Best,
{sender_name}",,,,,Standard long tail,Recently Active,Existing Customer,False,Not Eligible,Regular,N/A,No repeat send while the logged action is inside its cadence window.,NEW_ACCOUNT,NEW_ACCOUNT,a7af2ab24f72
ACC-319,P4,Tail,619,9. Long-Tail Automated Nurture,Automated Nurture,LONG_TAIL_STANDARD,Ready — Automated,Draft Ready,Automation,False,True,PB08_NURTURE,Email / in-app message,Queue automated message (Automated Nurture).,60,Any (repeat) order within 90 days.,"Order placed, unsubscribe, or 2 unanswered dormant messages (pause 6 months).",Rising Tail accounts that cross the Core line re-route automatically.,LOW_CONFIDENCE,Draft ready (not sent),NUR_DORMANT,"Hi {first_name},

Whenever you're planning your next stock buy, you can browse handpicked stock on the Fleek app at any time. If you're looking for something specific, reply to this message and we'll do our best to help you find it. No pressure, just a friendly reminder that we're here.

Best,
{sender_name}",,,,,Dormant,No Meaningful History,Existing Customer,False,Not Eligible,Lumpy,N/A,No repeat send while the logged action is inside its cadence window.,NEW_ACCOUNT,NEW_ACCOUNT,370480312be3
ACC-320,P4,Tail,614,9. Long-Tail Automated Nurture,Automated Nurture,LONG_TAIL_STANDARD,Ready — Automated,Draft Ready,Automation,False,True,PB08_NURTURE,Email / in-app message,Queue automated message (Automated Nurture).,60,Any (repeat) order within 90 days.,"Order placed, unsubscribe, or 2 unanswered dormant messages (pause 6 months).",Rising Tail accounts that cross the Core line re-route automatically.,LOW_CONFIDENCE,Draft ready (not sent),NUR_DORMANT,"Hi {first_name},

Whenever you're planning your next stock buy, you can browse bundles on the Fleek app at any time. If you're looking for something specific, reply to this message and we'll do our best to help you find it. No pressure, just a friendly reminder that we're here.

Best,
{sender_name}",,,,,Dormant,No Meaningful History,Existing Customer,False,Not Eligible,Lumpy,N/A,No repeat send while the logged action is inside its cadence window.,NEW_ACCOUNT,NEW_ACCOUNT,90fe3d1a4327
ACC-321,P4,Tail,607,9. Long-Tail Automated Nurture,Automated Nurture,LONG_TAIL_STANDARD,Ready — Automated,Draft Ready,Automation,False,True,PB08_NURTURE,Email / in-app message,Queue automated message (Automated Nurture).,60,Any (repeat) order within 90 days.,"Order placed, unsubscribe, or 2 unanswered dormant messages (pause 6 months).",Rising Tail accounts that cross the Core line re-route automatically.,LOW_CONFIDENCE,Draft ready (not sent),NUR_DORMANT,"Hi {first_name},

Whenever you're planning your next stock buy, you can browse bundles on the Fleek app at any time. If you're looking for something specific, reply to this message and we'll do our best to help you find it. No pressure, just a friendly reminder that we're here.

Best,
{sender_name}",,,,,Dormant,No Meaningful History,Existing Customer,False,Not Eligible,Lumpy,N/A,No repeat send while the logged action is inside its cadence window.,NEW_ACCOUNT,NEW_ACCOUNT,fe046772254c
ACC-322,P4,Tail,512,9. Long-Tail Automated Nurture,Automated Nurture,LONG_TAIL_STANDARD,Ready — Automated,Draft Ready,Automation,False,True,PB08_NURTURE,Email / in-app message,Queue automated message (Automated Nurture).,60,Any (repeat) order within 90 days.,"Order placed, unsubscribe, or 2 unanswered dormant messages (pause 6 months).",Rising Tail accounts that cross the Core line re-route automatically.,LOW_CONFIDENCE,Draft ready (not sent),NUR_DORMANT,"Hi {first_name},

Whenever you're planning your next stock buy, you can browse bundles on the Fleek app at any time. If you're looking for something specific, reply to this message and we'll do our best to help you find it. No pressure, just a friendly reminder that we're here.

Best,
{sender_name}",,,,,Dormant,No Meaningful History,Existing Customer,False,Not Eligible,Lumpy,N/A,No repeat send while the logged action is inside its cadence window.,NEW_ACCOUNT,NEW_ACCOUNT,f5c1b81dd06b
ACC-323,P4,Tail,484,5. Cost-to-Serve / Low-Touch,Automated Nurture,DORMANT_LOW_VALUE,Ready — Automated,Draft Ready,Automation,False,True,PB08_NURTURE,Email / in-app message,Queue automated message (Automated Nurture).,60,Any (repeat) order within 90 days.,"Order placed, unsubscribe, or 2 unanswered dormant messages (pause 6 months).",Rising Tail accounts that cross the Core line re-route automatically.,LOW_CONFIDENCE,Draft ready (not sent),NUR_DORMANT,"Hi {first_name},

Whenever you're planning your next stock buy, you can browse handpicked stock on the Fleek app at any time. If you're looking for something specific, reply to this message and we'll do our best to help you find it. No pressure, just a friendly reminder that we're here.

Best,
{sender_name}",,,,,Dormant,No Meaningful History,Existing Customer,False,Not Eligible,Lumpy,N/A,No repeat send while the logged action is inside its cadence window.,NEW_ACCOUNT,NEW_ACCOUNT,c552125ab390
ACC-324,P4,Tail,478,9. Long-Tail Automated Nurture,Automated Nurture,LONG_TAIL_STANDARD,Ready — Automated,Draft Ready,Automation,False,True,PB08_NURTURE,Email / in-app message,Queue automated message (Automated Nurture).,60,Any (repeat) order within 90 days.,"Order placed, unsubscribe, or 2 unanswered dormant messages (pause 6 months).",Rising Tail accounts that cross the Core line re-route automatically.,LOW_CONFIDENCE,Draft ready (not sent),NUR_DORMANT,"Hi {first_name},

Whenever you're planning your next stock buy, you can browse bundles on the Fleek app at any time. If you're looking for something specific, reply to this message and we'll do our best to help you find it. No pressure, just a friendly reminder that we're here.

Best,
{sender_name}",,,,,Dormant,No Meaningful History,Existing Customer,False,Not Eligible,Lumpy,N/A,No repeat send while the logged action is inside its cadence window.,NEW_ACCOUNT,NEW_ACCOUNT,4d1b76003b22
ACC-325,P4,Tail,377,9. Long-Tail Automated Nurture,Automated Nurture,LONG_TAIL_STANDARD,Ready — Automated,Draft Ready,Automation,False,True,PB08_NURTURE,Email / in-app message,Queue automated message (Automated Nurture).,60,Any (repeat) order within 90 days.,"Order placed, unsubscribe, or 2 unanswered dormant messages (pause 6 months).",Rising Tail accounts that cross the Core line re-route automatically.,LOW_CONFIDENCE,Draft ready (not sent),NUR_DORMANT,"Hi {first_name},

Whenever you're planning your next stock buy, you can browse bundles and handpicked stock on the Fleek app at any time. If you're looking for something specific, reply to this message and we'll do our best to help you find it. No pressure, just a friendly reminder that we're here.

Best,
{sender_name}",,,,,Dormant,No Meaningful History,Existing Customer,False,Not Eligible,Lumpy,N/A,No repeat send while the logged action is inside its cadence window.,NEW_ACCOUNT,NEW_ACCOUNT,04acf9d29755
ACC-326,P4,Tail,322,9. Long-Tail Automated Nurture,Automated Nurture,LONG_TAIL_STANDARD,Ready — Automated,Draft Ready,Automation,False,True,PB08_NURTURE,Email / in-app message,Queue automated message (Automated Nurture).,60,Any (repeat) order within 90 days.,"Order placed, unsubscribe, or 2 unanswered dormant messages (pause 6 months).",Rising Tail accounts that cross the Core line re-route automatically.,LOW_CONFIDENCE,Draft ready (not sent),NUR_DORMANT,"Hi {first_name},

Whenever you're planning your next stock buy, you can browse bundles on the Fleek app at any time. If you're looking for something specific, reply to this message and we'll do our best to help you find it. No pressure, just a friendly reminder that we're here.

Best,
{sender_name}",,,,,Dormant,No Meaningful History,Existing Customer,False,Not Eligible,Lumpy,N/A,No repeat send while the logged action is inside its cadence window.,NEW_ACCOUNT,NEW_ACCOUNT,dedc35c6bde7
ACC-327,P4,Tail,312,9. Long-Tail Automated Nurture,Automated Nurture,LONG_TAIL_STANDARD,Ready — Automated,Draft Ready,Automation,False,True,PB08_NURTURE,Email / in-app message,Queue automated message (Automated Nurture).,60,Any (repeat) order within 90 days.,"Order placed, unsubscribe, or 2 unanswered dormant messages (pause 6 months).",Rising Tail accounts that cross the Core line re-route automatically.,MATERIAL_BROKER_INCONSISTENCY,Draft ready (not sent),NUR_DORMANT,"Hi {first_name},

Whenever you're planning your next stock buy, you can browse bundles on the Fleek app at any time. If you're looking for something specific, reply to this message and we'll do our best to help you find it. No pressure, just a friendly reminder that we're here.

Best,
{sender_name}",,,,,Dormant,Recent Inactivity,Existing Customer,False,Not Eligible,Lumpy,N/A,No repeat send while the logged action is inside its cadence window.,NEW_ACCOUNT,NEW_ACCOUNT,76b954533fbf
ACC-328,P4,Tail,289,9. Long-Tail Automated Nurture,Automated Nurture,LONG_TAIL_STANDARD,Ready — Automated,Draft Ready,Automation,False,True,PB08_NURTURE,Email / in-app message,Queue automated message (Automated Nurture).,60,Any (repeat) order within 90 days.,"Order placed, unsubscribe, or 2 unanswered dormant messages (pause 6 months).",Rising Tail accounts that cross the Core line re-route automatically.,LOW_CONFIDENCE,Draft ready (not sent),NUR_DORMANT,"Hi {first_name},

Whenever you're planning your next stock buy, you can browse bundles on the Fleek app at any time. If you're looking for something specific, reply to this message and we'll do our best to help you find it. No pressure, just a friendly reminder that we're here.

Best,
{sender_name}",,,,,Dormant,No Meaningful History,Existing Customer,False,Not Eligible,Lumpy,N/A,No repeat send while the logged action is inside its cadence window.,NEW_ACCOUNT,NEW_ACCOUNT,33aeebc57177
ACC-329,P4,Tail,263,9. Long-Tail Automated Nurture,Automated Nurture,LONG_TAIL_STANDARD,Ready — Automated,Draft Ready,Automation,False,True,PB08_NURTURE,Email / in-app message,Queue automated message (Automated Nurture).,60,Any (repeat) order within 90 days.,"Order placed, unsubscribe, or 2 unanswered dormant messages (pause 6 months).",Rising Tail accounts that cross the Core line re-route automatically.,LOW_CONFIDENCE,Draft ready (not sent),NUR_DORMANT,"Hi {first_name},

Whenever you're planning your next stock buy, you can browse bundles on the Fleek app at any time. If you're looking for something specific, reply to this message and we'll do our best to help you find it. No pressure, just a friendly reminder that we're here.

Best,
{sender_name}",,,,,Dormant,No Meaningful History,Existing Customer,False,Not Eligible,Lumpy,N/A,No repeat send while the logged action is inside its cadence window.,NEW_ACCOUNT,NEW_ACCOUNT,e2e812e4313d
ACC-330,P4,Tail,218,9. Long-Tail Automated Nurture,Automated Nurture,LONG_TAIL_STANDARD,Ready — Automated,Draft Ready,Automation,False,True,PB08_NURTURE,Email / in-app message,Queue automated message (Automated Nurture).,60,Any (repeat) order within 90 days.,"Order placed, unsubscribe, or 2 unanswered dormant messages (pause 6 months).",Rising Tail accounts that cross the Core line re-route automatically.,LOW_CONFIDENCE,Draft ready (not sent),NUR_DORMANT,"Hi {first_name},

Whenever you're planning your next stock buy, you can browse bundles on the Fleek app at any time. If you're looking for something specific, reply to this message and we'll do our best to help you find it. No pressure, just a friendly reminder that we're here.

Best,
{sender_name}",,,,,Dormant,No Meaningful History,Existing Customer,False,Not Eligible,Lumpy,N/A,No repeat send while the logged action is inside its cadence window.,NEW_ACCOUNT,NEW_ACCOUNT,91567a692bc6
ACC-331,P4,Tail,187,9. Long-Tail Automated Nurture,Automated Nurture,LONG_TAIL_STANDARD,Ready — Automated,Draft Ready,Automation,False,True,PB08_NURTURE,Email / in-app message,Queue automated message (Automated Nurture).,60,Any (repeat) order within 90 days.,"Order placed, unsubscribe, or 2 unanswered dormant messages (pause 6 months).",Rising Tail accounts that cross the Core line re-route automatically.,LOW_CONFIDENCE,Draft ready (not sent),NUR_DORMANT,"Hi {first_name},

Whenever you're planning your next stock buy, you can browse bundles on the Fleek app at any time. If you're looking for something specific, reply to this message and we'll do our best to help you find it. No pressure, just a friendly reminder that we're here.

Best,
{sender_name}",,,,,Dormant,No Meaningful History,Existing Customer,False,Not Eligible,Lumpy,N/A,No repeat send while the logged action is inside its cadence window.,NEW_ACCOUNT,NEW_ACCOUNT,06455cade58a
ACC-332,P4,Tail,181,9. Long-Tail Automated Nurture,Automated Nurture,LONG_TAIL_STANDARD,Ready — Automated,Draft Ready,Automation,False,True,PB08_NURTURE,Email / in-app message,Queue automated message (Automated Nurture).,60,Any (repeat) order within 90 days.,"Order placed, unsubscribe, or 2 unanswered dormant messages (pause 6 months).",Rising Tail accounts that cross the Core line re-route automatically.,LOW_CONFIDENCE,Draft ready (not sent),NUR_DORMANT,"Hi {first_name},

Whenever you're planning your next stock buy, you can browse bundles on the Fleek app at any time. If you're looking for something specific, reply to this message and we'll do our best to help you find it. No pressure, just a friendly reminder that we're here.

Best,
{sender_name}",,,,,Dormant,No Meaningful History,Existing Customer,False,Not Eligible,Lumpy,N/A,No repeat send while the logged action is inside its cadence window.,NEW_ACCOUNT,NEW_ACCOUNT,990096ea67ba
ACC-333,P4,Tail,180,9. Long-Tail Automated Nurture,Automated Nurture,LONG_TAIL_STANDARD,Ready — Automated,Draft Ready,Automation,False,True,PB08_NURTURE,Email / in-app message,Queue automated message (Automated Nurture).,30,Any (repeat) order within 90 days.,"Order placed, unsubscribe, or 2 unanswered dormant messages (pause 6 months).",Rising Tail accounts that cross the Core line re-route automatically.,NO_FEB_GMV (Feb unconfirmed); LOW_CONFIDENCE,Draft ready (not sent),NUR_RETURNED,"Hi {first_name},

Welcome back to Fleek, and thanks for your recent order. You can browse bundles in the app whenever it suits you. If there's anything specific you're sourcing at the moment, reply to this message and we'll help point you in the right direction.

Best,
{sender_name}",,,,,Returned customer,Recently Active,Returned Customer,False,Not Eligible,Lumpy,N/A,No repeat send while the logged action is inside its cadence window.,NEW_ACCOUNT,NEW_ACCOUNT,0cb18308da4f
ACC-334,P4,Tail,179,9. Long-Tail Automated Nurture,Automated Nurture,LONG_TAIL_STANDARD,Ready — Automated,Draft Ready,Automation,False,True,PB08_NURTURE,Email / in-app message,Queue automated message (Automated Nurture).,60,Any (repeat) order within 90 days.,"Order placed, unsubscribe, or 2 unanswered dormant messages (pause 6 months).",Rising Tail accounts that cross the Core line re-route automatically.,LOW_CONFIDENCE,Draft ready (not sent),NUR_DORMANT,"Hi {first_name},

Whenever you're planning your next stock buy, you can browse bundles on the Fleek app at any time. If you're looking for something specific, reply to this message and we'll do our best to help you find it. No pressure, just a friendly reminder that we're here.

Best,
{sender_name}",,,,,Dormant,No Meaningful History,Existing Customer,False,Not Eligible,Lumpy,N/A,No repeat send while the logged action is inside its cadence window.,NEW_ACCOUNT,NEW_ACCOUNT,7435936fab67
ACC-335,P4,Tail,171,9. Long-Tail Automated Nurture,Automated Nurture,LONG_TAIL_STANDARD,Ready — Automated,Draft Ready,Automation,False,True,PB08_NURTURE,Email / in-app message,Queue automated message (Automated Nurture).,60,Any (repeat) order within 90 days.,"Order placed, unsubscribe, or 2 unanswered dormant messages (pause 6 months).",Rising Tail accounts that cross the Core line re-route automatically.,LOW_CONFIDENCE,Draft ready (not sent),NUR_DORMANT,"Hi {first_name},

Whenever you're planning your next stock buy, you can browse bundles on the Fleek app at any time. If you're looking for something specific, reply to this message and we'll do our best to help you find it. No pressure, just a friendly reminder that we're here.

Best,
{sender_name}",,,,,Dormant,No Meaningful History,Existing Customer,False,Not Eligible,Lumpy,N/A,No repeat send while the logged action is inside its cadence window.,NEW_ACCOUNT,NEW_ACCOUNT,4622ddc113c7
ACC-336,P4,Tail,159,9. Long-Tail Automated Nurture,Automated Nurture,LONG_TAIL_STANDARD,Ready — Automated,Draft Ready,Automation,False,True,PB08_NURTURE,Email / in-app message,Queue automated message (Automated Nurture).,60,Any (repeat) order within 90 days.,"Order placed, unsubscribe, or 2 unanswered dormant messages (pause 6 months).",Rising Tail accounts that cross the Core line re-route automatically.,LOW_CONFIDENCE,Draft ready (not sent),NUR_DORMANT,"Hi {first_name},

Whenever you're planning your next stock buy, you can browse bundles on the Fleek app at any time. If you're looking for something specific, reply to this message and we'll do our best to help you find it. No pressure, just a friendly reminder that we're here.

Best,
{sender_name}",,,,,Dormant,No Meaningful History,Existing Customer,False,Not Eligible,Lumpy,N/A,No repeat send while the logged action is inside its cadence window.,NEW_ACCOUNT,NEW_ACCOUNT,c2d236d09627
ACC-337,P4,Tail,136,9. Long-Tail Automated Nurture,Automated Nurture,LONG_TAIL_STANDARD,Ready — Automated,Draft Ready,Automation,False,True,PB08_NURTURE,Email / in-app message,Queue automated message (Automated Nurture).,60,Any (repeat) order within 90 days.,"Order placed, unsubscribe, or 2 unanswered dormant messages (pause 6 months).",Rising Tail accounts that cross the Core line re-route automatically.,LOW_CONFIDENCE,Draft ready (not sent),NUR_DORMANT,"Hi {first_name},

Whenever you're planning your next stock buy, you can browse bundles on the Fleek app at any time. If you're looking for something specific, reply to this message and we'll do our best to help you find it. No pressure, just a friendly reminder that we're here.

Best,
{sender_name}",,,,,Dormant,No Meaningful History,Existing Customer,False,Not Eligible,Lumpy,N/A,No repeat send while the logged action is inside its cadence window.,NEW_ACCOUNT,NEW_ACCOUNT,463466a9e706
ACC-338,P4,Tail,124,9. Long-Tail Automated Nurture,Automated Nurture,LONG_TAIL_STANDARD,Ready — Automated,Draft Ready,Automation,False,True,PB08_NURTURE,Email / in-app message,Queue automated message (Automated Nurture).,60,Any (repeat) order within 90 days.,"Order placed, unsubscribe, or 2 unanswered dormant messages (pause 6 months).",Rising Tail accounts that cross the Core line re-route automatically.,LOW_CONFIDENCE,Draft ready (not sent),NUR_DORMANT,"Hi {first_name},

Whenever you're planning your next stock buy, you can browse bundles on the Fleek app at any time. If you're looking for something specific, reply to this message and we'll do our best to help you find it. No pressure, just a friendly reminder that we're here.

Best,
{sender_name}",,,,,Dormant,No Meaningful History,Existing Customer,False,Not Eligible,Lumpy,N/A,No repeat send while the logged action is inside its cadence window.,NEW_ACCOUNT,NEW_ACCOUNT,a1a856eac763
ACC-339,P4,Tail,96,9. Long-Tail Automated Nurture,Automated Nurture,LONG_TAIL_STANDARD,Ready — Automated,Draft Ready,Automation,False,True,PB08_NURTURE,Email / in-app message,Queue automated message (Automated Nurture).,60,Any (repeat) order within 90 days.,"Order placed, unsubscribe, or 2 unanswered dormant messages (pause 6 months).",Rising Tail accounts that cross the Core line re-route automatically.,LOW_CONFIDENCE,Draft ready (not sent),NUR_DORMANT,"Hi {first_name},

Whenever you're planning your next stock buy, you can browse bundles on the Fleek app at any time. If you're looking for something specific, reply to this message and we'll do our best to help you find it. No pressure, just a friendly reminder that we're here.

Best,
{sender_name}",,,,,Dormant,No Meaningful History,Existing Customer,False,Not Eligible,Lumpy,N/A,No repeat send while the logged action is inside its cadence window.,NEW_ACCOUNT,NEW_ACCOUNT,7a26e8748540
ACC-340,P4,Tail,95,9. Long-Tail Automated Nurture,Automated Nurture,LONG_TAIL_STANDARD,Ready — Automated,Draft Ready,Automation,False,True,PB08_NURTURE,Email / in-app message,Queue automated message (Automated Nurture).,60,Any (repeat) order within 90 days.,"Order placed, unsubscribe, or 2 unanswered dormant messages (pause 6 months).",Rising Tail accounts that cross the Core line re-route automatically.,LOW_CONFIDENCE,Draft ready (not sent),NUR_DORMANT,"Hi {first_name},

Whenever you're planning your next stock buy, you can browse bundles on the Fleek app at any time. If you're looking for something specific, reply to this message and we'll do our best to help you find it. No pressure, just a friendly reminder that we're here.

Best,
{sender_name}",,,,,Dormant,No Meaningful History,Existing Customer,False,Not Eligible,Lumpy,N/A,No repeat send while the logged action is inside its cadence window.,NEW_ACCOUNT,NEW_ACCOUNT,a07894e4e0c3
ACC-341,P4,Tail,415,9. Long-Tail Automated Nurture,Automated Nurture,LONG_TAIL_STANDARD,Ready — Automated,Draft Ready,Automation,False,False,PB08_NURTURE,Email / in-app message,Queue automated message (Automated Nurture).,30,Any (repeat) order within 90 days.,"Order placed, unsubscribe, or 2 unanswered dormant messages (pause 6 months).",Rising Tail accounts that cross the Core line re-route automatically.,LOW_CONFIDENCE,Draft ready (not sent),NUR_NEW,"Hi {first_name},

Thanks for ordering with Fleek. As you get started, you can browse available stock in the app whenever suits you, and use Make an Offer if a price doesn't quite work. If you're looking for something specific, reply here and we'll help.

Best,
{sender_name}",,,,,New customer onboarding,No Meaningful History,New Customer,False,Not Eligible,Lumpy,N/A,No repeat send while the logged action is inside its cadence window.,NEW_ACCOUNT,NEW_ACCOUNT,257d2ea8c08b
ACC-342,P4,Tail,363,9. Long-Tail Automated Nurture,Automated Nurture,LONG_TAIL_STANDARD,Ready — Automated,Draft Ready,Automation,False,False,PB08_NURTURE,Email / in-app message,Queue automated message (Automated Nurture).,60,Any (repeat) order within 90 days.,"Order placed, unsubscribe, or 2 unanswered dormant messages (pause 6 months).",Rising Tail accounts that cross the Core line re-route automatically.,LOW_CONFIDENCE,Draft ready (not sent),NUR_DORMANT,"Hi {first_name},

Whenever you're planning your next stock buy, you can browse bundles on the Fleek app at any time. If you're looking for something specific, reply to this message and we'll do our best to help you find it. No pressure, just a friendly reminder that we're here.

Best,
{sender_name}",,,,,Dormant,No Meaningful History,Existing Customer,False,Not Eligible,Lumpy,N/A,No repeat send while the logged action is inside its cadence window.,NEW_ACCOUNT,NEW_ACCOUNT,9fb9fdd93ac8
ACC-343,P4,Tail,294,9. Long-Tail Automated Nurture,Automated Nurture,LONG_TAIL_STANDARD,Ready — Automated,Draft Ready,Automation,False,False,PB08_NURTURE,Email / in-app message,Queue automated message (Automated Nurture).,60,Any (repeat) order within 90 days.,"Order placed, unsubscribe, or 2 unanswered dormant messages (pause 6 months).",Rising Tail accounts that cross the Core line re-route automatically.,LOW_CONFIDENCE,Draft ready (not sent),NUR_DORMANT,"Hi {first_name},

Whenever you're planning your next stock buy, you can browse bundles on the Fleek app at any time. If you're looking for something specific, reply to this message and we'll do our best to help you find it. No pressure, just a friendly reminder that we're here.

Best,
{sender_name}",,,,,Dormant,No Meaningful History,Existing Customer,False,Not Eligible,Lumpy,N/A,No repeat send while the logged action is inside its cadence window.,NEW_ACCOUNT,NEW_ACCOUNT,c9c78fc9e850
ACC-344,P4,Tail,138,9. Long-Tail Automated Nurture,Automated Nurture,LONG_TAIL_STANDARD,Ready — Automated,Draft Ready,Automation,False,False,PB08_NURTURE,Email / in-app message,Queue automated message (Automated Nurture).,30,Any (repeat) order within 90 days.,"Order placed, unsubscribe, or 2 unanswered dormant messages (pause 6 months).",Rising Tail accounts that cross the Core line re-route automatically.,FEB_SENSITIVE; LOW_CONFIDENCE,Draft ready (not sent),NUR_NEW,"Hi {first_name},

Thanks for ordering with Fleek. As you get started, you can browse available stock in the app whenever suits you, and use Make an Offer if a price doesn't quite work. If you're looking for something specific, reply here and we'll help.

Best,
{sender_name}",,,,,New customer onboarding,Recently Active,New Customer,False,Not Eligible,Lumpy,N/A,No repeat send while the logged action is inside its cadence window.,NEW_ACCOUNT,NEW_ACCOUNT,5828be6a4b56
ACC-345,P4,Tail,37,9. Long-Tail Automated Nurture,Automated Nurture,LONG_TAIL_STANDARD,Ready — Automated,Draft Ready,Automation,False,False,PB08_NURTURE,Email / in-app message,Queue automated message (Automated Nurture).,30,Any (repeat) order within 90 days.,"Order placed, unsubscribe, or 2 unanswered dormant messages (pause 6 months).",Rising Tail accounts that cross the Core line re-route automatically.,NO_FEB_GMV (Feb unconfirmed); LOW_CONFIDENCE,Draft ready (not sent),NUR_NEW,"Hi {first_name},

Thanks for ordering with Fleek. As you get started, you can browse available stock in the app whenever suits you, and use Make an Offer if a price doesn't quite work. If you're looking for something specific, reply here and we'll help.

Best,
{sender_name}",,,,,New customer onboarding,Recently Active,New Customer,False,Not Eligible,Lumpy,N/A,No repeat send while the logged action is inside its cadence window.,NEW_ACCOUNT,NEW_ACCOUNT,6195433843b5
